N,c,force,force_over_N_1p5,strain,hookean_strain,newton_iterations,relative_gradient,local_exponent
6.400000000000000000e+01,5.000000000000000000e-01,2.341306459336871527e-06,4.572864178392327200e-09,2.862101130420612470e-08,2.862106484304399701e-08,1.000000000000000000e+00,1.763286902316820491e-14,1.000001987052306029e+00
6.400000000000000000e+01,5.000000000000000000e-01,2.498735979135538049e-06,4.880343709249097751e-09,3.054548505265524628e-08,3.054554614125179188e-08,1.000000000000000000e+00,9.260420939310701759e-17,1.000002044863251172e+00
6.400000000000000000e+01,5.000000000000000000e-01,2.666751064785789893e-06,5.208498173409745885e-09,3.259935996547474704e-08,3.259942962234355545e-08,1.000000000000000000e+00,5.515897526074464675e-17,1.000002126590601392e+00
6.400000000000000000e+01,5.000000000000000000e-01,2.846063490067663602e-06,5.558717754038405473e-09,3.479133708365324043e-08,3.479141629315706137e-08,1.000000000000000000e+00,2.302481311232146061e-16,1.000002231805424913e+00
6.400000000000000000e+01,5.000000000000000000e-01,3.037432888452524178e-06,5.932486110258836285e-09,3.713070209177696718e-08,3.713079221650317969e-08,1.000000000000000000e+00,4.314833118218603647e-16,1.000002479588545157e+00
6.400000000000000000e+01,5.000000000000000000e-01,3.241669971190165504e-06,6.331386662480792000e-09,3.962736484199076358e-08,3.962746785034727606e-08,1.000000000000000000e+00,3.700824068744591876e-16,1.000002594885799567e+00
6.400000000000000000e+01,5.000000000000000000e-01,3.459639961780277744e-06,6.757109300352104968e-09,4.229190309680951111e-08,4.229202003215957673e-08,1.000000000000000000e+00,1.880231745964003870e-16,1.000002736298455375e+00
6.400000000000000000e+01,5.000000000000000000e-01,3.692266261377821697e-06,7.211457541753558001e-09,4.513560338535283888e-08,4.513573678629369347e-08,1.000000000000000000e+00,4.909737648494725017e-16,1.000002958594620850e+00
6.400000000000000000e+01,5.000000000000000000e-01,3.940534360660375607e-06,7.696356173164796108e-09,4.817051340590349084e-08,4.817066514421476827e-08,1.000000000000000000e+00,4.600644754401926762e-16,1.000003158998993058e+00
6.400000000000000000e+01,5.000000000000000000e-01,4.205496014729630744e-06,8.213859403768810048e-09,5.140948909939915854e-08,5.140966218016204827e-08,1.000000000000000000e+00,7.791005002593350519e-16,1.000003398336545501e+00
6.400000000000000000e+01,5.000000000000000000e-01,4.488273698733292479e-06,8.766159567838461873e-09,5.486625238107067062e-08,5.486644947844973393e-08,1.000000000000000000e+00,1.521942146208039250e-16,1.000003575646147169e+00
6.400000000000000000e+01,5.000000000000000000e-01,4.790065363083244623e-06,9.355596412271962154e-09,5.855544687368410486e-08,5.855567126315218196e-08,1.000000000000000000e+00,2.736082973698807302e-16,1.000003862796617682e+00
6.400000000000000000e+01,5.000000000000000000e-01,5.112149508414664300e-06,9.984667008622391211e-09,6.249270052417225697e-08,6.249295643643014110e-08,1.000000000000000000e+00,3.845549599820124935e-16,1.000004107998648806e+00
6.400000000000000000e+01,5.000000000000000000e-01,5.455890601785522933e-06,1.065603633161234948e-08,6.669469354934405247e-08,6.669498478831564151e-08,1.000000000000000000e+00,4.804354536670398404e-16,1.000004343291251985e+00
6.400000000000000000e+01,5.000000000000000000e-01,5.822744857061637472e-06,1.137254854894851069e-08,7.117922593751283519e-08,7.117955765844650160e-08,1.000000000000000000e+00,4.457555105721283622e-16,1.000004676990712937e+00
6.400000000000000000e+01,5.000000000000000000e-01,6.214266403974808020e-06,1.213723907026329691e-08,7.596529538623093398e-08,7.596567334909579997e-08,1.000000000000000000e+00,6.327062106726807964e-16,1.000004979255948001e+00
6.400000000000000000e+01,5.000000000000000000e-01,6.632113871988811459e-06,1.295334740622814738e-08,8.107317723843638084e-08,8.107360760897810179e-08,1.000000000000000000e+00,3.952289363697560956e-16,1.000005323296136339e+00
6.400000000000000000e+01,5.000000000000000000e-01,7.078057416864618777e-06,1.382433089231370855e-08,8.652450908154859450e-08,8.652499952878784447e-08,1.000000000000000000e+00,7.406561349911489756e-16,1.000005686858187914e+00
6.400000000000000000e+01,5.000000000000000000e-01,7.553986219692075995e-06,1.475387933533608593e-08,9.234238467245183083e-08,9.234294321235629514e-08,1.000000000000000000e+00,6.939920891495466896e-16,1.000006047984527413e+00
6.400000000000000000e+01,5.000000000000000000e-01,8.061916490156853716e-06,1.574593064483760491e-08,9.855144941680659066e-08,9.855208561178176058e-08,1.000000000000000000e+00,8.128350614136317534e-16,1.000006463487977726e+00
6.400000000000000000e+01,5.000000000000000000e-01,8.604000007947096168e-06,1.680468751552167220e-08,1.051780062844760013e-07,1.051787309409943435e-07,1.000000000000000000e+00,7.616234797485674515e-16,1.000006889452492942e+00
6.400000000000000000e+01,5.000000000000000000e-01,9.182533238484751281e-06,1.793463523141552985e-08,1.122501268319987309e-07,1.122509521100948295e-07,1.000000000000000000e+00,1.284549147578537309e-15,1.000007357415839238e+00
6.400000000000000000e+01,5.000000000000000000e-01,9.799967061598806585e-06,1.914056066718516911e-08,1.197977695525576096e-07,1.197987096525402093e-07,1.000000000000000000e+00,1.203617854308819810e-15,1.000007865444302979e+00
6.400000000000000000e+01,5.000000000000000000e-01,1.045891715435480612e-05,2.042757256709923070e-08,1.278529077738934326e-07,1.278539786489965656e-07,1.000000000000000000e+00,1.378404535413033022e-15,1.000008388455128738e+00
6.400000000000000000e+01,5.000000000000000000e-01,1.116217507202634509e-05,2.180112318755145525e-08,1.364496644396319435e-07,1.364508841855584339e-07,1.000000000000000000e+00,1.761218196528398460e-15,1.000008933058666116e+00
6.400000000000000000e+01,5.000000000000000000e-01,1.191272007415112600e-05,2.326703139482641796e-08,1.456244568826533766e-07,1.456258459201790896e-07,1.000000000000000000e+00,1.980306015272684716e-15,1.000009543505683496e+00
6.400000000000000000e+01,5.000000000000000000e-01,1.271373174577173361e-05,2.483150731596041721e-08,1.554161500361965054e-07,1.554177323697563543e-07,1.000000000000000000e+00,2.267881610095915024e-15,1.000010193090147936e+00
6.400000000000000000e+01,5.000000000000000000e-01,1.356860346732879275e-05,2.650117864712654833e-08,1.658662234117742670e-07,1.658680255714840485e-07,1.000000000000000000e+00,1.931815256236085843e-15,1.000010871245734734e+00
6.400000000000000000e+01,5.000000000000000000e-01,1.448095679027016803e-05,2.828311873099642194e-08,1.770189440723446213e-07,1.770209968160376752e-07,1.000000000000000000e+00,2.896166139932196407e-15,1.000011611172183734e+00
6.400000000000000000e+01,5.000000000000000000e-01,1.545465677927683625e-05,3.018487652202507080e-08,1.889215560368417840e-07,1.889238941970683470e-07,1.000000000000000000e+00,2.713697094244745781e-15,1.000012385618305188e+00
6.400000000000000000e+01,5.000000000000000000e-01,1.649382838610009199e-05,3.221450856660174216e-08,2.016244796767816243e-07,2.016271427715255932e-07,1.000000000000000000e+00,3.814086400256210460e-15,1.000013216190708931e+00
6.400000000000000000e+01,5.000000000000000000e-01,1.760287392437652850e-05,3.438061313354790723e-08,2.151815248797087466e-07,2.151845581787716924e-07,1.000000000000000000e+00,3.722692740385865051e-15,1.000014112935588173e+00
6.400000000000000000e+01,5.000000000000000000e-01,1.878649171944981829e-05,3.669236663955042636e-08,2.296501195338089016e-07,2.296535746234485583e-07,1.000000000000000000e+00,4.604357350738107391e-15,1.000015052191457698e+00
6.400000000000000000e+01,5.000000000000000000e-01,2.004969601220707077e-05,3.915956252384193509e-08,2.450915531116534496e-07,2.450954881879192708e-07,1.000000000000000000e+00,5.490884042566395520e-15,1.000016065073396021e+00
6.400000000000000000e+01,5.000000000000000000e-01,2.139783820125010290e-05,4.179265273681660722e-08,2.615712342428664832e-07,2.615757165050496562e-07,1.000000000000000000e+00,6.002428032028213013e-15,1.000017150531718357e+00
6.400000000000000000e+01,5.000000000000000000e-01,2.283662951339067429e-05,4.460279201834116073e-08,2.791589707134269884e-07,2.791640758913928882e-07,1.000000000000000000e+00,7.001621294026490551e-15,1.000018302618471466e+00
6.400000000000000000e+01,5.000000000000000000e-01,2.437216519851043259e-05,4.760188515334068865e-08,2.979292621216582219e-07,2.979350771148159136e-07,1.000000000000000000e+00,7.528435301078864884e-15,1.000019529398187501e+00
6.400000000000000000e+01,5.000000000000000000e-01,2.601095035128452140e-05,5.080263740485258087e-08,3.179616180695156922e-07,3.179682410495574687e-07,1.000000000000000000e+00,8.666485901263582496e-15,1.000020844486726901e+00
6.400000000000000000e+01,5.000000000000000000e-01,2.775992746915808385e-05,5.421860833819938252e-08,3.393408916751407092e-07,3.393484355559345822e-07,1.000000000000000000e+00,9.631250022103162789e-15,1.000022251465907175e+00
6.400000000000000000e+01,5.000000000000000000e-01,2.962650586332235512e-05,5.786426926430147484e-08,3.621576426175654000e-07,3.621662350118553584e-07,1.000000000000000000e+00,1.132479520900862648e-14,1.000023736405282193e+00
6.400000000000000000e+01,5.000000000000000000e-01,3.161859304728557700e-05,6.175506454547964257e-08,3.865085175011411721e-07,3.865183040192405501e-07,1.000000000000000000e+00,1.276671052814161355e-14,1.000025336041332480e+00
6.400000000000000000e+01,5.000000000000000000e-01,3.374462823601242085e-05,6.590747702346175948e-08,4.124966599742267745e-07,4.125078069108776997e-07,1.000000000000000000e+00,1.475875743393222204e-14,1.000027044924905795e+00
6.400000000000000000e+01,5.000000000000000000e-01,3.601361809754669214e-05,7.033909784677088309e-08,4.402321483817270197e-07,4.402448447925290496e-07,1.000000000000000000e+00,1.674024980142032734e-14,1.000028862272174024e+00
6.400000000000000000e+01,5.000000000000000000e-01,3.843517490857400722e-05,7.506870099330860785e-08,4.698324607294817635e-07,4.698469219717624032e-07,1.000000000000000000e+00,1.936824826822586941e-14,1.000030800390035779e+00
6.400000000000000000e+01,5.000000000000000000e-01,4.101955727556595900e-05,8.011632280383976367e-08,5.014229725116721494e-07,5.014394437494736114e-07,1.000000000000000000e+00,2.159865012701070864e-14,1.000032870808766461e+00
6.400000000000000000e+01,5.000000000000000000e-01,4.377771359401540511e-05,8.550334686331133812e-08,5.351374869572109685e-07,5.351562476829286522e-07,1.000000000000000000e+00,2.514763256865531154e-14,1.000035079539756566e+00
6.400000000000000000e+01,5.000000000000000000e-01,4.672132842987136811e-05,9.125259458959251585e-08,5.711188023581219733e-07,5.711401705709395394e-07,1.000000000000000000e+00,2.816368255880595772e-14,1.000037441691404183e+00
6.400000000000000000e+01,5.000000000000000000e-01,4.986287201966431372e-05,9.738842191340686274e-08,6.095193149256672716e-07,6.095436535631573795e-07,1.000000000000000000e+00,3.217177733224679302e-14,1.000039959873404882e+00
6.400000000000000000e+01,5.000000000000000000e-01,5.321565309902014801e-05,1.039368224590237266e-07,6.505016665001857302e-07,6.505293879569167735e-07,1.000000000000000000e+00,3.684369169799701771e-14,1.000042642687219541e+00
6.400000000000000000e+01,5.000000000000000000e-01,5.679387528336589744e-05,1.109255376628240184e-07,6.942394297872621151e-07,6.942710044174909176e-07,1.000000000000000000e+00,4.190687734311115260e-14,1.000045510118454217e+00
6.400000000000000000e+01,5.000000000000000000e-01,6.061269723967585495e-05,1.183841742962419042e-07,7.409178453311980462e-07,7.409538085415371976e-07,1.000000000000000000e+00,4.722369907094062940e-14,1.000048571637066175e+00
6.400000000000000000e+01,5.000000000000000000e-01,6.468829690416692997e-05,1.263443298909510351e-07,7.907346037866119253e-07,7.907755658798420241e-07,1.000000000000000000e+00,5.429753024659169898e-14,1.000051838865758214e+00
6.400000000000000000e+01,5.000000000000000000e-01,6.903794001799540595e-05,1.348397265976472773e-07,8.439006841464566810e-07,8.439473397450388170e-07,1.000000000000000000e+00,6.181125943585998638e-14,1.000055323237475591e+00
6.400000000000000000e+01,5.000000000000000000e-01,7.368005327129445231e-05,1.439063540454969772e-07,9.006412448179894675e-07,9.006943853535220901e-07,1.000000000000000000e+00,7.015490141982125109e-14,1.000059043224609923e+00
6.400000000000000000e+01,5.000000000000000000e-01,7.863430236542004817e-05,1.535826218074610316e-07,9.611965773168470488e-07,9.612571040895058090e-07,1.000000000000000000e+00,8.013523022395444326e-14,1.000063012226490855e+00
6.400000000000000000e+01,5.000000000000000000e-01,8.392167532410476835e-05,1.639095221173921257e-07,1.025823122357388406e-06,1.025892061933825762e-06,1.000000000000000000e+00,9.095326953959458366e-14,1.000067246381391328e+00
6.400000000000000000e+01,5.000000000000000000e-01,8.956457140645506876e-05,1.749308035282325562e-07,1.094794555000890157e-06,1.094873076371914430e-06,1.000000000000000000e+00,1.036019972335183103e-13,1.000071769647405517e+00
6.400000000000000000e+01,5.000000000000000000e-01,9.558689599846315727e-05,1.866931562469983540e-07,1.168402940860262944e-06,1.168492376385523439e-06,1.000000000000000000e+00,1.184640389153536276e-13,1.000076596439257060e+00
6.400000000000000000e+01,5.000000000000000000e-01,1.020141618850252852e-04,1.992464099316900101e-07,1.246959974241797997e-06,1.247061840442305096e-06,1.000000000000000000e+00,1.348449044171750261e-13,1.000081742609040703e+00
6.400000000000000000e+01,5.000000000000000000e-01,1.088735973314946371e-04,2.126437447880754631e-07,1.330798293339306874e-06,1.330914317727862599e-06,1.000000000000000000e+00,1.535065632717079430e-13,1.000087238989436855e+00
6.400000000000000000e+01,5.000000000000000000e-01,1.161942614326416949e-04,2.269419168606283103e-07,1.420272887580100244e-06,1.420405038217489525e-06,1.000000000000000000e+00,1.746955787635339553e-13,1.000093106052702296e+00
6.400000000000000000e+01,5.000000000000000000e-01,1.240071672176804105e-04,2.422014984720320519e-07,1.515762599343714872e-06,1.515913117561157002e-06,1.000000000000000000e+00,1.993693042777847200e-13,1.000099365219725200e+00
6.400000000000000000e+01,5.000000000000000000e-01,1.323454130328831173e-04,2.584871348298498385e-07,1.617671724716846855e-06,1.617843163157046022e-06,1.000000000000000000e+00,2.265783761638888135e-13,1.000106045332501026e+00
6.400000000000000000e+01,5.000000000000000000e-01,1.412443227583636874e-04,2.758678178874290770e-07,1.726431721944830608e-06,1.726626988217483309e-06,1.000000000000000000e+00,2.584753491616412581e-13,1.000113175283019018e+00
6.400000000000000000e+01,5.000000000000000000e-01,1.507415954530433170e-04,2.944171786192252285e-07,1.842503035351911947e-06,1.842725441088742811e-06,1.000000000000000000e+00,2.943567253802546323e-13,1.000120782582854417e+00
6.400000000000000000e+01,5.000000000000000000e-01,1.608774650617487664e-04,3.142137989487280593e-07,1.966377040948334348e-06,1.966630357574371188e-06,1.000000000000000000e+00,3.348577439708353213e-13,1.000128901363524392e+00
6.400000000000000000e+01,5.000000000000000000e-01,1.716948708610182943e-04,3.353415446504263560e-07,2.098578121052597201e-06,2.098866644532765991e-06,1.000000000000000000e+00,3.817887814664925989e-13,1.000137568896278140e+00
6.400000000000000000e+01,5.000000000000000000e-01,1.832396393656933898e-04,3.578899206361199019e-07,2.239665879920306720e-06,2.239994503575970346e-06,1.000000000000000000e+00,4.342940901340577031e-13,1.000146817571248903e+00
6.400000000000000000e+01,5.000000000000000000e-01,1.955606784669108042e-04,3.819544501306851645e-07,2.390237507930278290e-06,2.390611804289992393e-06,1.000000000000000000e+00,4.951810561962093497e-13,1.000156686288363517e+00
6.400000000000000000e+01,5.000000000000000000e-01,2.087101846239420829e-04,4.076370793436368806e-07,2.550930300768485692e-06,2.551356617030565086e-06,1.000000000000000000e+00,5.636518185460762160e-13,1.000167219316566047e+00
6.400000000000000000e+01,5.000000000000000000e-01,2.227438639876187722e-04,4.350466093508179144e-07,2.722424350708790816e-06,2.722909916024170702e-06,1.000000000000000000e+00,6.424288440313460771e-13,1.000178460749083342e+00
6.400000000000000000e+01,5.000000000000000000e-01,2.377211683921019486e-04,4.642991570158241184e-07,2.905445415987341683e-06,2.905998464225645066e-06,1.000000000000000000e+00,7.316241149813888796e-13,1.000190456792964255e+00
6.400000000000000000e+01,5.000000000000000000e-01,2.537055472147473761e-04,4.955186469038034690e-07,3.100767983593649427e-06,3.101397892153712387e-06,1.000000000000000000e+00,8.331486307255564417e-13,1.000203258563765019e+00
6.400000000000000000e+01,5.000000000000000000e-01,2.707647161710354509e-04,5.288373362715536150e-07,3.309218534140271738e-06,3.309935983747519326e-06,1.000000000000000000e+00,9.490253343618968602e-13,1.000216921350414623e+00
6.400000000000000000e+01,5.000000000000000000e-01,2.889709441832801645e-04,5.643963753579690712e-07,3.531679027909454029e-06,3.532496183164252690e-06,1.000000000000000000e+00,1.080954905616064771e-12,1.000231503161877811e+00
6.400000000000000000e+01,5.000000000000000000e-01,3.084013595384007102e-04,6.023464053484388871e-07,3.769090621183379893e-06,3.770021337373963893e-06,1.000000000000000000e+00,1.231250409777680411e-12,1.000247063672155434e+00
6.400000000000000000e+01,5.000000000000000000e-01,3.291382766317479773e-04,6.428481965463827682e-07,4.022457634177583291e-06,4.023517690406543737e-06,1.000000000000000000e+00,1.401895152454278948e-12,1.000263668872072742e+00
6.400000000000000000e+01,5.000000000000000000e-01,3.512695446811999649e-04,6.860733294554686814e-07,4.292851777908638391e-06,4.294059146172038246e-06,1.000000000000000000e+00,1.597011913428857560e-12,1.000281391597404479e+00
6.400000000000000000e+01,5.000000000000000000e-01,3.748889198888015039e-04,7.322049216578154373e-07,4.581416668644127676e-06,4.582791817913103897e-06,1.000000000000000000e+00,1.818920579460154043e-12,1.000300303913881805e+00
6.400000000000000000e+01,5.000000000000000000e-01,4.000964626265646196e-04,7.814384035675090226e-07,4.889372641708008058e-06,4.890938883562793848e-06,1.000000000000000000e+00,2.071099216057471049e-12,1.000320486030439326e+00
6.400000000000000000e+01,5.000000000000000000e-01,4.269989613290565544e-04,8.339823463458135827e-07,5.218021882854458276e-06,5.219805767576776753e-06,1.000000000000000000e+00,2.359419214066917983e-12,1.000342025153123870e+00
6.400000000000000000e+01,5.000000000000000000e-01,4.557103848885351726e-04,8.900593454854202589e-07,5.568753904972008867e-06,5.570785671192078587e-06,1.000000000000000000e+00,2.686567980939299752e-12,1.000365010895777118e+00
6.400000000000000000e+01,5.000000000000000000e-01,4.863523654691501771e-04,9.499069638069339396e-07,5.943051388554692398e-06,5.945365474540621088e-06,1.000000000000000000e+00,3.060398834352921385e-12,1.000389539854758425e+00
6.400000000000000000e+01,5.000000000000000000e-01,5.190547137855854552e-04,1.013778737862471592e-06,6.342496408374722654e-06,6.345132035621053753e-06,1.000000000000000000e+00,3.485216947105788562e-12,1.000415716607498950e+00
6.400000000000000000e+01,5.000000000000000000e-01,5.539559690290550955e-04,1.081945252009873233e-06,6.768777075231667167e-06,6.771778912813668171e-06,1.000000000000000000e+00,3.969580126740477074e-12,1.000443651526005340e+00
6.400000000000000000e+01,5.000000000000000000e-01,5.912039857703368841e-04,1.154695284707689227e-06,7.223694618989744166e-06,7.227113539417380462e-06,1.000000000000000000e+00,4.520528948134854863e-12,1.000473461687128918e+00
6.400000000000000000e+01,5.000000000000000000e-01,6.309565603261874751e-04,1.232337031887084912e-06,7.709170940670659366e-06,7.713064880602843912e-06,1.000000000000000000e+00,5.148351215229064188e-12,1.000505273617683599e+00
6.400000000000000000e+01,5.000000000000000000e-01,6.733820992426543892e-04,1.315199412583309354e-06,8.227256663369390233e-06,8.231691605219321645e-06,1.000000000000000000e+00,5.863474821058555279e-12,1.000539221465935213e+00
6.400000000000000000e+01,5.000000000000000000e-01,7.186603327272255261e-04,1.403633462357862356e-06,8.780139719755871653e-06,8.785190807074101383e-06,1.000000000000000000e+00,6.677441150130223722e-12,1.000575447804443741e+00
6.400000000000000000e+01,5.000000000000000000e-01,7.669830760521822912e-04,1.498013820414418538e-06,9.370154503269375438e-06,9.375907312631036729e-06,1.000000000000000000e+00,7.605072320924005892e-12,1.000614106309868134e+00
6.400000000000000000e+01,5.000000000000000000e-01,8.185550421547319608e-04,1.598740316708460861e-06,9.999791625435964433e-06,1.000634361455897848e-05,1.000000000000000000e+00,8.661170236832991599e-12,1.000655359150940171e+00
6.400000000000000000e+01,5.000000000000000000e-01,8.735947088764037553e-04,1.706239665774226085e-06,1.067170831863349820e-05,1.067917047321236144e-05,1.000000000000000000e+00,9.862986559672790569e-12,1.000699379922899368e+00
6.400000000000000000e+01,5.000000000000000000e-01,9.323352445156482451e-04,1.820967274444625479e-06,1.138873951941279029e-05,1.139723823095566989e-05,1.000000000000000000e+00,1.123291765869196583e-11,1.000746354974353380e+00
6.400000000000000000e+01,5.000000000000000000e-01,9.950254956146192993e-04,1.943409171122303319e-06,1.215390968458468798e-05,1.216358888726340938e-05,1.000000000000000000e+00,1.279251056270108880e-11,1.000796481523003933e+00
6.400000000000000000e+01,5.000000000000000000e-01,1.061931041164777432e-03,2.074084064774955922e-06,1.297044538318284850e-05,1.298146898575024733e-05,1.000000000000000000e+00,1.456786338483965550e-11,1.000849969863466526e+00
6.400000000000000000e+01,5.000000000000000000e-01,1.133335317697300396e-03,2.213545542377539837e-06,1.384178871252362974e-05,1.385434336772534898e-05,1.000000000000000000e+00,1.658903306475627870e-11,1.000907045660703432e+00
6.400000000000000000e+01,5.000000000000000000e-01,1.209540820024617488e-03,2.362384414110581031e-06,1.477161159147465647e-05,1.478590985053624482e-05,1.000000000000000000e+00,1.889187607264132056e-11,1.000967949036514426e+00
6.400000000000000000e+01,5.000000000000000000e-01,1.290870382719838628e-03,2.521231216249684821e-06,1.576383099159909119e-05,1.578011489288496153e-05,1.000000000000000000e+00,2.151370509485337757e-11,1.001032935051476613e+00
6.400000000000000000e+01,5.000000000000000000e-01,1.377668547762899137e-03,2.690758882349412376e-06,1.682262515863352525e-05,1.684117031348047181e-05,1.000000000000000000e+00,2.449843314359067953e-11,1.001102277182390310e+00
6.400000000000000000e+01,5.000000000000000000e-01,1.470303024147281675e-03,2.871685594037659521e-06,1.795245088764521707e-05,1.797357113385396798e-05,1.000000000000000000e+00,2.789692745113915746e-11,1.001176266640023016e+00
6.400000000000000000e+01,5.000000000000000000e-01,1.569166245630725272e-03,3.064777823497510297e-06,1.915806192521517798e-05,1.918211462092540530e-05,1.000000000000000000e+00,3.176667740855218018e-11,1.001255213116834852e+00
6.400000000000000000e+01,5.000000000000000000e-01,1.674677033229155822e-03,3.270853580525694964e-06,2.044452855912454479e-05,2.047192060999299042e-05,1.000000000000000000e+00,3.617266738833315192e-11,1.001339447707586316e+00
6.400000000000000000e+01,5.000000000000000000e-01,1.787282369496751401e-03,3.490785877923342581e-06,2.181725847424049661e-05,2.184845319424103715e-05,1.000000000000000000e+00,4.118876409837079935e-11,1.001429323186997067e+00
6.400000000000000000e+01,5.000000000000000000e-01,1.907459292108665402e-03,3.725506429899737113e-06,2.328201895375485423e-05,2.331754387265110221e-05,1.000000000000000000e+00,4.689957581294380136e-11,1.001525215868340979e+00
6.400000000000000000e+01,5.000000000000000000e-01,2.035716914768292713e-03,3.976009599156821705e-06,2.484496050338802888e-05,2.488541625437919091e-05,1.000000000000000000e+00,5.340136352923234289e-11,1.001627526595164852e+00
6.400000000000000000e+01,5.000000000000000000e-01,2.172598584000423952e-03,4.243356609375828031e-06,2.651264199306311775e-05,2.655871242425630253e-05,1.000000000000000000e+00,6.080268274692938152e-11,1.001736682572428094e+00
6.400000000000000000e+01,5.000000000000000000e-01,2.318684180967226123e-03,4.528680040951613522e-06,2.829205739724997051e-05,2.834452108110588841e-05,1.000000000000000000e+00,6.922870273210368776e-11,1.001853139631585066e+00
6.400000000000000000e+01,5.000000000000000000e-01,2.474592578058405247e-03,4.833188629020322748e-06,3.019066423940328512e-05,3.025040756808271066e-05,1.000000000000000000e+00,7.882031402360505210e-11,1.001977383280667766e+00
6.400000000000000000e+01,5.000000000000000000e-01,2.640984260662580362e-03,5.158172384106602270e-06,3.221641383617200718e-05,3.228444592225276813e-05,1.000000000000000000e+00,8.973817012591611664e-11,1.002109930981546881e+00
6.400000000000000000e+01,5.000000000000000000e-01,2.818564125226620271e-03,5.505008057083242717e-06,3.437778344951860455e-05,3.445525307918765337e-05,1.000000000000000000e+00,1.021654090187295537e-10,1.002251334251894832e+00
6.400000000000000000e+01,5.000000000000000000e-01,3.008084465456604961e-03,5.875164971594931565e-06,3.668381045647128998e-05,3.677202537747724598e-05,1.000000000000000000e+00,1.163106330570363591e-10,1.002402180546511090e+00
6.400000000000000000e+01,5.000000000000000000e-01,3.210348159311017090e-03,6.270211248654330255e-06,3.914412865603636899e-05,3.924457751780676919e-05,1.000000000000000000e+00,1.324095904477812165e-10,1.002563095927165193e+00
6.400000000000000000e+01,5.000000000000000000e-01,3.426212070287460842e-03,6.691820449780196957e-06,4.176900682861764712e-05,4.188338414164350819e-05,1.000000000000000000e+00,1.507318365211860112e-10,1.002734747339417254e+00
6.400000000000000000e+01,5.000000000000000000e-01,3.656590677412019201e-03,7.141778666820350002e-06,4.456938968376173300e-05,4.469962420567582238e-05,1.000000000000000000e+00,1.715830759522154906e-10,1.002917844892195376e+00
6.400000000000000000e+01,5.000000000000000000e-01,3.902459949309176022e-03,7.621992088494484419e-06,4.755694132010687382e-05,4.770522833999048880e-05,1.000000000000000000e+00,1.953117125647648802e-10,1.003113145071012013e+00
6.400000000000000000e+01,5.000000000000000000e-01,4.164861478764354287e-03,8.134495075711629467e-06,5.074409133945433840e-05,5.091292939061574651e-05,1.000000000000000000e+00,2.223112075851661362e-10,1.003321453450944034e+00
6.400000000000000000e+01,5.000000000000000000e-01,4.444906895294556577e-03,8.681458779872180815e-06,5.414408375583413196e-05,5.433631636054634409e-05,1.000000000000000000e+00,2.530332282818797137e-10,1.003543627616423350e+00
6.400000000000000000e+01,5.000000000000000000e-01,4.743782574420389066e-03,9.265200340664822394e-06,5.777102884872345180e-05,5.798989197776479898e-05,1.000000000000000000e+00,2.879870093579510147e-10,1.003780583004413529e+00
6.400000000000000000e+01,5.000000000000000000e-01,5.062754663589706661e-03,9.888192702323645822e-06,6.163995808900457325e-05,6.188913413413843782e-05,2.000000000000000000e+00,2.254708608439771242e-16,1.004033286581950790e+00
6.400000000000000000e+01,5.000000000000000000e-01,5.403174446044474964e-03,1.055307508993061516e-05,6.576688241400740348e-05,6.605056145546929481e-05,2.000000000000000000e+00,3.419722998629410811e-16,1.004302772067731553e+00
6.400000000000000000e+01,5.000000000000000000e-01,5.766484065354261605e-03,1.126266419014504220e-05,7.016885372704634240e-05,7.049180328047674905e-05,2.000000000000000000e+00,2.793274919546969932e-16,1.004590144217097247e+00
6.400000000000000000e+01,5.000000000000000000e-01,6.154222634867500576e-03,1.201996608372558706e-05,7.486403015226762540e-05,7.523167434516884208e-05,2.000000000000000000e+00,3.078232852154500821e-16,1.004896570906922193e+00
6.400000000000000000e+01,5.000000000000000000e-01,6.568032757962493674e-03,1.282818898039549546e-05,7.987174494133236974e-05,8.029025448899345556e-05,2.000000000000000000e+00,6.130402466403772391e-16,1.005223296567876901e+00
6.400000000000000000e+01,5.000000000000000000e-01,7.009667486720226430e-03,1.369075681000044225e-05,8.521257930765657003e-05,8.568897372043284000e-05,2.000000000000000000e+00,1.914731142151564571e-16,1.005571644252796659e+00
6.400000000000000000e+01,5.000000000000000000e-01,7.480997748498629044e-03,1.461132372753638485e-05,9.090843933640753612e-05,9.145070300241215668e-05,2.000000000000000000e+00,1.794105654833687879e-16,1.005943020269022270e+00
6.400000000000000000e+01,5.000000000000000000e-01,7.984020271869889107e-03,1.559378959349587716e-05,9.698263714173067896e-05,9.759985114212135402e-05,2.000000000000000000e+00,3.433631961249479338e-16,1.006338919132645060e+00
6.400000000000000000e+01,5.000000000000000000e-01,8.520866045498044772e-03,1.664231649511336869e-05,1.034599764331125063e-04,1.041624681957117703e-04,2.000000000000000000e+00,3.488767385369209353e-16,1.006760928432164803e+00
6.400000000000000000e+01,5.000000000000000000e-01,9.093809345791795812e-03,1.776134637849960119e-05,1.103668426630041873e-04,1.111663558259280883e-04,2.000000000000000000e+00,5.527205152249382066e-16,1.007210734069360569e+00
6.400000000000000000e+01,5.000000000000000000e-01,9.705277371576911602e-03,1.895561986636115547e-05,1.177312979034338971e-04,1.186411850801901243e-04,2.000000000000000000e+00,2.055847272509594389e-16,1.007690126132658293e+00
6.400000000000000000e+01,5.000000000000000000e-01,1.035786052660437988e-02,2.023019634102417945e-05,1.255831806076114336e-04,1.266186220880773669e-04,2.000000000000000000e+00,2.591681517422997574e-16,1.008201004284316582e+00
6.400000000000000000e+01,5.000000000000000000e-01,1.105432339345469722e-02,2.159047537784120551e-05,1.339542104021835352e-04,1.351324622107159834e-04,2.000000000000000000e+00,2.815603763598877473e-16,1.008745383801624484e+00
6.400000000000000000e+01,5.000000000000000000e-01,1.179761644532781317e-02,2.304221961978088510e-05,1.428780980290537972e-04,1.442187732103746814e-04,2.000000000000000000e+00,2.639860504703647710e-16,1.009325401868387928e+00
6.400000000000000000e+01,5.000000000000000000e-01,1.259088854533426879e-02,2.459157919010599374e-05,1.523906605598432298e-04,1.539160480467892931e-04,2.000000000000000000e+00,6.023981660150891753e-16,1.009943323885089228e+00
6.400000000000000000e+01,5.000000000000000000e-01,1.343750028623894033e-02,2.624511774656043033e-05,1.625299419705197488e-04,1.642653679475159618e-04,2.000000000000000000e+00,1.997783100655732963e-16,1.010601549947828914e+00
6.400000000000000000e+01,5.000000000000000000e-01,1.434103822716968277e-02,2.800984028744078665e-05,1.733363391570921222e-04,1.753105764431409151e-04,2.000000000000000000e+00,5.348029336729814363e-16,1.011302621784359701e+00
6.400000000000000000e+01,5.000000000000000000e-01,1.530533008760265323e-02,2.989322282734893210e-05,1.848527334227078993e-04,1.870984651046228824e-04,2.000000000000000000e+00,5.700548544139963305e-16,1.012049229694788721e+00
6.400000000000000000e+01,5.000000000000000000e-01,1.633446096299169537e-02,3.190324406834315501e-05,1.971246274679576296e-04,1.996789717696200491e-04,2.000000000000000000e+00,3.137190541778190599e-16,1.012844219415672598e+00
6.400000000000000000e+01,5.000000000000000000e-01,1.743279063073721255e-02,3.404841920065861826e-05,2.102002878477508569e-04,2.131053920975624263e-04,2.000000000000000000e+00,5.372813385558755123e-16,1.013690599557893535e+00
6.400000000000000000e+01,5.000000000000000000e-01,1.860497201980877008e-02,3.633783597618900406e-05,2.241308928337231701e-04,2.274346053496919954e-04,2.000000000000000000e+00,1.927743641762208843e-16,1.014591548794903986e+00
6.400000000000000000e+01,5.000000000000000000e-01,1.985597092226588228e-02,3.878119320755055134e-05,2.389706855721392034e-04,2.427273153505617263e-04,2.000000000000000000e+00,3.612628407180198239e-16,1.015550423079130127e+00
6.400000000000000000e+01,5.000000000000000000e-01,2.119108703018195844e-02,4.138884185582413758e-05,2.547771323683327427e-04,2.590483076517923378e-04,2.000000000000000000e+00,4.735447269129493730e-16,1.016570763057149662e+00
6.400000000000000000e+01,5.000000000000000000e-01,2.261597638709179556e-02,4.417182888103866320e-05,2.716110858658707817e-04,2.764667239875292213e-04,2.000000000000000000e+00,2.374249945644522024e-16,1.017656301300387867e+00
6.400000000000000000e+01,5.000000000000000000e-01,2.413667534907489379e-02,4.714194404116190193e-05,2.895369528316186873e-04,2.950563551842907539e-04,2.000000000000000000e+00,4.041022882409027291e-16,1.018810969362050400e+00
6.400000000000000000e+01,5.000000000000000000e-01,2.575962615698297598e-02,5.031176983785737495e-05,3.086228661705168628e-04,3.148959537660860064e-04,2.000000000000000000e+00,3.114914016768937583e-16,1.020038904694743565e+00
6.400000000000000000e+01,5.000000000000000000e-01,2.749170422814489062e-02,5.369473482059548949e-05,3.289408607214625328e-04,3.360695675791109728e-04,2.000000000000000000e+00,1.983797324019833225e-16,1.021344457277955087e+00
6.400000000000000000e+01,5.000000000000000000e-01,2.934024728316625419e-02,5.730517047493409021e-05,3.505670522878012924e-04,3.586668958493750945e-04,2.000000000000000000e+00,3.099719626201580384e-16,1.022732195900236007e+00
6.400000000000000000e+01,5.000000000000000000e-01,3.131308643121669816e-02,6.115837193597011359e-05,3.735818192667712313e-04,3.827836691816623779e-04,2.000000000000000000e+00,2.696818192362944330e-16,1.024206913851152478e+00
6.400000000000000000e+01,5.000000000000000000e-01,3.341857934549191667e-02,6.527066278416389974e-05,3.980699861373717665e-04,4.085220551096235462e-04,2.000000000000000000e+00,2.176879173565039319e-16,1.025773634040898941e+00
6.400000000000000000e+01,5.000000000000000000e-01,3.566564566939577074e-02,6.965946419803861474e-05,4.241210079539841108e-04,4.359910909150807416e-04,2.000000000000000000e+00,6.598821226007848678e-16,1.027437613424329044e+00
6.400000000000000000e+01,5.000000000000000000e-01,3.806380480343448530e-02,7.434336875670797911e-05,4.518291548807442434e-04,4.653071455501072676e-04,2.000000000000000000e+00,2.380940684520650807e-16,1.029204346538726611e+00
6.400000000000000000e+01,5.000000000000000000e-01,4.062321623290283956e-02,7.934221920488835852e-05,4.812936956827142229e-04,4.965944126187631005e-04,2.000000000000000000e+00,5.021033048635032108e-16,1.031079567944406250e+00
6.400000000000000000e+01,5.000000000000000000e-01,4.335472256720598189e-02,8.467719251407418337e-05,5.126190789729571538e-04,5.299854365069465436e-04,2.000000000000000000e+00,3.577678771801692943e-16,1.033069253380247687e+00
6.400000000000000000e+01,5.000000000000000000e-01,4.626989547314534768e-02,9.037088959598700718e-05,5.459151108916825623e-04,5.656216738892186086e-04,2.000000000000000000e+00,4.958348129285044455e-16,1.035179619696052100e+00
6.400000000000000000e+01,5.000000000000000000e-01,4.938108469676150136e-02,9.644743104836230735e-05,5.812971277608873066e-04,6.036540929913800221e-04,2.000000000000000000e+00,4.728782415746493213e-16,1.037417123045390355e+00
6.400000000000000000e+01,5.000000000000000000e-01,5.270147038140637202e-02,1.029325593386843204e-04,6.188861621753375276e-04,6.442438131474727140e-04,2.000000000000000000e+00,2.214853437651841190e-16,1.039788455198621620e+00
6.400000000000000000e+01,5.000000000000000000e-01,5.624511890368413120e-02,1.098537478587580687e-04,6.588091008487574054e-04,6.875627873606113489e-04,2.000000000000000000e+00,3.971410325044250579e-16,1.042300537962479012e+00
6.400000000000000000e+01,5.000000000000000000e-01,6.002704246380367870e-02,1.172403173121165600e-04,7.011988324617562029e-04,7.337945307592414227e-04,2.000000000000000000e+00,3.649640712319163742e-16,1.044960515206096119e+00
6.400000000000000000e+01,5.000000000000000000e-01,6.406326268278660085e-02,1.251235599273175798e-04,7.461943836739970241e-04,7.831348980347985428e-04,2.000000000000000000e+00,5.987140899824834158e-16,1.047775742382523134e+00
6.400000000000000000e+01,5.000000000000000000e-01,6.837087847595511858e-02,1.335368720233498410e-04,7.939410414033243931e-04,8.357929131543209537e-04,2.000000000000000000e+00,4.389152046958668229e-16,1.050753773317580908e+00
6.400000000000000000e+01,5.000000000000000000e-01,7.296813849023429943e-02,1.425158954887388661e-04,8.445904594427811182e-04,8.919916548629500726e-04,2.000000000000000000e+00,4.236749192934249207e-16,1.053902343989140178e+00
6.400000000000000000e+01,5.000000000000000000e-01,7.787451841214071413e-02,1.520986687737123323e-04,8.983007474874946325e-04,9.519692017276460815e-04,2.000000000000000000e+00,4.461044282010361162e-16,1.057229353023124929e+00
6.400000000000000000e+01,5.000000000000000000e-01,8.311080347396405943e-02,1.623257880350860536e-04,9.552365406808191678e-04,1.015979640725689923e-03,2.000000000000000000e+00,2.503506692200068214e-16,1.060742838755839301e+00
6.400000000000000000e+01,5.000000000000000000e-01,8.869917650766478978e-02,1.732405791165327925e-04,1.015569047857077262e-03,1.084294143650680079e-03,2.000000000000000000e+00,2.532528048775673687e-16,1.064450952670874528e+00
6.400000000000000000e+01,5.000000000000000000e-01,9.466331191952107038e-02,1.848892810928145906e-04,1.079476076787821547e-03,1.157202115896133372e-03,2.000000000000000000e+00,5.495866601903564085e-16,1.068361928905233071e+00
6.400000000000000000e+01,5.000000000000000000e-01,1.010284759836321128e-01,1.973212421555314703e-04,1.147142034920175992e-03,1.235012422483308713e-03,2.000000000000000000e+00,3.745870494754904048e-16,1.072484049815791707e+00
6.400000000000000000e+01,5.000000000000000000e-01,1.078216338791598422e-01,2.105891286702340668e-04,1.218757904302381241e-03,1.318054696527178743e-03,2.000000000000000000e+00,6.758378109968264843e-16,1.076825607465185186e+00
6.400000000000000000e+01,5.000000000000000000e-01,1.150715639247598676e-01,2.247491482905466164e-04,1.294521189703392401e-03,1.406680735683719452e-03,2.000000000000000000e+00,4.196654519032020772e-16,1.081394860898317489e+00
6.400000000000000000e+01,5.000000000000000000e-01,1.228089794941373408e-01,2.398612880744869938e-04,1.374635839260516038e-03,1.501265992494334872e-03,2.000000000000000000e+00,4.423231399645064693e-16,1.086199989359986517e+00
6.400000000000000000e+01,5.000000000000000000e-01,1.310666591292083683e-01,2.559895686117350942e-04,1.459312137388747450e-03,1.602211164941085616e-03,2.000000000000000000e+00,4.084090298198621245e-16,1.091249041436881839e+00
6.400000000000000000e+01,5.000000000000000000e-01,1.398795854020772611e-01,2.732023152384321506e-04,1.548766570153559596e-03,1.709943893950933904e-03,2.000000000000000000e+00,5.097090976320837325e-16,1.096549880331604498e+00
6.400000000000000000e+01,5.000000000000000000e-01,1.492850931140931869e-01,2.915724474884632557e-04,1.643221663792558511e-03,1.824920575040176124e-03,2.000000000000000000e+00,4.488557093305041469e-16,1.102110125524950135e+00
6.400000000000000000e+01,5.000000000000000000e-01,1.593230274598205765e-01,3.111777880074620634e-04,1.742905797635452801e-03,1.947628291773957718e-03,2.000000000000000000e+00,5.417060713417432395e-16,1.107937091173697652e+00
6.400000000000000000e+01,5.000000000000000000e-01,1.700359128259568142e-01,3.321013922381969028e-04,1.848052993226308475e-03,2.078586879231630533e-03,2.000000000000000000e+00,3.669544390176475052e-16,1.114037721752957566e+00
6.400000000000000000e+01,5.000000000000000000e-01,1.814691329402941811e-01,3.544319002740120724e-04,1.958902682054095273e-03,2.218351126219582012e-03,2.000000000000000000e+00,7.590866525401936327e-16,1.120418525464604187e+00
6.400000000000000000e+01,5.000000000000000000e-01,1.936711231339074413e-01,3.782639123709129712e-04,2.075699454885941708e-03,2.367513125560969517e-03,2.000000000000000000e+00,3.032633723072217274e-16,1.127085506127023962e+00
6.400000000000000000e+01,5.000000000000000000e-01,2.066935755310511935e-01,4.036983897090843623e-04,2.198692796270649164e-03,2.526704782418939810e-03,2.000000000000000000e+00,5.173463463373762873e-16,1.134044094344988096e+00
6.400000000000000000e+01,5.000000000000000000e-01,2.205916580360381962e-01,4.308430821016371020e-04,2.328136808319629294e-03,2.696600491279654930e-03,2.000000000000000000e+00,5.159164344201983385e-16,1.141299078871661266e+00
6.400000000000000000e+01,5.000000000000000000e-01,2.354242480447986396e-01,4.598129844624973431e-04,2.464289928350703318e-03,2.877919992935690750e-03,2.000000000000000000e+00,6.418321883079921816e-16,1.148854539118932649e+00
6.400000000000000000e+01,5.000000000000000000e-01,2.512541818712111796e-01,4.907308239672093352e-04,2.607414645399024327e-03,3.071431423573084494e-03,2.000000000000000000e+00,3.839440192289639482e-16,1.156713779933252084e+00
6.400000000000000000e+01,5.000000000000000000e-01,2.681485209448735141e-01,5.237275799704560822e-04,2.757777220887594125e-03,3.277954568879151275e-03,2.000000000000000000e+00,3.524708710475412421e-16,1.164879269749297563e+00
6.400000000000000000e+01,5.000000000000000000e-01,2.861788359080119637e-01,5.589430388828358666e-04,2.915647418975088941e-03,3.498364336956522914e-03,2.000000000000000000e+00,5.230387780562703341e-16,1.173352583301261021e+00
6.400000000000000000e+01,5.000000000000000000e-01,3.054215098150835361e-01,5.965263863575850315e-04,3.081298252139438778e-03,3.733594464756124880e-03,2.000000000000000000e+00,6.171625238422983956e-16,1.182134350101238240e+00
6.400000000000000000e+01,5.000000000000000000e-01,3.259580617195242391e-01,6.366368392959457796e-04,3.255005747511685848e-03,3.984641473730768726e-03,2.000000000000000000e+00,4.239480402219828693e-16,1.191224209801855949e+00
6.400000000000000000e+01,5.000000000000000000e-01,3.478754920184792265e-01,6.794443203485922393e-04,3.437048739253308147e-03,4.252568891467000886e-03,2.000000000000000000e+00,3.717041218804703092e-16,1.200620775613847613e+00
6.400000000000000000e+01,5.000000000000000000e-01,3.712666510185305691e-01,7.251301777705675177e-04,3.627708691912643821e-03,4.538511757179693358e-03,2.000000000000000000e+00,4.181923253094105473e-16,1.210321606789557691e+00
6.400000000000000000e+01,5.000000000000000000e-01,3.962306322837856887e-01,7.738879536792689232e-04,3.827269559212019470e-03,4.843681430156108504e-03,2.000000000000000000e+00,4.165144476906188459e-16,1.220323191081588377e+00
6.400000000000000000e+01,5.000000000000000000e-01,4.228731924327146507e-01,8.259242039701458022e-04,4.036017682091438269e-03,5.169370721520029008e-03,2.000000000000000000e+00,4.017188559718045599e-16,1.230620937951355742e+00
6.400000000000000000e+01,5.000000000000000000e-01,4.513071991621324108e-01,8.814593733635398649e-04,4.254241729109097502e-03,5.516959371055772145e-03,2.000000000000000000e+00,4.241628723752737931e-16,1.241209183122754744e+00
6.400000000000000000e+01,5.000000000000000000e-01,4.816531093963266619e-01,9.407287292897005115e-04,4.482232681472745478e-03,5.887919892294013122e-03,2.000000000000000000e+00,6.433553863127418630e-16,1.252081204833929817e+00
6.400000000000000000e+01,5.000000000000000000e-01,5.140394795869582811e-01,1.003983358568277893e-03,4.720283864111940453e-03,6.283823810621488350e-03,2.000000000000000000e+00,6.718344443585431797e-16,1.263229251970296119e+00
6.400000000000000000e+01,5.000000000000000000e-01,5.486035103255278988e-01,1.071491231104546677e-03,4.968691023257059379e-03,6.706348320841203428e-03,2.000000000000000000e+00,1.574249465810437424e-15,1.274644583994656521e+00
6.400000000000000000e+01,5.000000000000000000e-01,5.854916275756176791e-01,1.143538335108628280e-03,5.227752450095394555e-03,7.157283392387393806e-03,2.000000000000000000e+00,1.623097040387180848e-15,1.286317522329255780e+00
6.400000000000000000e+01,5.000000000000000000e-01,6.248601029871956314e-01,1.220429888646866468e-03,5.497769149154582355e-03,7.638539352295217917e-03,2.000000000000000000e+00,1.797962540269515579e-15,1.298237512657151704e+00
6.400000000000000000e+01,5.000000000000000000e-01,6.668757159208743568e-01,1.302491632657957728e-03,5.779045049222050062e-03,8.152154978049589232e-03,2.000000000000000000e+00,2.722385267661236574e-15,1.310393197323069803e+00
6.400000000000000000e+01,5.000000000000000000e-01,7.117164599867128461e-01,1.390071210911548527e-03,6.071887253837227050e-03,8.700306134597542845e-03,2.000000000000000000e+00,4.010006118549947204e-15,1.322772496845804557e+00
6.400000000000000000e+01,5.000000000000000000e-01,7.595722970906901850e-01,1.483539642755254268e-03,6.376606327706734086e-03,9.285314992113369997e-03,2.000000000000000000e+00,3.872745001096927439e-15,1.335362699332849790e+00
6.400000000000000000e+01,5.000000000000000000e-01,8.106459621833095319e-01,1.583292894889276430e-03,6.693516614845347427e-03,9.909659863566802618e-03,2.000000000000000000e+00,5.552142349086337256e-15,1.348150556466343630e+00
6.400000000000000000e+01,5.000000000000000000e-01,8.651538221195078648e-01,1.689753558827163799e-03,7.022936583781478476e-03,1.057598570376943464e-02,2.000000000000000000e+00,7.006178829138520503e-15,1.361122384584616984e+00
6.400000000000000000e+01,5.000000000000000000e-01,9.233267922683331408e-01,1.803372641149088166e-03,7.365189194883407439e-03,1.128711531437733527e-02,2.000000000000000000e+00,8.819539755371677117e-15,1.374264169301384619e+00
6.400000000000000000e+01,5.000000000000000000e-01,9.854113147555012553e-01,1.924631474131838389e-03,7.720602284661136697e-03,1.204606130231858883e-02,2.000000000000000000e+00,1.073055161854966236e-14,1.387561672100093624e+00
6.400000000000000000e+01,5.000000000000000000e-01,1.051670402482987265e+00,2.054043754849584503e-03,8.089508961855493285e-03,1.285603884230557444e-02,2.000000000000000000e+00,1.385240583144812751e-14,1.401000537282473202e+00
6.400000000000000000e+01,5.000000000000000000e-01,1.122384753348554920e+00,2.192157721383896328e-03,8.472248010198113119e-03,1.372047929749930020e-02,2.000000000000000000e+00,1.685139999376869862e-14,1.414566397757952121e+00
6.400000000000000000e+01,5.000000000000000000e-01,1.197853939385422395e+00,2.339558475362153115e-03,8.869164292872809899e-03,1.464304475602740650e-02,2.000000000000000000e+00,2.043630322686290587e-14,1.428244978199632698e+00
6.400000000000000000e+01,5.000000000000000000e-01,1.278397675859715310e+00,2.496870460663506465e-03,9.280609153994812122e-03,1.562764354493806351e-02,2.000000000000000000e+00,2.541025612022823044e-14,1.442022194191033613e+00
6.400000000000000000e+01,5.000000000000000000e-01,1.364357175702093361e+00,2.664760108793151096e-03,9.706940812744273631e-03,1.667844678731290192e-02,2.000000000000000000e+00,3.070290538219107243e-14,1.455884246176910590e+00
6.400000000000000000e+01,5.000000000000000000e-01,1.456096595011382888e+00,2.843938662131607203e-03,1.014852474617827446e-02,1.779990607268045963e-02,2.000000000000000000e+00,3.726688722617919530e-14,1.469817707145632646e+00
6.400000000000000000e+01,5.000000000000000000e-01,1.554004575753913153e+00,3.035165187019361627e-03,1.060573405718569402e-02,1.899677231558876203e-02,2.000000000000000000e+00,4.502068356424925633e-14,1.483809603167654423e+00
6.400000000000000000e+01,5.000000000000000000e-01,1.658495892194037813e+00,3.239249789441480103e-03,1.107894982448777606e-02,2.027411588222927802e-02,2.000000000000000000e+00,5.355320228753329403e-14,1.497847486098637937e+00
6.400000000000000000e+01,5.000000000000000000e-01,1.770013208030649654e+00,3.457057046934862606e-03,1.156856143205615625e-02,2.163734807037515778e-02,2.000000000000000000e+00,6.439235463135708486e-14,1.511919497950469093e+00
6.400000000000000000e+01,5.000000000000000000e-01,1.889028951683655144e+00,3.689509671257138954e-03,1.207496687575462281e-02,2.309224403363173764e-02,2.000000000000000000e+00,7.635117603753213448e-14,1.526014426611388863e+00
6.400000000000000000e+01,5.000000000000000000e-01,2.016047317674741990e+00,3.937592417333480449e-03,1.259857304545898039e-02,2.464496724711402742e-02,2.000000000000000000e+00,9.012127247159952429e-14,1.540121752784763487e+00
6.400000000000000000e+01,5.000000000000000000e-01,2.151606402581046407e+00,4.202356255041106263e-03,1.313979598129029133e-02,2.630209561819703973e-02,2.000000000000000000e+00,1.049674156720490059e-13,1.554231688174846582e+00
6.400000000000000000e+01,5.000000000000000000e-01,2.296280484610452977e+00,4.484922821504790970e-03,1.369906110298639047e-02,2.807064935295429733e-02,2.000000000000000000e+00,1.236331008077158133e-13,1.568335205124343545e+00
6.400000000000000000e+01,5.000000000000000000e-01,2.450682456455549385e+00,4.786489172764744893e-03,1.427680341172218002e-02,2.995812069633580280e-02,2.000000000000000000e+00,1.434283918008625910e-13,1.582424057988605526e+00
6.400000000000000000e+01,5.000000000000000000e-01,2.615466421732818958e+00,5.108332854946912027e-03,1.487346766403186207e-02,3.197250567207726712e-02,2.000000000000000000e+00,1.660455977502838531e-13,1.596490796720747340e+00
6.400000000000000000e+01,5.000000000000000000e-01,2.791330466006446187e+00,5.451817316418840209e-03,1.548950851762769323e-02,3.412233795680135601e-02,2.000000000000000000e+00,1.914555600992463666e-13,1.610528773170718964e+00
6.400000000000000000e+01,5.000000000000000000e-01,2.979019614135840044e+00,5.818397683859062586e-03,1.612539064920640031e-02,3.641672503181439535e-02,2.000000000000000000e+00,2.202580362227852377e-13,1.624532140674240566e+00
6.400000000000000000e+01,5.000000000000000000e-01,3.179328986475358665e+00,6.209626926709684892e-03,1.678158884438855220e-02,3.886538676575185952e-02,2.000000000000000000e+00,2.512148437248340154e-13,1.638495847619839907e+00
6.400000000000000000e+01,5.000000000000000000e-01,3.393107167296916415e+00,6.627162436126789874e-03,1.745858806010088318e-02,4.147869659152099431e-02,2.000000000000000000e+00,2.851565696248226181e-13,1.652415625624387374e+00
6.400000000000000000e+01,5.000000000000000000e-01,3.621259799705517146e+00,7.072773046299838176e-03,1.815688345975583276e-02,4.426772545198346537e-02,2.000000000000000000e+00,3.225805022419680983e-13,1.666287973022102520e+00
6.400000000000000000e+01,5.000000000000000000e-01,3.864753422276969275e+00,7.548346527884705615e-03,1.887698042163183862e-02,4.724428870054643570e-02,2.000000000000000000e+00,3.626667230257922419e-13,1.680110134337507333e+00
6.400000000000000000e+01,5.000000000000000000e-01,4.124619563671224398e+00,8.055897585295360153e-03,1.961939452086450264e-02,5.042099615535061002e-02,2.000000000000000000e+00,4.065656683149067613e-13,1.693880076414906455e+00
6.400000000000000000e+01,5.000000000000000000e-01,4.401959112567733534e+00,8.597576391733854559e-03,2.038465148544336622e-02,5.381130551910463106e-02,2.000000000000000000e+00,4.531184137124163390e-13,1.707596461814972599e+00
6.400000000000000000e+01,5.000000000000000000e-01,4.697946981435262792e+00,9.175677698115747641e-03,2.117328712660058315e-02,5.742957939086908853e-02,2.000000000000000000e+00,5.019269557516514719e-13,1.721258620091479230e+00
6.400000000000000000e+01,5.000000000000000000e-01,5.013837083893882607e+00,9.792650554480239466e-03,2.198584724389690895e-02,6.129114611131656482e-02,2.000000000000000000e+00,5.542102789449126689e-13,1.734866517492690718e+00
6.400000000000000000e+01,5.000000000000000000e-01,5.350967646754819285e+00,1.045110868506800642e-02,2.282288750529804303e-02,6.541236469922738495e-02,2.000000000000000000e+00,6.074082972207322742e-13,1.748420725574622026e+00
6.400000000000000000e+01,5.000000000000000000e-01,5.710766879242054728e+00,1.115384156101963814e-02,2.368497330244534113e-02,6.981069415431771785e-02,2.000000000000000000e+00,6.629446604538283664e-13,1.761922389193365746e+00
6.400000000000000000e+01,5.000000000000000000e-01,6.094759023412653853e+00,1.190382621760283956e-02,2.457267958127550694e-02,7.450476741999306762e-02,2.000000000000000000e+00,7.193089147580896478e-13,1.775373194260588150e+00
6.400000000000000000e+01,5.000000000000000000e-01,6.504570811407380582e+00,1.270423986603004020e-02,2.548659064807852134e-02,7.951447031935762744e-02,2.000000000000000000e+00,7.771700658907648377e-13,1.788775335612630357e+00
6.400000000000000000e+01,5.000000000000000000e-01,6.941938356887232153e+00,1.355847335329537530e-02,2.642729995101964283e-02,8.486102579888561703e-02,2.000000000000000000e+00,8.343364024597128311e-13,1.802131485284984791e+00
6.400000000000000000e+01,5.000000000000000000e-01,7.408714509850254260e+00,1.447014552705127785e-02,2.739540983710062397e-02,9.056708383663822359e-02,2.000000000000000000e+00,8.899302286607300628e-13,1.815444761451072253e+00
6.400000000000000000e+01,5.000000000000000000e-01,7.906876705986460863e+00,1.544311856637980637e-02,2.839153128446508106e-02,9.665681739591172605e-02,2.000000000000000000e+00,9.442389391183481884e-13,1.828718698209588212e+00
6.400000000000000000e+01,5.000000000000000000e-01,8.438535343823778234e+00,1.648151434340581686e-02,2.941628360994839528e-02,1.031560248308137501e-01,2.000000000000000000e+00,9.949490789742976867e-13,1.841957216406438391e+00
6.400000000000000000e+01,5.000000000000000000e-01,9.005942725153312622e+00,1.758973188506506372e-02,3.047029415167018529e-02,1.100922391775908810e-01,2.000000000000000000e+00,1.041718073679762619e-12,1.855164595614880341e+00
6.400000000000000000e+01,5.000000000000000000e-01,9.611502596609330595e+00,1.877246600900259882e-02,3.155419792650612787e-02,1.174948447947115754e-01,2.000000000000000000e+00,1.082513436703952927e-12,1.868345447352865563e+00
6.400000000000000000e+01,5.000000000000000000e-01,1.025778033282523083e+01,2.003472721254927896e-02,3.266863726220395336e-02,1.253952018458299178e-01,2.000000000000000000e+00,1.116534100958560596e-12,1.881504689629238669e+00
6.400000000000000000e+01,5.000000000000000000e-01,1.094751380430519561e+01,2.138186289903358517e-02,3.381426140391834839e-02,1.338267791529873518e-01,2.000000000000000000e+00,1.141706052706876995e-12,1.894647522847250798e+00
6.400000000000000000e+01,5.000000000000000000e-01,1.168362497605211736e+01,2.281958003135179172e-02,3.499172609492747638e-02,1.428252959828708313e-01,2.000000000000000000e+00,1.156317379471850032e-12,1.907779407096612090e+00
6.400000000000000000e+01,5.000000000000000000e-01,1.246923228608728174e+01,2.435396930876422214e-02,3.620169313129239369e-02,1.524288733667790718e-01,2.000000000000000000e+00,1.158298933783549012e-12,1.920906040827865979e+00
6.400000000000000000e+01,5.000000000000000000e-01,1.330766385630246162e+01,2.599153096934074536e-02,3.744482989024985886e-02,1.626781955953524594e-01,2.000000000000000000e+00,1.147430139095068135e-12,1.934033340912492349e+00
6.400000000000000000e+01,5.000000000000000000e-01,1.420247159160987316e+01,2.773920232736303351e-02,3.872180883211361058e-02,1.736166825722108287e-01,2.000000000000000000e+00,1.118985234109022494e-12,1.947167424064986108e+00
6.400000000000000000e+01,5.000000000000000000e-01,1.515744622711940792e+01,2.960438716234259360e-02,4.003330697552034967e-02,1.852906737566549500e-01,2.000000000000000000e+00,1.131413228656433320e-12,1.960314589585479439e+00
6.400000000000000000e+01,5.000000000000000000e-01,1.617663338708879550e+01,3.159498708415780371e-02,4.138000534586946250e-02,1.977496244746842213e-01,2.000000000000000000e+00,1.319764029123230118e-12,1.973481303406153131e+00
6.400000000000000000e+01,5.000000000000000000e-01,1.726435072367780776e+01,3.371943500718321829e-02,4.276258839683581836e-02,2.110463154299702104e-01,2.000000000000000000e+00,1.525981586399616973e-12,1.986674183382007186e+00
6.400000000000000000e+01,5.000000000000000000e-01,1.842520620811283649e+01,3.598673087522038377e-02,4.418174340491006630e-02,2.252370763023544831e-01,2.000000000000000000e+00,1.751619852293986587e-12,1.999899985786392165e+00
6.400000000000000000e+01,5.000000000000000000e-01,1.966411765175028137e+01,3.840647978857476830e-02,4.563815983693264577e-02,2.403820243811205515e-01,2.000000000000000000e+00,1.995308077338164948e-12,2.013165592969535567e+00
6.400000000000000000e+01,5.000000000000000000e-01,2.098633353973631088e+01,4.098893269479748219e-02,4.713252869067018069e-02,2.565453192439679508e-01,2.000000000000000000e+00,2.258096247019494272e-12,2.026478002120079225e+00
6.400000000000000000e+01,5.000000000000000000e-01,2.239745526552315980e+01,4.374502981547492148e-02,4.866554180852965261e-02,2.737954345606158357e-01,2.000000000000000000e+00,2.538461830007195175e-12,2.039844315090576288e+00
6.400000000000000000e+01,5.000000000000000000e-01,2.390346086043457063e+01,4.668644699303627077e-02,5.023789116456642972e-02,2.922054481724839503e-01,2.000000000000000000e+00,2.838326756636480380e-12,2.053271729235291332e+00
6.400000000000000000e+01,5.000000000000000000e-01,2.551073031880794062e+01,4.982564515392175902e-02,5.185026812501280363e-02,3.118533516773406289e-01,2.000000000000000000e+00,3.154011057019793151e-12,2.066767529209293741e+00
6.400000000000000000e+01,5.000000000000000000e-01,2.722607262600033451e+01,5.317592309765690334e-02,5.350336268262612799e-02,3.328223808304380249e-01,2.000000000000000000e+00,3.487127119998451883e-12,2.080339079690602944e+00
6.400000000000000000e+01,5.000000000000000000e-01,2.905675460375767472e+01,5.675147383546420843e-02,5.519786266520947809e-02,3.552013681618209628e-01,2.000000000000000000e+00,3.836298423721493429e-12,2.093993818980891319e+00
6.400000000000000000e+01,5.000000000000000000e-01,3.101053169514829833e+01,6.056744471708652017e-02,5.693445291875082193e-02,3.790851193036441358e-01,2.000000000000000000e+00,4.201041363074065384e-12,2.107739253439554261e+00
6.400000000000000000e+01,5.000000000000000000e-01,3.309568081947583806e+01,6.464000160053874622e-02,5.871381446568643692e-02,4.045748146217434948e-01,2.000000000000000000e+00,4.578427346406187404e-12,2.121582952723251481e+00
6.400000000000000000e+01,5.000000000000000000e-01,3.532103543635744103e+01,6.898639733663562701e-02,6.053662363886594400e-02,4.317784378529266887e-01,2.000000000000000000e+00,4.968322012956452973e-12,2.135532545800913340e+00
6.400000000000000000e+01,5.000000000000000000e-01,3.769602296751240544e+01,7.362504485842266688e-02,6.240355119186450500e-02,4.608112335638562262e-01,2.000000000000000000e+00,5.370371330379060430e-12,2.149595717724601229e+00
6.400000000000000000e+01,5.000000000000000000e-01,4.023070473479194931e+01,7.857559518514052599e-02,6.431526138634162393e-02,4.917961953694697796e-01,2.000000000000000000e+00,5.781425604296127926e-12,2.163780207151397406e+00
6.400000000000000000e+01,5.000000000000000000e-01,4.293581858364456139e+01,8.385902067118078396e-02,6.627241105718999215e-02,5.248645869792359919e-01,2.000000000000000000e+00,6.201951946819927721e-12,2.178093804657933674e+00
6.400000000000000000e+01,5.000000000000000000e-01,4.582282437258366770e+01,8.949770385270247597e-02,6.827564865618042378e-02,5.601564982785678382e-01,2.000000000000000000e+00,6.628557763288258393e-12,2.192544351926947854e+00
6.400000000000000000e+01,5.000000000000000000e-01,4.890395252136845983e+01,9.551553226829777310e-02,7.032561327476491431e-02,5.978214388011657832e-01,2.000000000000000000e+00,7.059685088339979065e-12,2.207139741966713586e+00
6.400000000000000000e+01,5.000000000000000000e-01,5.219225582356695980e+01,1.019379996554042184e-01,7.242293364647772735e-02,6.380189711064733205e-01,2.000000000000000000e+00,7.493195981614761933e-12,2.221887920694243235e+00
6.400000000000000000e+01,5.000000000000000000e-01,5.570166474299585957e+01,1.087923139511637882e-01,7.456822712894273231e-02,6.809193867454323978e-01,2.000000000000000000e+00,7.928235690999122712e-12,2.236796890412605876e+00
6.400000000000000000e+01,5.000000000000000000e-01,5.944704642829639596e+01,1.161075125552663984e-01,7.676209866477862187e-02,7.267044276782188561e-01,2.000000000000000000e+00,8.364305137848551565e-12,2.251874716072933325e+00
6.400000000000000000e+01,5.000000000000000000e-01,6.344426769565101409e+01,1.239145853430683869e-01,7.900513971937057900e-02,7.755680562001142642e-01,2.000000000000000000e+00,9.329337390365831063e-12,2.267129535737794299e+00
6.400000000000000000e+01,5.000000000000000000e-01,6.771026224645976299e+01,1.322466059501167246e-01,8.129792719141647195e-02,8.277172766372163926e-01,2.000000000000000000e+00,1.041287873923665846e-11,2.282569577382645321e+00
6.400000000000000000e+01,5.000000000000000000e-01,7.226310240473678448e+01,1.411388718842515322e-01,8.364102228891868995e-02,8.833730122930126827e-01,2.000000000000000000e+00,1.155585915110292813e-11,2.298203185214305222e+00
6.400000000000000000e+01,5.000000000000000000e-01,7.712207567812950515e+01,1.506290540588466897e-01,8.603496935840301840e-02,9.427710413608431095e-01,2.000000000000000000e+00,1.276004641617858072e-11,2.314038860049905111e+00
6.400000000000000000e+01,5.000000000000000000e-01,8.230776646690524956e+01,1.607573563806743155e-01,8.848029464806954347e-02,1.006162995767172275e+00,2.000000000000000000e+00,1.402409325706380874e-11,2.330085320053385090e+00
6.400000000000000000e+01,5.000000000000000000e-01,8.784214326705132692e+01,1.715666860684596229e-01,9.097750497557990923e-02,1.073817427177096606e+00,2.000000000000000000e+00,1.534749769251078153e-11,2.346351590288506372e+00
6.400000000000000000e+01,5.000000000000000000e-01,9.374865173691406994e+01,1.831028354236602929e-01,9.352708625757473471e-02,1.146020944678094899e+00,2.000000000000000000e+00,1.672810124492397799e-11,2.362847132099517466e+00
6.400000000000000000e+01,5.000000000000000000e-01,1.000523140216435394e+02,1.954146758235225378e-01,9.612950183997928666e-02,1.223079428961691306e+00,2.000000000000000000e+00,1.816350519514754131e-11,2.379582026159170027e+00
6.400000000000000000e+01,5.000000000000000000e-01,1.067798347562141004e+02,2.085543647582306648e-01,9.878519054517076459e-02,1.305319328146697044e+00,2.000000000000000000e+00,1.965515958592143182e-11,2.396567226002076723e+00
6.400000000000000000e+01,5.000000000000000000e-01,1.139597141960944242e+02,2.225775667892469223e-01,1.014945643236042500e-01,1.393089040733683781e+00,2.000000000000000000e+00,2.119789784948692663e-11,2.413814901731896612e+00
6.400000000000000000e+01,5.000000000000000000e-01,1.216223689548253049e+02,2.375436893648931735e-01,1.042580053636364135e-01,1.486760391549335925e+00,2.000000000000000000e+00,2.279414567895834609e-11,2.431338895994841209e+00
6.400000000000000000e+01,5.000000000000000000e-01,1.298002608599958307e+02,2.535161344921793569e-01,1.070758624745196397e-01,1.586730206933342879e+00,2.000000000000000000e+00,2.443885061784781168e-11,2.449155315894486762e+00
6.400000000000000000e+01,5.000000000000000000e-01,1.385280344735015490e+02,2.705625673310577128e-01,1.099484465151821105e-01,1.693421995840936889e+00,2.000000000000000000e+00,2.613543864519544257e-11,2.467283284812111788e+00
6.400000000000000000e+01,5.000000000000000000e-01,1.478426638586671231e+02,2.887552028489592248e-01,1.128760245975798104e-01,1.807287743982790351e+00,2.000000000000000000e+00,2.788267005887814568e-11,2.485745876647797559e+00
6.400000000000000000e+01,5.000000000000000000e-01,1.577836092159946304e+02,3.081711117499895125e-01,1.158588127513109217e-01,1.928809828602935372e+00,2.000000000000000000e+00,2.968204293507892140e-11,2.504571251501815254e+00
6.400000000000000000e+01,5.000000000000000000e-01,1.683929840511072769e+02,3.288925469748189001e-01,1.188969666997164581e-01,2.058503062006443507e+00,2.000000000000000000e+00,3.153857799330685025e-11,2.523794006003342361e+00
6.400000000000000000e+01,5.000000000000000000e-01,1.797157335830668217e+02,3.510072921544273861e-01,1.219905703719808415e-01,2.196916872493920980e+00,2.000000000000000000e+00,3.345837127532033626e-11,2.543456743383757157e+00
6.400000000000000000e+01,5.000000000000000000e-01,1.917998251488764367e+02,3.746090334938992905e-01,1.251396217661466248e-01,2.344637631942163125e+00,2.000000000000000000e+00,3.544592891781401624e-11,2.553364284952538199e+00
2.560000000000000000e+02,5.000000000000000000e-01,1.283799128671176739e-06,3.134275216482365086e-10,8.803744882996472382e-09,8.803760899271299047e-09,1.000000000000000000e+00,5.424998998429715353e-15,1.000002868731225236e+00
2.560000000000000000e+02,5.000000000000000000e-01,1.383756302806729297e-06,3.378311286149241447e-10,9.489206354632216627e-09,9.489225658985766987e-09,1.000000000000000000e+00,1.170492597807173601e-16,1.000002565862857296e+00
2.560000000000000000e+02,5.000000000000000000e-01,1.491496187210601687e-06,3.641348113307133024e-10,1.022803846852205343e-08,1.022806101135791137e-08,1.000000000000000000e+00,6.515644590366260691e-16,1.000002068481506967e+00
2.560000000000000000e+02,5.000000000000000000e-01,1.607624747183871960e-06,3.924865105429374901e-10,1.102439656756664425e-08,1.102442241459362061e-08,1.000000000000000000e+00,5.961318929893192177e-16,1.000002152378954179e+00
2.560000000000000000e+02,5.000000000000000000e-01,1.732795128756896003e-06,4.230456857316640632e-10,1.188275884754875414e-08,1.188278887273265630e-08,1.000000000000000000e+00,2.154463375520214808e-16,1.000002422050727091e+00
2.560000000000000000e+02,5.000000000000000000e-01,1.867711332201955261e-06,4.559842119633679836e-10,1.280795344657936877e-08,1.280798812707174453e-08,1.000000000000000000e+00,3.530741262008676058e-16,1.000002710968743713e+00
2.560000000000000000e+02,5.000000000000000000e-01,2.013132171567300067e-06,4.914873465740478679e-10,1.380518331409840257e-08,1.380522380900353215e-08,1.000000000000000000e+00,2.538066428160762905e-16,1.000002991268644337e+00
2.560000000000000000e+02,5.000000000000000000e-01,2.169875542502222537e-06,5.297547711187066741e-10,1.488005774121442963e-08,1.488010470698729574e-08,1.000000000000000000e+00,5.189048300179520746e-17,1.000003158048642149e+00
2.560000000000000000e+02,5.000000000000000000e-01,2.338823022376954045e-06,5.710017144474985462e-10,1.603862167059923732e-08,1.603867631225947174e-08,1.000000000000000000e+00,1.806892508741213572e-16,1.000003484508809493e+00
2.560000000000000000e+02,5.000000000000000000e-01,2.520924828569922030e-06,6.154601632250786207e-10,1.728739122363246094e-08,1.728745482070708088e-08,1.000000000000000000e+00,6.329540199237271850e-17,1.000003644954205129e+00
2.560000000000000000e+02,5.000000000000000000e-01,2.717205162809456332e-06,6.633801667015274248e-10,1.863339011572588046e-08,1.863346378214213120e-08,1.000000000000000000e+00,1.192163583675629029e-16,1.000003940949355297e+00
2.560000000000000000e+02,5.000000000000000000e-01,2.928767971628391071e-06,7.150312430733376637e-10,2.008418784800599597e-08,2.008427360310533619e-08,1.000000000000000000e+00,4.424185295477377767e-16,1.000004306735078785e+00
2.560000000000000000e+02,5.000000000000000000e-01,3.156803155330149416e-06,7.707038953442747597e-10,2.164794456033654593e-08,2.164804412537517366e-08,1.000000000000000000e+00,1.948938601673722660e-16,1.000004669581031180e+00
2.560000000000000000e+02,5.000000000000000000e-01,3.402593260387798733e-06,8.307112452118649250e-10,2.333345455207527674e-08,2.333357051965936614e-08,1.000000000000000000e+00,3.808099069819975791e-16,1.000004995239635264e+00
2.560000000000000000e+02,5.000000000000000000e-01,3.667520692916189935e-06,8.953907941689916833e-10,2.515019824052810507e-08,2.515033275258901534e-08,1.000000000000000000e+00,4.685198840559553534e-16,1.000005370911239311e+00
2.560000000000000000e+02,5.000000000000000000e-01,3.953075493788362616e-06,9.651063217256744667e-10,2.710839234304900158e-08,2.710854890523569748e-08,1.000000000000000000e+00,4.916708127106802061e-16,1.000005854528623672e+00
2.560000000000000000e+02,5.000000000000000000e-01,4.260863719125917737e-06,1.040249931427226010e-09,2.921905071728417686e-08,2.921923264303165582e-08,1.000000000000000000e+00,3.275977215724569081e-16,1.000006131197352488e+00
2.560000000000000000e+02,5.000000000000000000e-01,4.592616473298113051e-06,1.121244256176297132e-09,3.149404431324131852e-08,3.149425516032362606e-08,1.000000000000000000e+00,2.821357366850792361e-16,1.000006705810449148e+00
2.560000000000000000e+02,5.000000000000000000e-01,4.950199645234399360e-06,1.208544835262304531e-09,3.394616645443358483e-08,3.394641194795796883e-08,1.000000000000000000e+00,6.543883719739588208e-16,1.000007315003315966e+00
2.560000000000000000e+02,5.000000000000000000e-01,5.335624402810460185e-06,1.302642676467397506e-09,3.658920966534808060e-08,3.658949475941885317e-08,1.000000000000000000e+00,2.428471608599983212e-16,1.000007763370305724e+00
2.560000000000000000e+02,5.000000000000000000e-01,5.751058504331998920e-06,1.404067017659179424e-09,3.943803805802763090e-08,3.943836918028317476e-08,1.000000000000000000e+00,4.915290065464590590e-16,1.000008468029193409e+00
2.560000000000000000e+02,5.000000000000000000e-01,6.198838490735545962e-06,1.513388303402232901e-09,4.250867304133565649e-08,4.250905823726687123e-08,1.000000000000000000e+00,6.270890487552028072e-16,1.000009043244929785e+00
2.560000000000000000e+02,5.000000000000000000e-01,6.681482827079648165e-06,1.631221393329992228e-09,4.581838569156688630e-08,4.581883251711005502e-08,1.000000000000000000e+00,7.757207682028974217e-16,1.000009661991370535e+00
2.560000000000000000e+02,5.000000000000000000e-01,7.201706067238247603e-06,1.758229020321837794e-09,4.938578823488818691e-08,4.938630730215765431e-08,1.000000000000000000e+00,7.196857187365064823e-16,1.000010520007464265e+00
2.560000000000000000e+02,5.000000000000000000e-01,7.762434121463606543e-06,1.895125517935450816e-09,5.323094418153701845e-08,5.323154726896098001e-08,1.000000000000000000e+00,1.502321452500026485e-15,1.000011422891702750e+00
2.560000000000000000e+02,5.000000000000000000e-01,8.366820712688386054e-06,2.042680838058688002e-09,5.737547801594232086e-08,5.737617933875842406e-08,1.000000000000000000e+00,1.084066353966523926e-15,1.000012257602023169e+00
2.560000000000000000e+02,5.000000000000000000e-01,9.018265114122740148e-06,2.201724881377622106e-09,6.184269998589276250e-08,6.184351431454490909e-08,1.000000000000000000e+00,1.580476260200595968e-15,1.000013148170751265e+00
2.560000000000000000e+02,5.000000000000000000e-01,9.720431267908829248e-06,2.373152165016804016e-09,6.665773177989915800e-08,6.665867798885913261e-08,1.000000000000000000e+00,1.732910408715059690e-15,1.000014188574539276e+00
2.560000000000000000e+02,5.000000000000000000e-01,1.047726839236204406e-05,2.557926853604014664e-09,7.184765352085835468e-08,7.184875245967982802e-08,1.000000000000000000e+00,1.731403376644408241e-15,1.000015286028187234e+00
2.560000000000000000e+02,5.000000000000000000e-01,1.129303319370155815e-05,2.757088182056044471e-09,7.744165164791690627e-08,7.744292844924317131e-08,1.000000000000000000e+00,2.180024086603307652e-15,1.000016526542850670e+00
2.560000000000000000e+02,5.000000000000000000e-01,1.217231380719582991e-05,2.971756300584919411e-09,8.347118589419648577e-08,8.347266948246898683e-08,1.000000000000000000e+00,2.767696763289418807e-15,1.000017846990687076e+00
2.560000000000000000e+02,5.000000000000000000e-01,1.312005560237670653e-05,3.203138574799000617e-09,8.997016470224360054e-08,8.997188884839496030e-08,1.000000000000000000e+00,2.765289828452078244e-15,1.000019231613990200e+00
2.560000000000000000e+02,5.000000000000000000e-01,1.414158899745883018e-05,3.452536376332722212e-09,9.697513707081453567e-08,9.697714033990562680e-08,1.000000000000000000e+00,3.298546363230008519e-15,1.000020666449032092e+00
2.560000000000000000e+02,5.000000000000000000e-01,1.524265943940213960e-05,3.721352402197787989e-09,1.045254968361977454e-07,1.045278238445419039e-07,1.000000000000000000e+00,3.910347838090755965e-15,1.000022267548672517e+00
2.560000000000000000e+02,5.000000000000000000e-01,1.642945971823572650e-05,4.011098564022394165e-09,1.126637033848833441e-07,1.126664069427047379e-07,1.000000000000000000e+00,4.732016794033584364e-15,1.000024000663103152e+00
2.560000000000000000e+02,5.000000000000000000e-01,1.770866479738903424e-05,4.323404491550057188e-09,1.214355232384795254e-07,1.214386637595915935e-07,1.000000000000000000e+00,5.560912825151612119e-15,1.000025851379191977e+00
2.560000000000000000e+02,5.000000000000000000e-01,1.908746935592846723e-05,4.660026698224723445e-09,1.308902840731887030e-07,1.308939324142532143e-07,1.000000000000000000e+00,6.381133290373871766e-15,1.000027903057571166e+00
2.560000000000000000e+02,5.000000000000000000e-01,2.057362825384923411e-05,5.022858460412410672e-09,1.410811536083524733e-07,1.410853925137483937e-07,1.000000000000000000e+00,7.431721706242662294e-15,1.000030097794834205e+00
2.560000000000000000e+02,5.000000000000000000e-01,2.217550014801287640e-05,5.413940465823456153e-09,1.520654393672734692e-07,1.520703642531174872e-07,1.000000000000000000e+00,8.297232199573364822e-15,1.000032419689077301e+00
2.560000000000000000e+02,5.000000000000000000e-01,2.390209450404138158e-05,5.835472291025727925e-09,1.639049093103280681e-07,1.639106308034148523e-07,1.000000000000000000e+00,1.019154949336286415e-14,1.000034952101074737e+00
2.560000000000000000e+02,5.000000000000000000e-01,2.576312226857793627e-05,6.289824772602035221e-09,1.766661382253665882e-07,1.766727858010147300e-07,1.000000000000000000e+00,1.146712865016897723e-14,1.000037667679777087e+00
2.560000000000000000e+02,5.000000000000000000e-01,2.776905048691326243e-05,6.779553341531558211e-09,1.904208852044911851e-07,1.904286078925942088e-07,1.000000000000000000e+00,1.362511444962930660e-14,1.000040566925008534e+00
2.560000000000000000e+02,5.000000000000000000e-01,2.993116117316403334e-05,7.307412395792000328e-09,2.052464928813574437e-07,2.052554644423516901e-07,1.000000000000000000e+00,1.558465807473258863e-14,1.000043755609908658e+00
2.560000000000000000e+02,5.000000000000000000e-01,3.226161476411019155e-05,7.876370792019089734e-09,2.212263230839699815e-07,2.212367466720526059e-07,1.000000000000000000e+00,1.815393110183508545e-14,1.000047175142256606e+00
2.560000000000000000e+02,5.000000000000000000e-01,3.477351851357620577e-05,8.489628543353565861e-09,2.384502289030011796e-07,2.384623386812726130e-07,1.000000000000000000e+00,2.116498937055130739e-14,1.000050813251505133e+00
2.560000000000000000e+02,5.000000000000000000e-01,3.748100021202942537e-05,9.150634817389996428e-09,2.570150547379692095e-07,2.570291229857666314e-07,1.000000000000000000e+00,2.447600020180366193e-14,1.000054784709263345e+00
2.560000000000000000e+02,5.000000000000000000e-01,4.039928764601959007e-05,9.863107335454001482e-09,2.770251807526170154e-07,2.770415254172828117e-07,1.000000000000000000e+00,2.796798302171287575e-14,1.000059068143798413e+00
2.560000000000000000e+02,5.000000000000000000e-01,4.354479424436515008e-05,1.063105328231571047e-08,2.985931135158957318e-07,2.986121024495152501e-07,1.000000000000000000e+00,3.332730205078754177e-14,1.000063652254851831e+00
2.560000000000000000e+02,5.000000000000000000e-01,4.693521139279096426e-05,1.145879184394310651e-08,3.218401135027267745e-07,3.218621742535250572e-07,1.000000000000000000e+00,3.798726636036346682e-14,1.000068601207019015e+00
2.560000000000000000e+02,5.000000000000000000e-01,5.058960793622397170e-05,1.235097850005468059e-08,3.468968776622662258e-07,3.469225070431324801e-07,1.000000000000000000e+00,4.528343286378351039e-14,1.000073943759318240e+00
2.560000000000000000e+02,5.000000000000000000e-01,5.452853742838267723e-05,1.331263120810123956e-08,3.739042730569365177e-07,3.739340485480304564e-07,1.000000000000000000e+00,5.132728678743872488e-14,1.000079707775412885e+00
2.560000000000000000e+02,5.000000000000000000e-01,5.877415373186747655e-05,1.434915862594420814e-08,4.030141282336475262e-07,4.030487207511628084e-07,1.000000000000000000e+00,5.996542773163484506e-14,1.000085911917423687e+00
2.560000000000000000e+02,5.000000000000000000e-01,6.335033561892557661e-05,1.546639053196425210e-08,4.343900858800148266e-07,4.344302743489878919e-07,1.000000000000000000e+00,6.986945730663048602e-14,1.000092592412556769e+00
2.560000000000000000e+02,5.000000000000000000e-01,6.828282107368767223e-05,1.667061061369327935e-08,4.682085203184008096e-07,4.682552097404040693e-07,1.000000000000000000e+00,8.136952143298977401e-14,1.000099808676495172e+00
2.560000000000000000e+02,5.000000000000000000e-01,7.359935205123564143e-05,1.796859180938370152e-08,5.046595269433343945e-07,5.047137697242765764e-07,1.000000000000000000e+00,9.422378974470826650e-14,1.000107577326282637e+00
2.560000000000000000e+02,5.000000000000000000e-01,7.932983050767781910e-05,1.936763440128853005e-08,5.439479924842455783e-07,5.440110094888504736e-07,1.000000000000000000e+00,1.095004610678644031e-13,1.000115949699868167e+00
2.560000000000000000e+02,5.000000000000000000e-01,8.550648657879348323e-05,2.087560707490075274e-08,5.862947385441661253e-07,5.863679499110017228e-07,1.000000000000000000e+00,1.275337556990350932e-13,1.000124980797863827e+00
2.560000000000000000e+02,5.000000000000000000e-01,9.216405985314413607e-05,2.250099117508401759e-08,6.319377663922286932e-07,6.320228206519011497e-07,1.000000000000000000e+00,1.479015221886348148e-13,1.000134702861132041e+00
2.560000000000000000e+02,5.000000000000000000e-01,9.933999475918812712e-05,2.425292840800491385e-08,6.811335874670655084e-07,6.812324000406462956e-07,1.000000000000000000e+00,1.717569045667302398e-13,1.000145189631112430e+00
2.560000000000000000e+02,5.000000000000000000e-01,1.070746511653247030e-04,2.614127225715935132e-08,7.341586626840269304e-07,7.342734592818421373e-07,1.000000000000000000e+00,1.994293520650740372e-13,1.000156497292870483e+00
2.560000000000000000e+02,5.000000000000000000e-01,1.154115313773516899e-04,2.817664340267375241e-08,7.913109527669781384e-07,7.914443191098292519e-07,1.000000000000000000e+00,2.319079204553623610e-13,1.000168671021626210e+00
2.560000000000000000e+02,5.000000000000000000e-01,1.243975248100451345e-04,3.037048945557742541e-08,8.529115893750074517e-07,8.530665276446957844e-07,1.000000000000000000e+00,2.696530543762911805e-13,1.000181798881882855e+00
2.560000000000000000e+02,5.000000000000000000e-01,1.340831717089802425e-04,3.273514934301275451e-08,9.193066683567318179e-07,9.194866688869272131e-07,1.000000000000000000e+00,3.127952854260455990e-13,1.000195955672779746e+00
2.560000000000000000e+02,5.000000000000000000e-01,1.445229474058484711e-04,3.528392270650597438e-08,9.908691962189586255e-07,9.910783120222390841e-07,1.000000000000000000e+00,3.636468002545890582e-13,1.000211204360518025e+00
2.560000000000000000e+02,5.000000000000000000e-01,1.557755687060223028e-04,3.803114470361872627e-08,1.068001172490778087e-06,1.068244112500167161e-06,1.000000000000000000e+00,4.222886142309606719e-13,1.000227645172564905e+00
2.560000000000000000e+02,5.000000000000000000e-01,1.679043241315925214e-04,4.099226663368958041e-08,1.151135841734552237e-06,1.151418076703572703e-06,1.000000000000000000e+00,4.906871197369602163e-13,1.000245365645007212e+00
2.560000000000000000e+02,5.000000000000000000e-01,1.809774298772756206e-04,4.418394284113174332e-08,1.240740117869103640e-06,1.241068002946327483e-06,1.000000000000000000e+00,5.703696647520901239e-13,1.000264461053802734e+00
2.560000000000000000e+02,5.000000000000000000e-01,1.950684134812077247e-04,4.762412438506047966e-08,1.337317195016864534e-06,1.337698112528170413e-06,1.000000000000000000e+00,6.621247776887385043e-13,1.000285041017676235e+00
2.560000000000000000e+02,5.000000000000000000e-01,2.102565273685176443e-04,5.133216000207950300e-08,1.441409359530970906e-06,1.441851885644670813e-06,1.000000000000000000e+00,7.692991322639791055e-13,1.000307225466613659e+00
2.560000000000000000e+02,5.000000000000000000e-01,2.266271945935885543e-04,5.532890493007533064e-08,1.553601020078916296e-06,1.554115118102414828e-06,1.000000000000000000e+00,8.935779708035091456e-13,1.000331133206657341e+00
2.560000000000000000e+02,5.000000000000000000e-01,2.442724892880092195e-04,5.963683820508037586e-08,1.674521973103650574e-06,1.675119216031389872e-06,1.000000000000000000e+00,1.038154006858168051e-12,1.000356899996489801e+00
2.560000000000000000e+02,5.000000000000000000e-01,2.632916545164199818e-04,6.428018909092284713e-08,1.804850914321897188e-06,1.805544747125164280e-06,1.000000000000000000e+00,1.206314617058356453e-12,1.000384674542132757e+00
2.560000000000000000e+02,5.000000000000000000e-01,2.837916604528446297e-04,6.928507335274527092e-08,1.945319227347850392e-06,1.946125268382202082e-06,1.000000000000000000e+00,1.400722370249447086e-12,1.000414605490945519e+00
2.560000000000000000e+02,5.000000000000000000e-01,3.058878060168823275e-04,7.467964014084041199e-08,2.096715060546679059e-06,2.097651451876837511e-06,1.000000000000000000e+00,1.627847446960043917e-12,1.000446863753658988e+00
2.560000000000000000e+02,5.000000000000000000e-01,3.297043673535613069e-04,8.049423031092805344e-08,2.259887714768943565e-06,2.260975531764615691e-06,1.000000000000000000e+00,1.890809672947785814e-12,1.000481632283580780e+00
2.560000000000000000e+02,5.000000000000000000e-01,3.553752968041243602e-04,8.676154707131942388e-08,2.435752373499257698e-06,2.437016097533456662e-06,1.000000000000000000e+00,2.196544302490221486e-12,1.000519102198147436e+00
2.560000000000000000e+02,5.000000000000000000e-01,3.830449762989937708e-04,9.351683991674652608e-08,2.625295191853919863e-06,2.626763260459513803e-06,1.000000000000000000e+00,2.550969821631543522e-12,1.000559484644313102e+00
2.560000000000000000e+02,5.000000000000000000e-01,4.128690294102454052e-04,1.007981028833606946e-07,2.829578775961869187e-06,2.831284222325565207e-06,1.000000000000000000e+00,2.964046828844500684e-12,1.000603006132472217e+00
2.560000000000000000e+02,5.000000000000000000e-01,4.450151966308554178e-04,1.086462882399549360e-07,3.049748082931680264e-06,3.051729277722335452e-06,1.000000000000000000e+00,3.442964012263300326e-12,1.000649909759118827e+00
2.560000000000000000e+02,5.000000000000000000e-01,4.796642788035788366e-04,1.171055368172799894e-07,3.287036770275777636e-06,3.289338283691673616e-06,1.000000000000000000e+00,3.999219725590341436e-12,1.000700458440704210e+00
2.560000000000000000e+02,5.000000000000000000e-01,5.170111540056220034e-04,1.262234262709038094e-07,3.542774030325273582e-06,3.545447633099034950e-06,1.000000000000000000e+00,4.645454286950360104e-12,1.000754933431707627e+00
2.560000000000000000e+02,5.000000000000000000e-01,5.572658736084115617e-04,1.360512386739286039e-07,3.818391946057995446e-06,3.821497770955874905e-06,1.000000000000000000e+00,5.395765049900201254e-12,1.000813638897675162e+00
2.560000000000000000e+02,5.000000000000000000e-01,6.006548436770648954e-04,1.466442489445959217e-07,4.115433403875249053e-06,4.119041295966243785e-06,1.000000000000000000e+00,6.267333476444682350e-12,1.000876903823098019e+00
2.560000000000000000e+02,5.000000000000000000e-01,6.474220983541558025e-04,1.580620357309950690e-07,4.435560609078282024e-06,4.439751692863461924e-06,1.000000000000000000e+00,7.279947221297464360e-12,1.000945082023882549e+00
2.560000000000000000e+02,5.000000000000000000e-01,6.978306723897032470e-04,1.703688165013923943e-07,4.780564244911952004e-06,4.785432744650374917e-06,1.000000000000000000e+00,8.455932069154722430e-12,1.001018551791126754e+00
2.560000000000000000e+02,5.000000000000000000e-01,7.521640805369636442e-04,1.836338087248446397e-07,5.152373327147189250e-06,5.158028677680890978e-06,1.000000000000000000e+00,9.821052192780520790e-12,1.001097723032131626e+00
2.560000000000000000e+02,5.000000000000000000e-01,8.107279121346399730e-04,1.979316191734960872e-07,5.553065794629516200e-06,5.559635096642084363e-06,1.000000000000000000e+00,1.140696599138792449e-11,1.001183037356192074e+00
2.560000000000000000e+02,5.000000000000000000e-01,8.738515498439726860e-04,2.133426635361261440e-07,5.984879905089258982e-06,5.992510770938892516e-06,1.000000000000000000e+00,1.324888488283380710e-11,1.001274969330680165e+00
2.560000000000000000e+02,5.000000000000000000e-01,9.418900222074715620e-04,2.299536187029959868e-07,6.450226477089982746e-06,6.459090338772003634e-06,1.000000000000000000e+00,1.538676932467764502e-11,1.001374030373597179e+00
2.560000000000000000e+02,5.000000000000000000e-01,1.015226000448695700e-03,2.478579102657948487e-07,6.951702055410416489e-06,6.961998000360912218e-06,1.000000000000000000e+00,1.787021693399324051e-11,1.001480769951378136e+00
2.560000000000000000e+02,5.000000000000000000e-01,1.094271950743762756e-03,2.671562379745514542e-07,7.492103050513374460e-06,7.504062277327482555e-06,1.000000000000000000e+00,2.075381844387884249e-11,1.001595782032595139e+00
2.560000000000000000e+02,5.000000000000000000e-01,1.179472454069670955e-03,2.879571421068532604e-07,8.074440932069499872e-06,8.088331921251649452e-06,1.000000000000000000e+00,2.410206463430231952e-11,1.001719703400169692e+00
2.560000000000000000e+02,5.000000000000000000e-01,1.271306706677057625e-03,3.103776139348285218e-07,8.701958547626853879e-06,8.718093060874446571e-06,1.000000000000000000e+00,2.798913024507723053e-11,1.001853219912781867e+00
2.560000000000000000e+02,5.000000000000000000e-01,1.370291215250878797e-03,3.345437537233590813e-07,9.378147639743516795e-06,9.396887684389879507e-06,1.000000000000000000e+00,3.250199634256377045e-11,1.001997071024625541e+00
2.560000000000000000e+02,5.000000000000000000e-01,1.476982701917509090e-03,3.605914799603293676e-07,1.010676765089438179e-05,1.012853356077634495e-05,1.000000000000000000e+00,3.774212793902510262e-11,1.002152051765847318e+00
2.560000000000000000e+02,5.000000000000000000e-01,1.591981235436987305e-03,3.886672938078582289e-07,1.089186590058597086e-05,1.091714571221178773e-05,1.000000000000000000e+00,4.382474090342508050e-11,1.002319016817331487e+00
2.560000000000000000e+02,5.000000000000000000e-01,1.715933606191295509e-03,4.189291030740467552e-07,1.173779922889194670e-05,1.176715955834071965e-05,1.000000000000000000e+00,5.088590381330518609e-11,1.002498885744245172e+00
2.560000000000000000e+02,5.000000000000000000e-01,1.849536963950735571e-03,4.515471103395350515e-07,1.264925720063224903e-05,1.268335586256424312e-05,1.000000000000000000e+00,5.908109785915855982e-11,1.002692648353871618e+00
2.560000000000000000e+02,5.000000000000000000e-01,1.993542738878411203e-03,4.867047702339871101e-07,1.363128697597694505e-05,1.367088762065928834e-05,1.000000000000000000e+00,6.859394244057731285e-11,1.002901368275402660e+00
2.560000000000000000e+02,5.000000000000000000e-01,2.148760867825886666e-03,5.245998212465543618e-07,1.468931995548991092e-05,1.473530904295785594e-05,1.000000000000000000e+00,7.963424688803839289e-11,1.003126189106879451e+00
2.560000000000000000e+02,5.000000000000000000e-01,2.316064349690103753e-03,5.654453978735604866e-07,1.582920030808712735e-05,1.588260679309162838e-05,1.000000000000000000e+00,9.244601724641225389e-11,1.003368340845788964e+00
2.560000000000000000e+02,5.000000000000000000e-01,2.496394155452434649e-03,6.094712293585045530e-07,1.705721550328107258e-05,1.711923365899927044e-05,1.000000000000000000e+00,1.073134542685846975e-10,1.003629144976414977e+00
2.560000000000000000e+02,5.000000000000000000e-01,2.690764520515559477e-03,6.569249317664940129e-07,1.838012896954738991e-05,1.845214484557331579e-05,1.000000000000000000e+00,1.245625338310550127e-10,1.003910021418619181e+00
2.560000000000000000e+02,5.000000000000000000e-01,2.900268649104070524e-03,7.080734006601734677e-07,1.980521500289416156e-05,1.988883709306887970e-05,1.000000000000000000e+00,1.445751589434585704e-10,1.004212495725603560e+00
2.560000000000000000e+02,5.000000000000000000e-01,3.126084862812246023e-03,7.632043122100210017e-07,2.134029605906728221e-05,2.143739084128904243e-05,1.000000000000000000e+00,1.677901602000189526e-10,1.004538205556059438e+00
2.560000000000000000e+02,5.000000000000000000e-01,3.369483227880523419e-03,8.226277411817684128e-07,2.299378256418886023e-05,2.310651567669271824e-05,1.000000000000000000e+00,1.947171926436071158e-10,1.004888909800861541e+00
2.560000000000000000e+02,5.000000000000000000e-01,3.631832698474648548e-03,8.866779049010372431e-07,2.477471537377609978e-05,2.490559931803445253e-05,1.000000000000000000e+00,2.259471661643812456e-10,1.005266496805020893e+00
2.560000000000000000e+02,5.000000000000000000e-01,3.914608816143765394e-03,9.557150430038489730e-07,2.669281103011332881e-05,2.684476041604821610e-05,1.000000000000000000e+00,2.621606681319375312e-10,1.005672991751282552e+00
2.560000000000000000e+02,5.000000000000000000e-01,4.219402008761736697e-03,1.030127443545345873e-06,2.875850995200876311e-05,2.893490546413809354e-05,1.000000000000000000e+00,3.041495114809066910e-10,1.006110569145889144e+00
2.560000000000000000e+02,5.000000000000000000e-01,4.547926535627753834e-03,1.110333626862244588e-06,3.098302768524740987e-05,3.118779014016083803e-05,2.000000000000000000e+00,3.350436710457617884e-16,1.006581554239986076e+00
2.560000000000000000e+02,5.000000000000000000e-01,4.902030129036475878e-03,1.196784699471795869e-06,3.337840941405646077e-05,3.361608542430699647e-05,2.000000000000000000e+00,2.764944413592090373e-16,1.007088443306216163e+00
2.560000000000000000e+02,5.000000000000000000e-01,5.283704386545126815e-03,1.289966891246368851e-06,3.595758772479609174e-05,3.623344886494983780e-05,2.000000000000000000e+00,2.316838093948796442e-16,1.007633914455581703e+00
2.560000000000000000e+02,5.000000000000000000e-01,5.695095972387181904e-03,1.390404290133589332e-06,3.873444393736135116e-05,3.905460139328525092e-05,2.000000000000000000e+00,6.054688860189968344e-16,1.008220829317849621e+00
2.560000000000000000e+02,5.000000000000000000e-01,6.138518691033071836e-03,1.498661789802996054e-06,4.172387298190730331e-05,4.209541011879354942e-05,2.000000000000000000e+00,1.511600716411616960e-16,1.008852252091436696e+00
2.560000000000000000e+02,5.000000000000000000e-01,6.616466500803790465e-03,1.615348266797800407e-06,4.494185200245255966e-05,4.537297757119330478e-05,2.000000000000000000e+00,6.016308880731475948e-16,1.009531460126176228e+00
2.560000000000000000e+02,5.000000000000000000e-01,7.131627540730232917e-03,1.741120005061092021e-06,4.840551274867692692e-05,4.890573789081337273e-05,2.000000000000000000e+00,3.721153900865986966e-16,1.010261957037329239e+00
2.560000000000000000e+02,5.000000000000000000e-01,7.686899249550088568e-03,1.876684387097189592e-06,5.213321786087805724e-05,5.271356050839041518e-05,2.000000000000000000e+00,2.805045230786688643e-16,1.011047485001633106e+00
2.560000000000000000e+02,5.000000000000000000e-01,8.285404661876584476e-03,2.022803872528463007e-06,5.614464108435778992e-05,5.681786189742168730e-05,2.000000000000000000e+00,2.814164212763345918e-16,1.011892038872709065e+00
2.560000000000000000e+02,5.000000000000000000e-01,8.930509973194212386e-03,2.180300286424368258e-06,6.046085145499728835e-05,6.124172602760606882e-05,2.000000000000000000e+00,5.943257702817502592e-16,1.012799879868634179e+00
2.560000000000000000e+02,5.000000000000000000e-01,9.625843472472911735e-03,2.350059441521706967e-06,6.510440144555272254e-05,6.601003419684399194e-05,2.000000000000000000e+00,3.762989166051985448e-16,1.013775549419211330e+00
2.560000000000000000e+02,5.000000000000000000e-01,1.037531594888398308e-02,2.533036120333003681e-06,7.009941904330405159e-05,7.114960497201456094e-05,2.000000000000000000e+00,2.557838601808676442e-16,1.014823883303350271e+00
2.560000000000000000e+02,5.000000000000000000e-01,1.118314268739209125e-02,2.730259445164084777e-06,7.547170366417913986e-05,7.668934502560446518e-05,2.000000000000000000e+00,3.963059705600350961e-16,1.015950026047608645e+00
2.560000000000000000e+02,5.000000000000000000e-01,1.205386717693387663e-02,2.942838666243622224e-06,8.124882577984891168e-05,8.266041171654421051e-05,2.000000000000000000e+00,1.921355135376421413e-16,1.017159444471761987e+00
2.560000000000000000e+02,5.000000000000000000e-01,1.299238666452594802e-02,3.171969400519030279e-06,8.746023006438376917e-05,8.909638832966085590e-05,2.000000000000000000e+00,2.835574342598828940e-16,1.018457941999585614e+00
2.560000000000000000e+02,5.000000000000000000e-01,1.400397969902713279e-02,3.418940356207796090e-06,9.413734179673461592e-05,9.603347295935280058e-05,2.000000000000000000e+00,3.882271432827281243e-16,1.019851671444772734e+00
2.560000000000000000e+02,5.000000000000000000e-01,1.509433581947046930e-02,3.685140580925407545e-06,1.013136762120925028e-04,1.035106820998326472e-04,2.000000000000000000e+00,2.794208016064267494e-16,1.021347147448150139e+00
2.560000000000000000e+02,5.000000000000000000e-01,1.626958755494175082e-02,3.972067274155700885e-06,1.090249503702757540e-04,1.115700700869956460e-04,2.000000000000000000e+00,1.857736320638517931e-16,1.022951258317203127e+00
2.560000000000000000e+02,5.000000000000000000e-01,1.753634491598333317e-02,4.281334208003743450e-06,1.173091970679083628e-04,1.202569656261329363e-04,2.000000000000000000e+00,3.517531908971103846e-16,1.024671275995899578e+00
2.560000000000000000e+02,5.000000000000000000e-01,1.890173257151353883e-02,4.614680803592172567e-06,1.262068801922973751e-04,1.296202267357947401e-04,2.000000000000000000e+00,1.755163312856423728e-16,1.026514864831170826e+00
2.560000000000000000e+02,5.000000000000000000e-01,2.037342992035817701e-02,4.973981914149945560e-06,1.357610108384879339e-04,1.397125155417004824e-04,2.000000000000000000e+00,6.513364842223435732e-16,1.028490087993695568e+00
2.560000000000000000e+02,5.000000000000000000e-01,2.195971428276903906e-02,5.361258369816659926e-06,1.460172633928141729e-04,1.505905944662229445e-04,2.000000000000000000e+00,3.340701186886739053e-16,1.030605411708808816e+00
2.560000000000000000e+02,5.000000000000000000e-01,2.366950745485331756e-02,5.778688343470048232e-06,1.570240906836603892e-04,1.623156454793180873e-04,2.000000000000000000e+00,4.485166243680582759e-16,1.032869706529293552e+00
2.560000000000000000e+02,5.000000000000000000e-01,2.551242588775217562e-02,6.228619601501996002e-06,1.688328371904432171e-04,1.749536142064778501e-04,2.000000000000000000e+00,3.169731303777990261e-16,1.035292245217860341e+00
2.560000000000000000e+02,5.000000000000000000e-01,2.749883477379186023e-02,6.713582708445278375e-06,1.814978491947864033e-04,1.885755808290774779e-04,2.000000000000000000e+00,4.648135932290546952e-16,1.037882696552792083e+00
2.560000000000000000e+02,5.000000000000000000e-01,2.963990634380755940e-02,7.236305259718642431e-06,1.950765806601375402e-04,2.032581598631948909e-04,2.000000000000000000e+00,5.372754969797877940e-16,1.040651114607914707e+00
2.560000000000000000e+02,5.000000000000000000e-01,3.194768270352207895e-02,7.799727222539570056e-06,2.096296935278919025e-04,2.190839310653820899e-04,2.000000000000000000e+00,4.984713637663309424e-16,1.043607923062381815e+00
2.560000000000000000e+02,5.000000000000000000e-01,3.443514356239393143e-02,8.407017471287580915e-06,2.252211510416352036e-04,2.361419038889583520e-04,2.000000000000000000e+00,4.879997115194591025e-16,1.046763893421417180e+00
2.560000000000000000e+02,5.000000000000000000e-01,3.711627923586321293e-02,9.061591610318167218e-06,2.419183026643814151e-04,2.545280181030739036e-04,2.000000000000000000e+00,3.380522740653273026e-16,1.050130116714374395e+00
2.560000000000000000e+02,5.000000000000000000e-01,4.000616933158490651e-02,9.767131184468971316e-06,2.597919591060011014e-04,2.743456833901972993e-04,2.000000000000000000e+00,3.980819398462487393e-16,1.053717968341143063e+00
2.560000000000000000e+02,5.000000000000000000e-01,4.312106756220834142e-02,1.052760438530477085e-05,2.789164559831407153e-04,2.957063609569102127e-04,2.000000000000000000e+00,5.193212970159422172e-16,1.057539064764046799e+00
2.560000000000000000e+02,5.000000000000000000e-01,4.647849316171628192e-02,1.134728836955963914e-05,2.993697046878177146e-04,3.187301904291696994e-04,2.000000000000000000e+00,3.426598824648134530e-16,1.061605212017955324e+00
2.560000000000000000e+02,5.000000000000000000e-01,5.009732941948246560e-02,1.223079331530333633e-05,3.212332290906673676e-04,3.435466655579259582e-04,2.000000000000000000e+00,3.077895859197250347e-16,1.065928345168419611e+00
2.560000000000000000e+02,5.000000000000000000e-01,5.399792988623349638e-02,1.318308835113122470e-05,3.445921868859883573e-04,3.702953625354713472e-04,2.000000000000000000e+00,5.173322226145240269e-16,1.070520458273694686e+00
2.560000000000000000e+02,5.000000000000000000e-01,5.820223284925574864e-02,1.420952950421282926e-05,3.695353745294822890e-04,3.991267250188355225e-04,2.000000000000000000e+00,6.572586482858707297e-16,1.075393524720933414e+00
2.560000000000000000e+02,5.000000000000000000e-01,6.273388472069217625e-02,1.531588982438773834e-05,3.961552150129238380e-04,4.302029102754467878e-04,2.000000000000000000e+00,1.776927897887612917e-16,1.080559407575634623e+00
2.560000000000000000e+02,5.000000000000000000e-01,6.761837303290699208e-02,1.650839185373705861e-05,4.245477279963547133e-04,4.636987012100725553e-04,2.000000000000000000e+00,4.400251870631175419e-16,1.086029759995799537e+00
2.560000000000000000e+02,5.000000000000000000e-01,7.288316978893004394e-02,1.779374262425049901e-05,4.548124822319341487e-04,4.998024894025927074e-04,2.000000000000000000e+00,3.733571259110870054e-16,1.091815916025321798e+00
2.560000000000000000e+02,5.000000000000000000e-01,7.855788597422909414e-02,1.917917138042702494e-05,4.870525306026175327e-04,5.387173346855216732e-04,2.000000000000000000e+00,2.625188091242086852e-16,1.097928772210671866e+00
2.560000000000000000e+02,5.000000000000000000e-01,8.467443809883985761e-02,2.067247023897457461e-05,5.213743286326734958e-04,5.806621072207236375e-04,2.000000000000000000e+00,6.280750969268307620e-16,1.104378660849114624e+00
2.560000000000000000e+02,5.000000000000000000e-01,9.126722770653841743e-02,2.228203801429160582e-05,5.578876378009259718e-04,6.258727184987166597e-04,2.000000000000000000e+00,7.365896098708484571e-16,1.111175216294700618e+00
2.560000000000000000e+02,5.000000000000000000e-01,9.837333486068049193e-02,2.401692745622082323e-05,5.967054155730633748e-04,6.746034481841485042e-04,2.000000000000000000e+00,2.969634295209692160e-16,1.118327235275760501e+00
2.560000000000000000e+02,5.000000000000000000e-01,1.060327266949328828e-01,2.588689616575509835e-05,6.379436946256299926e-04,7.271283742700428631e-04,2.000000000000000000e+00,4.108315390020221079e-16,1.125842533692875236e+00
2.560000000000000000e+02,5.000000000000000000e-01,1.142884822018581104e-01,2.790246147506301522e-05,6.817214542441287894e-04,7.837429145844943251e-04,2.000000000000000000e+00,3.893156503665609117e-16,1.133727801833400051e+00
2.560000000000000000e+02,5.000000000000000000e-01,1.231870345236407843e-01,3.007495960049823836e-05,7.281604874379760985e-04,8.447654883197782023e-04,2.000000000000000000e+00,3.449057052726517779e-16,1.141988460490095392e+00
2.560000000000000000e+02,5.000000000000000000e-01,1.327784321076749541e-01,3.241660940128783059e-05,7.773852677135278987e-04,9.105393069288366531e-04,2.000000000000000000e+00,3.200071588380831892e-16,1.150628521208133748e+00
2.560000000000000000e+02,5.000000000000000000e-01,1.431166201958461448e-01,3.494058110250150020e-05,8.295228198248587878e-04,9.814343044617923617e-04,2.000000000000000000e+00,4.138555532071873707e-16,1.159650453493453526e+00
2.560000000000000000e+02,5.000000000000000000e-01,1.542597442306904432e-01,3.766107036882090898e-05,8.847025990671783654e-04,1.057849218199297852e-03,2.000000000000000000e+00,5.493368274913532441e-16,1.169055062483517204e+00
2.560000000000000000e+02,5.000000000000000000e-01,1.662704768848971004e-01,4.059337814572683116e-05,9.430563837764054623e-04,1.140213831284955098e-03,2.000000000000000000e+00,4.472857786931952972e-16,1.178841380380674764e+00
2.560000000000000000e+02,5.000000000000000000e-01,1.792163705534714768e-01,4.375399671715612227e-05,1.004718185687858032e-03,1.228991389970081208e-03,2.000000000000000000e+00,5.684504345362912087e-16,1.189006575038694891e+00
2.560000000000000000e+02,5.000000000000000000e-01,1.931702372910952259e-01,4.716070246364629538e-05,1.069824182592580414e-03,1.324681209066226866e-03,2.000000000000000000e+00,4.341804746613325471e-16,1.199545879045729180e+00
2.560000000000000000e+02,5.000000000000000000e-01,2.082105583315826958e-01,5.083265584267155658e-05,1.138512677395487954e-03,1.427821480259420465e-03,2.000000000000000000e+00,3.458599405300923163e-16,1.210452542021416278e+00
2.560000000000000000e+02,5.000000000000000000e-01,2.244219254926997920e-01,5.479050915349116015e-05,1.210924087193212661e-03,1.538992299080975575e-03,2.000000000000000000e+00,5.031428493585854877e-16,1.221717808762026181e+00
2.560000000000000000e+02,5.000000000000000000e-01,2.418955169489658552e-01,5.905652269261861699e-05,1.287200965340518088e-03,1.658818927559641563e-03,2.000000000000000000e+00,5.917847049550193137e-16,1.233330925200551320e+00
2.560000000000000000e+02,5.000000000000000000e-01,2.607296100483313950e-01,6.365468995320590698e-05,1.367488058756114160e-03,1.787975310905263364e-03,2.000000000000000000e+00,4.415886210481324612e-16,1.245279173363144309e+00
2.560000000000000000e+02,5.000000000000000000e-01,2.810301340569990591e-01,6.861087257250953592e-05,1.451932401897285379e-03,1.927187868003051290e-03,2.000000000000000000e+00,5.910329743489516338e-16,1.257547935988103660e+00
2.560000000000000000e+02,5.000000000000000000e-01,3.029112659411982156e-01,7.395294578642534560e-05,1.540683447965166203e-03,2.077239577037394685e-03,2.000000000000000000e+00,5.723010990432840387e-16,1.270120790457379911e+00
2.560000000000000000e+02,5.000000000000000000e-01,3.264960725367946903e-01,7.971095520917839119e-05,1.633893237055768872e-03,2.238974379224170641e-03,2.000000000000000000e+00,6.492737814961038029e-16,1.282979630930956461e+00
2.560000000000000000e+02,5.000000000000000000e-01,3.519172027185198948e-01,8.591728581995114618e-05,1.731716600121848814e-03,2.413301925419663284e-03,2.000000000000000000e+00,6.676574771696073497e-16,1.296104816744888311e+00
2.560000000000000000e+02,5.000000000000000000e-01,3.793176334617951451e-01,9.260684410688358034e-05,1.834311396864012718e-03,2.601202692302504761e-03,2.000000000000000000e+00,5.337727514060852923e-16,1.309475344344848580e+00
2.560000000000000000e+02,5.000000000000000000e-01,4.088514739932751496e-01,9.981725439288944082e-05,1.941838784986011941e-03,2.803733496903910907e-03,2.000000000000000000e+00,5.983490492652588218e-16,1.323069039351893572e+00
2.560000000000000000e+02,5.000000000000000000e-01,4.406848325528996968e-01,1.075890704474852775e-04,2.054463517720964919e-03,3.022033440501620347e-03,2.000000000000000000e+00,4.305923971740013809e-16,1.336862764776646451e+00
2.560000000000000000e+02,5.000000000000000000e-01,4.749967506424388475e-01,1.159660035748141717e-04,2.172354266113342338e-03,3.257330315308158177e-03,2.000000000000000000e+00,6.271628427449076857e-16,1.350832640955045072e+00
2.560000000000000000e+02,5.000000000000000000e-01,5.119802100150384616e-01,1.249951684607027494e-04,2.295683962302941944e-03,3.510947509986653975e-03,2.000000000000000000e+00,6.650819633471209390e-16,1.364954272567771909e+00
2.560000000000000000e+02,5.000000000000000000e-01,5.518432180694222700e-01,1.347273481614800464e-04,2.424630159919936336e-03,3.784311452833206101e-03,2.000000000000000000e+00,9.257057237301863674e-16,1.379202977988599699e+00
2.560000000000000000e+02,5.000000000000000000e-01,5.948099777533814025e-01,1.452172797249466315e-04,2.559375407752613810e-03,4.078959634488821782e-03,2.000000000000000000e+00,7.158169587722681817e-16,1.393554016345843749e+00
2.560000000000000000e+02,5.000000000000000000e-01,6.411221485564568834e-01,1.565239620499162313e-04,2.700107632964896410e-03,4.396549255303185307e-03,2.000000000000000000e+00,1.062762332339046453e-15,1.407982807911502210e+00
2.560000000000000000e+02,5.000000000000000000e-01,6.910402056840945217e-01,1.687109877158433891e-04,2.847020530426060299e-03,4.738866545986165565e-03,2.000000000000000000e+00,1.232719908408653830e-15,1.422465143748876670e+00
2.560000000000000000e+02,5.000000000000000000e-01,7.448449050576875230e-01,1.818469006488494929e-04,3.000313955033805189e-03,5.107836813969273207e-03,2.000000000000000000e+00,1.944624635533557499e-15,1.436977381190487790e+00
2.560000000000000000e+02,5.000000000000000000e-01,8.028388623801964163e-01,1.960055816357901407e-04,3.160194314315199586e-03,5.505535271981457958e-03,2.000000000000000000e+00,2.335266010600213605e-15,1.451496622290012528e+00
2.560000000000000000e+02,5.000000000000000000e-01,8.653482551485125462e-01,2.112666638546173209e-04,3.326874959005192162e-03,5.934198709742559766e-03,2.000000000000000000e+00,2.462549807314548844e-15,1.466000872969897673e+00
2.560000000000000000e+02,5.000000000000000000e-01,9.327246571852610968e-01,2.277159807581203850e-04,3.500576569769986001e-03,6.396238074420021631e-03,2.000000000000000000e+00,3.107849300729484066e-15,1.480469181250287480e+00
2.560000000000000000e+02,5.000000000000000000e-01,1.005347016008090177e+00,2.454460488301001410e-04,3.681527538669594583e-03,6.894252030605709826e-03,2.000000000000000000e+00,4.071581571520625143e-15,1.494881753795015200e+00
2.560000000000000000e+02,5.000000000000000000e-01,1.083623784157788927e+00,2.645565879291476873e-04,3.869964344348872810e-03,7.431041576078405674e-03,2.000000000000000000e+00,4.408144414302752540e-15,1.509220050397787283e+00
2.560000000000000000e+02,5.000000000000000000e-01,1.167995216472596853e+00,2.851550821466300911e-04,4.066131920368597913e-03,8.009625795556305980e-03,2.000000000000000000e+00,5.990081235367932887e-15,1.523466856698634242e+00
2.560000000000000000e+02,5.000000000000000000e-01,1.258935846229284783e+00,3.073573843333214802e-04,4.270284016383564703e-03,8.633258841043519108e-03,2.000000000000000000e+00,7.660440456940773948e-15,1.537606336010594266e+00
2.560000000000000000e+02,5.000000000000000000e-01,1.356957154077719663e+00,3.312883676947557770e-04,4.482683552177329361e-03,9.305448234274146108e-03,2.000000000000000000e+00,9.059407053882827768e-15,1.551624061405908694e+00
2.560000000000000000e+02,5.000000000000000000e-01,1.462610444779847585e+00,3.570826281200799768e-04,4.703602964788967770e-03,1.002997459419269904e-02,2.000000000000000000e+00,1.004230583335824599e-14,1.565507029565448072e+00
2.560000000000000000e+02,5.000000000000000000e-01,1.576489947932855129e+00,3.848852411945447092e-04,4.933324549159170611e-03,1.081091290042493665e-02,2.000000000000000000e+00,1.278764690427240361e-14,1.579243658225570002e+00
2.560000000000000000e+02,5.000000000000000000e-01,1.699236160116053274e+00,4.148525781533333187e-04,5.172140792817876871e-03,1.165265541233225129e-02,2.000000000000000000e+00,1.528734158454877644e-14,1.592823769087918784e+00
2.560000000000000000e+02,5.000000000000000000e-01,1.831539447258766939e+00,4.471531853659098973e-04,5.420354705261365424e-03,1.255993637255357551e-02,2.000000000000000000e+00,1.829492037602743632e-14,1.606238558191731336e+00
2.560000000000000000e+02,5.000000000000000000e-01,1.974143927490249695e+00,4.819687322974242419e-04,5.678280142655516699e-03,1.353785863397645277e-02,2.000000000000000000e+00,2.105102855423397926e-14,1.619480555724607918e+00
2.560000000000000000e+02,5.000000000000000000e-01,2.127851656309973194e+00,5.194950332788020493e-04,5.946242128558121634e-03,1.459192235989558578e-02,2.000000000000000000e+00,2.460298511355581059e-14,1.632543577238055654e+00
2.560000000000000000e+02,5.000000000000000000e-01,2.293527137617203948e+00,5.599431488323251827e-04,6.224577171259222316e-03,1.572805595877898102e-02,2.000000000000000000e+00,2.925221318047053730e-14,1.645422668087460849e+00
2.560000000000000000e+02,5.000000000000000000e-01,2.472102185971317923e+00,6.035405727469037897e-04,6.513633578354275505e-03,1.695264942762850224e-02,2.000000000000000000e+00,3.338359985816123227e-14,1.658114042772291796e+00
2.560000000000000000e+02,5.000000000000000000e-01,2.664581167429878494e+00,6.505325115795601793e-04,6.813771769029616614e-03,1.827259029146941285e-02,2.000000000000000000e+00,3.824934219444467073e-14,1.670615020789666616e+00
2.560000000000000000e+02,5.000000000000000000e-01,2.872046648440755412e+00,7.011832637794813018e-04,7.125364584490320209e-03,1.969530234110493730e-02,2.000000000000000000e+00,4.409404803613429269e-14,1.682923960326611734e+00
2.560000000000000000e+02,5.000000000000000000e-01,3.095665484559434244e+00,7.557777061912681260e-04,7.448797596836274036e-03,2.122878738700920837e-02,2.000000000000000000e+00,5.017647577326612630e-14,1.695040191016026654e+00
2.560000000000000000e+02,5.000000000000000000e-01,3.336695383236669255e+00,8.146228962980149547e-04,7.784469416601523702e-03,2.288167026419760108e-02,2.000000000000000000e+00,5.731804903545043088e-14,1.706963946793507603e+00
2.560000000000000000e+02,5.000000000000000000e-01,3.596491977587614741e+00,8.780497992157262552e-04,8.132791999037897873e-03,2.466324734119569942e-02,2.000000000000000000e+00,6.503773018035844086e-14,1.718696299683326600e+00
2.560000000000000000e+02,5.000000000000000000e-01,3.876516450927892432e+00,9.464151491523174883e-04,8.494190949143833394e-03,2.658353880593902069e-02,2.000000000000000000e+00,7.308279269749280595e-14,1.730239095259747728e+00
2.560000000000000000e+02,5.000000000000000000e-01,4.178343754959333189e+00,1.020103455800618454e-03,8.869105825272345645e-03,2.865334502267549363e-02,2.000000000000000000e+00,8.206582850510688440e-14,1.741594890297324838e+00
2.560000000000000000e+02,5.000000000000000000e-01,4.503671467827444985e+00,1.099529166950059811e-03,9.257990441108383123e-03,3.088430727684230923e-02,2.000000000000000000e+00,9.167579886043688639e-14,1.752766893065142995e+00
2.560000000000000000e+02,5.000000000000000000e-01,4.854329341871123304e+00,1.185138999480254713e-03,9.661313165611815426e-03,3.328897324956556214e-02,2.000000000000000000e+00,1.025344128703868971e-13,1.763758906575553453e+00
2.560000000000000000e+02,5.000000000000000000e-01,5.232289594764407248e+00,1.277414451846779113e-03,1.007955722049584148e-02,3.588086759003356746e-02,2.000000000000000000e+00,1.131432983909730936e-13,1.774575274970981553e+00
2.560000000000000000e+02,5.000000000000000000e-01,5.639678001931241802e+00,1.376874512190244581e-03,1.051322097463315737e-02,3.867456798266752371e-02,2.000000000000000000e+00,1.248829456799663819e-13,1.785220833193076118e+00
2.560000000000000000e+02,5.000000000000000000e-01,6.078785852620455898e+00,1.484078577299915991e-03,1.096281823474393700e-02,4.168578713691491883e-02,2.000000000000000000e+00,1.374806208986316199e-13,1.795700859972928498e+00
2.560000000000000000e+02,5.000000000000000000e-01,6.552082836886259365e+00,1.599629598849184415e-03,1.142887853156194372e-02,4.493146116080620062e-02,2.000000000000000000e+00,1.503206640924495920e-13,1.806021034184325913e+00
2.560000000000000000e+02,5.000000000000000000e-01,7.062230935954610267e+00,1.724177474598293522e-03,1.191194740061374269e-02,4.842984481531472513e-02,2.000000000000000000e+00,1.639926334279754843e-13,1.816187394439804592e+00
2.560000000000000000e+02,5.000000000000000000e-01,7.612099394099912431e+00,1.858422703637673933e-03,1.241258665664963200e-02,5.220061418526506652e-02,2.000000000000000000e+00,1.780719327632273920e-13,1.826206301862889347e+00
2.560000000000000000e+02,5.000000000000000000e-01,8.204780856238595987e+00,2.003120326230125973e-03,1.293137466066789608e-02,5.626497734424330127e-02,2.000000000000000000e+00,1.919974404070885235e-13,1.836084405956405874e+00
2.560000000000000000e+02,5.000000000000000000e-01,8.843608762002935109e+00,2.159084170410872829e-03,1.346890657837106729e-02,6.064579363592655092e-02,2.000000000000000000e+00,2.073664088324194006e-13,1.845828613378916572e+00
2.560000000000000000e+02,5.000000000000000000e-01,9.532176094125395238e+00,2.327191429229832822e-03,1.402579462884890986e-02,6.536770224271136465e-02,2.000000000000000000e+00,2.211961136449928895e-13,1.855446059512196655e+00
2.560000000000000000e+02,5.000000000000000000e-01,1.027435558658031844e+01,2.508387594379960558e-03,1.460266832213719460e-02,7.045726076475117283e-02,2.000000000000000000e+00,2.361099288286902308e-13,1.864944082636103673e+00
2.560000000000000000e+02,5.000000000000000000e-01,1.107432150614083177e+01,2.703691773960164007e-03,1.520017468429668388e-02,7.594309458882157748e-02,2.000000000000000000e+00,2.506201149457131241e-13,1.874330200558937065e+00
2.560000000000000000e+02,5.000000000000000000e-01,1.193657312985722818e+01,2.914202424281549849e-03,1.581897846849229794e-02,8.185605788711021458e-02,2.000000000000000000e+00,2.638966655179575681e-13,1.883612089547934687e+00
2.560000000000000000e+02,5.000000000000000000e-01,1.286596005050258640e+01,3.141103527954733007e-03,1.645976235055471304e-02,8.822940715144630963e-02,2.000000000000000000e+00,2.772491012152138859e-13,1.892797565370607060e+00
2.560000000000000000e+02,5.000000000000000000e-01,1.386770945231152474e+01,3.385671253005743345e-03,1.712322710736762302e-02,9.509898823898171871e-02,2.000000000000000000e+00,2.892170214496815923e-13,1.901894566312883228e+00
2.560000000000000000e+02,5.000000000000000000e-01,1.494745551042012011e+01,3.649281130473662135e-03,1.781009177640104427e-02,1.025034379813319629e-01,2.000000000000000000e+00,2.998935576796886720e-13,1.910911138001772258e+00
2.560000000000000000e+02,5.000000000000000000e-01,1.611127107935966052e+01,3.933415790859292119e-03,1.852109379460321892e-02,1.104844014910972283e-01,2.000000000000000000e+00,3.081506587405290256e-13,1.919855419904202165e+00
2.560000000000000000e+02,5.000000000000000000e-01,1.736570184883024481e+01,4.239673302937071488e-03,1.925698911482330231e-02,1.190867663879631166e-01,2.000000000000000000e+00,3.140005164122281724e-13,1.928735633343066525e+00
2.560000000000000000e+02,5.000000000000000000e-01,1.871780315885868262e+01,4.569776161830733062e-03,2.001855229786108498e-02,1.283589152617537754e-01,2.000000000000000000e+00,3.400776508287679344e-13,1.937560070922359046e+00
2.560000000000000000e+02,5.000000000000000000e-01,2.017517968140051465e+01,4.925580976904422523e-03,2.080657657817648262e-02,1.383529977923675103e-01,2.000000000000000000e+00,3.848130579938828776e-13,1.946337087207773209e+00
2.560000000000000000e+02,5.000000000000000000e-01,2.174602819156985589e+01,5.309088913957484349e-03,2.162187390126412909e-02,1.491252240570961618e-01,2.000000000000000000e+00,4.344827871194816975e-13,1.955075090571362750e+00
2.560000000000000000e+02,5.000000000000000000e-01,2.343918366905592521e+01,5.722456950453106740e-03,2.246527493060328229e-02,1.607361806749806055e-01,2.000000000000000000e+00,4.879298947637373675e-13,1.963782536099600406e+00
2.560000000000000000e+02,5.000000000000000000e-01,2.526416898901646135e+01,6.168010007084097010e-03,2.333762902208749365e-02,1.732511715663071217e-01,2.000000000000000000e+00,5.450516740791841400e-13,1.972467919432432382e+00
2.560000000000000000e+02,5.000000000000000000e-01,2.723124848192679082e+01,6.648254023907907914e-03,2.423980416378944749e-02,1.867405852437937497e-01,2.000000000000000000e+00,6.073118143143609983e-13,1.981139771473337419e+00
2.560000000000000000e+02,5.000000000000000000e-01,2.935148566362193989e+01,7.165890054595200169e-03,2.517268687886957748e-02,2.012802907012274378e-01,2.000000000000000000e+00,6.742689247938346220e-13,1.989806653881643683e+00
2.560000000000000000e+02,5.000000000000000000e-01,3.163680546022649409e+01,7.723829458063108909e-03,2.613718208943122817e-02,2.169520641261734606e-01,2.000000000000000000e+00,7.470997037884331296e-13,1.998477155253510773e+00
2.560000000000000000e+02,5.000000000000000000e-01,3.410006127794441255e+01,8.325210272935647596e-03,2.713421293910563137e-02,2.338440488367208581e-01,2.000000000000000000e+00,8.239034413840298160e-13,2.007159887930733078e+00
2.560000000000000000e+02,5.000000000000000000e-01,3.675510729493352358e+01,8.973414866927129779e-03,2.816472057213893071e-02,2.520512510291143538e-01,2.000000000000000000e+00,9.060552772414107376e-13,2.015863485391797383e+00
2.560000000000000000e+02,5.000000000000000000e-01,3.961687638185717475e+01,9.672088960414349304e-03,2.922966386674126504e-02,2.716760741245153321e-01,2.000000000000000000e+00,9.926983046435250124e-13,2.024596600146459480e+00
2.560000000000000000e+02,5.000000000000000000e-01,4.270146408936469129e+01,1.042516213119255158e-02,3.033001912050314886e-02,2.928288947202388748e-01,2.000000000000000000e+00,1.086739035772354250e-12,2.033367902074012079e+00
2.560000000000000000e+02,5.000000000000000000e-01,4.602621917487546455e+01,1.123686991574108021e-02,3.146677968568502293e-02,3.156286833848175877e-01,2.000000000000000000e+00,1.183654574268057770e-12,2.042186077184680926e+00
2.560000000000000000e+02,5.000000000000000000e-01,4.960984117781773506e+01,1.211177763130315797e-02,3.264095555221586953e-02,3.402036737884388540e-01,2.000000000000000000e+00,1.285951415296336765e-12,2.051059826755761151e+00
2.560000000000000000e+02,5.000000000000000000e-01,5.347248559212042096e+01,1.305480605276377465e-02,3.385357287629363332e-02,3.666920839321854420e-01,2.000000000000000000e+00,1.396192550897814677e-12,2.059997866790197918e+00
2.560000000000000000e+02,5.000000000000000000e-01,5.763587722748071940e+01,1.407125908874041001e-02,3.510567345254655275e-02,3.952428935324981962e-01,2.000000000000000000e+00,1.511306077682590050e-12,2.069008927778895668e+00
2.560000000000000000e+02,5.000000000000000000e-01,6.212343239699216468e+01,1.516685361254691521e-02,3.639831412776508429e-02,4.260166819331497878e-01,2.000000000000000000e+00,1.630690700041133850e-12,2.078101754747486041e+00
2.560000000000000000e+02,5.000000000000000000e-01,6.696039061835504924e+01,1.634775161580933819e-02,3.773256615431103134e-02,4.591865312574130442e-01,2.000000000000000000e+00,1.759171717253421304e-12,2.087285107542435014e+00
2.560000000000000000e+02,5.000000000000000000e-01,7.217395656940180970e+01,1.762059486557661370e-02,3.910951448142293424e-02,4.949389998800599599e-01,2.000000000000000000e+00,1.888907116508809897e-12,2.096567761359281690e+00
2.560000000000000000e+02,5.000000000000000000e-01,7.779345309634449279e+01,1.899254225984972969e-02,4.053025698271042754e-02,5.334751716943347821e-01,2.000000000000000000e+00,2.026625361637227162e-12,2.105958507480451658e+00
2.560000000000000000e+02,5.000000000000000000e-01,8.385048613531061790e+01,2.047131009162856882e-02,4.199590361831750940e-02,5.750117870753089777e-01,2.000000000000000000e+00,2.173186860981445997e-12,2.115466154220847272e+00
2.560000000000000000e+02,5.000000000000000000e-01,9.037912247474608307e+01,2.206521544793605544e-02,4.350757553030248914e-02,6.197824619005645186e-01,2.000000000000000000e+00,2.526306642361168040e-12,2.125099528071835664e+00
2.560000000000000000e+02,5.000000000000000000e-01,9.741608135847543792e+01,2.378322298790904246e-02,4.506640407001140380e-02,6.680390014843549107e-01,2.000000000000000000e+00,2.985020594017585534e-12,2.134867475028073613e+00
2.560000000000000000e+02,5.000000000000000000e-01,1.050009410070648812e+02,2.563499536305294951e-02,4.667352975633152351e-02,7.200528168152856567e-01,2.000000000000000000e+00,3.495992765335907859e-12,2.144778862120446661e+00
2.560000000000000000e+02,5.000000000000000000e-01,1.131763612190290900e+02,2.763094756323952392e-02,4.833010116391539546e-02,7.761164510628812963e-01,2.000000000000000000e+00,4.067752311567589363e-12,2.154842579113008583e+00
2.560000000000000000e+02,5.000000000000000000e-01,1.219883233038672756e+02,2.978230549410822159e-02,5.003727374070186806e-02,8.365452249386345907e-01,2.000000000000000000e+00,4.704483177108752759e-12,2.165067540408102786e+00
2.560000000000000000e+02,5.000000000000000000e-01,1.314863886963951245e+02,3.210116911533084094e-02,5.179620855416913056e-02,9.016790101656193546e-01,2.000000000000000000e+00,5.409435950235943279e-12,2.175462687154706032e+00
2.560000000000000000e+02,5.000000000000000000e-01,1.417239777069008824e+02,3.460058049484884823e-02,5.360807096608691952e-02,9.718841410312168971e-01,2.000000000000000000e+00,6.186869142223917990e-12,2.186036989543609366e+00
2.560000000000000000e+02,5.000000000000000000e-01,1.527586699749153070e+02,3.729459716184455736e-02,5.547402923569159233e-02,1.047555474774207296e+00,2.000000000000000000e+00,7.047078545549504428e-12,2.196799449338257659e+00
2.560000000000000000e+02,5.000000000000000000e-01,1.646525283164482971e+02,4.019837117100788504e-02,5.739525305146391670e-02,1.129118612394531818e+00,2.000000000000000000e+00,7.989288115950975200e-12,2.207759102622802061e+00
2.560000000000000000e+02,5.000000000000000000e-01,1.774724477861102798e+02,4.332823432278083003e-02,5.937291199196888941e-02,1.217032292376258207e+00,2.000000000000000000e+00,9.025126486173509186e-12,2.218925022798586610e+00
2.560000000000000000e+02,5.000000000000000000e-01,1.912905319173717658e+02,4.670179001888959125e-02,6.140817391641969353e-02,1.311790970786920862e+00,2.000000000000000000e+00,1.015591245675232168e-11,2.230306323843663563e+00
2.560000000000000000e+02,5.000000000000000000e-01,2.061844982570585785e+02,5.033801226978969201e-02,6.350220328594757824e-02,1.413927602264556382e+00,2.000000000000000000e+00,1.138821234765305529e-11,2.241912163850159345e+00
2.560000000000000000e+02,5.000000000000000000e-01,2.222381154749370182e+02,5.425735241087329547e-02,6.565615941677349632e-02,1.524016637533583074e+00,2.000000000000000000e+00,1.272766123693267711e-11,2.253751748856203108e+00
2.560000000000000000e+02,5.000000000000000000e-01,2.395416745068545481e+02,5.848185412765003616e-02,6.787119466681379443e-02,1.642677254308660073e+00,2.000000000000000000e+00,1.418151845550653715e-11,2.265834336998310050e+00
2.560000000000000000e+02,5.000000000000000000e-01,2.581924963812909937e+02,6.303527743683862150e-02,7.014845255745172370e-02,1.770576839758132515e+00,2.000000000000000000e+00,1.574985668815804218e-11,2.278169243025303103e+00
2.560000000000000000e+02,5.000000000000000000e-01,2.782954795855184784e+02,6.794323232068322227e-02,7.248906583251753244e-02,1.908434744113679526e+00,2.000000000000000000e+00,1.744123519978161035e-11,2.290765843169182858e+00
2.560000000000000000e+02,5.000000000000000000e-01,2.999636900499240824e+02,7.323332276609474667e-02,7.489415445680891459e-02,2.057026326537611638e+00,2.000000000000000000e+00,1.926136555126122567e-11,2.303633580438699369e+00
2.560000000000000000e+02,5.000000000000000000e-01,3.233189970687856771e+02,7.893530201874650321e-02,7.736482355665488808e-02,2.217187316003273345e+00,2.000000000000000000e+00,2.121544362046386551e-11,2.316781970408953839e+00
2.560000000000000000e+02,5.000000000000000000e-01,3.484927587341244362e+02,8.508123992532334867e-02,7.990216130527730276e-02,2.389818511715549931e+00,2.000000000000000000e+00,2.330635489230427422e-11,2.330220607595890669e+00
2.560000000000000000e+02,5.000000000000000000e-01,3.756265607377315519e+02,9.170570330511024215e-02,8.250723675580654004e-02,2.575890849508132074e+00,2.000000000000000000e+00,2.553666549215576295e-11,2.343959172646009392e+00
2.560000000000000000e+02,5.000000000000000000e-01,4.048730126966642615e+02,9.884595036539654822e-02,8.518109762470210677e-02,2.776450862712827927e+00,2.000000000000000000e+00,2.790824117636255116e-11,2.358007440738106197e+00
2.560000000000000000e+02,5.000000000000000000e-01,4.363966064809928298e+02,1.065421402541486401e-01,8.792476802793670887e-02,2.992626568214546534e+00,2.000000000000000000e+00,3.043121654639150665e-11,2.372375291934716302e+00
2.560000000000000000e+02,5.000000000000000000e-01,4.703746413713396919e+02,1.148375589285497295e-01,9.073924617119860647e-02,3.225633810797221557e+00,2.000000000000000000e+00,3.310285658924456008e-11,2.387072724839114812e+00
2.560000000000000000e+02,5.000000000000000000e-01,5.069982212495802401e+02,1.237788626097608008e-01,9.362550199314374766e-02,3.476783101463220671e+00,2.000000000000000000e+00,3.592578095047695501e-11,2.402109875888172041e+00
2.560000000000000000e+02,5.000000000000000000e-01,5.464733294312735552e+02,1.334163401931820203e-01,9.658447475660662807e-02,3.747486988187473056e+00,2.000000000000000000e+00,3.889868646487694560e-11,2.417497048242054802e+00
2.560000000000000000e+02,5.000000000000000000e-01,5.890219871850284790e+02,1.438041960900948435e-01,9.961707057531092591e-02,4.039268000561822447e+00,2.000000000000000000e+00,4.202329027855566264e-11,2.433244756640959849e+00
2.560000000000000000e+02,5.000000000000000000e-01,6.348835024546849581e+02,1.550008550914758199e-01,1.027241598515787890e-01,4.353767213012799786e+00,2.000000000000000000e+00,4.530875930643135601e-11,2.449363798141945381e+00
2.560000000000000000e+02,5.000000000000000000e-01,6.843158158075854089e+02,1.670692909686487815e-01,1.059065745811790665e-01,4.692753474755510190e+00,2.000000000000000000e+00,4.874594290478504623e-11,2.465865363533538357e+00
2.560000000000000000e+02,5.000000000000000000e-01,7.375969511789662647e+02,1.800773806589273107e-01,1.091651054522242009e-01,5.058133358395772383e+00,2.000000000000000000e+00,5.233021115570486686e-11,2.482761210617880465e+00
2.560000000000000000e+02,5.000000000000000000e-01,7.950265795719724338e+02,1.940982860283135825e-01,1.125004986222525594e-01,5.451961883134963216e+00,2.000000000000000000e+00,5.607147280954103438e-11,2.500063928468833296e+00
2.560000000000000000e+02,5.000000000000000000e-01,8.569277045080256130e+02,2.092108653584046907e-01,1.159134519980800776e-01,5.876454072888205538e+00,2.000000000000000000e+00,5.996242559718137891e-11,2.517787330931440692e+00
2.560000000000000000e+02,5.000000000000000000e-01,9.236484787071372011e+02,2.255001168718596682e-01,1.194046107632681375e-01,6.333997414322968922e+00,2.000000000000000000e+00,6.400347815673387539e-11,2.535947027456273872e+00
2.560000000000000000e+02,5.000000000000000000e-01,9.955641622157663733e+02,2.430576567909585872e-01,1.229745617962942072e-01,6.827165284886156371e+00,2.000000000000000000e+00,6.819889789217875663e-11,2.554561228711079934e+00
2.560000000000000000e+02,5.000000000000000000e-01,1.073079232995354459e+03,2.619822346180064598e-01,1.266238264988349405e-01,7.358731426343147142e+00,2.000000000000000000e+00,7.253851277462124261e-11,2.573651851893814069e+00
2.560000000000000000e+02,5.000000000000000000e-01,1.156629661842263658e+03,2.823802885357089010e-01,1.303528514113468095e-01,7.931685545233322365e+00,2.000000000000000000e+00,7.705348285470234789e-11,2.593245994444458802e+00
2.560000000000000000e+02,5.000000000000000000e-01,1.246685364433974655e+03,3.043665440512633436e-01,1.341619958399599133e-01,8.549250127983853531e+00,2.000000000000000000e+00,8.172528801521302022e-11,2.613377842931285500e+00
2.560000000000000000e+02,5.000000000000000000e-01,1.343752844292728469e+03,3.280646592511544113e-01,1.380515155674093553e-01,9.214898565255991159e+00,2.000000000000000000e+00,8.659714666188076536e-11,2.634091074563471579e+00
2.560000000000000000e+02,5.000000000000000000e-01,1.448378041531446570e+03,3.536079202957633227e-01,1.420215415890874189e-01,9.932374687460695739e+00,2.000000000000000000e+00,9.167319366525386194e-11,2.655441790842928640e+00
2.560000000000000000e+02,5.000000000000000000e-01,1.561149403404326677e+03,3.811399910655094425e-01,1.460720527263056345e-01,1.070571382131855032e+01,2.000000000000000000e+00,9.698660599397782603e-11,2.677501996142154894e+00
2.560000000000000000e+02,5.000000000000000000e-01,1.682701193931884745e+03,4.108157211747765492e-01,1.502028409486514948e-01,1.153926548589287826e+01,2.000000000000000000e+00,1.025929375060546364e-10,2.688671130539802778e+00
1.024000000000000000e+03,5.000000000000000000e-01,6.737068719981728947e-07,2.055990209955361617e-11,2.454042305713126227e-09,2.454047144207182351e-09,1.000000000000000000e+00,1.314275955429642115e-15,1.000000657534315218e+00
1.024000000000000000e+03,5.000000000000000000e-01,7.333882392622937535e-07,2.238123288764324199e-11,2.671437297168153788e-09,2.671442713384771270e-09,1.000000000000000000e+00,2.195133356583322400e-16,1.000001326611126728e+00
1.024000000000000000e+03,5.000000000000000000e-01,7.983565729305892163e-07,2.436390908601651661e-11,2.908090217311408840e-09,2.908096605944460338e-09,1.000000000000000000e+00,3.217928697379576880e-16,1.000002186545870586e+00
1.024000000000000000e+03,5.000000000000000000e-01,8.690802271149043871e-07,2.652222372787183798e-11,3.165707256906206800e-09,3.165714850306654584e-09,1.000000000000000000e+00,5.557202676179356290e-16,1.000002458646221726e+00
1.024000000000000000e+03,5.000000000000000000e-01,9.460690458018720925e-07,2.887173601690283485e-11,3.446145597050741271e-09,3.446154606063146161e-09,1.000000000000000000e+00,2.549142436202650792e-16,1.000002860955220285e+00
1.024000000000000000e+03,5.000000000000000000e-01,1.029878038297752447e-06,3.142938349297340232e-11,3.751426731855030953e-09,3.751437552166082933e-09,1.000000000000000000e+00,3.205603555629010781e-16,1.000003199089448458e+00
1.024000000000000000e+03,5.000000000000000000e-01,1.121111380268277293e-06,3.421360413416373573e-11,4.083751567474830434e-09,4.083764461130507313e-09,1.000000000000000000e+00,1.435972390895381932e-16,1.000003016933050048e+00
1.024000000000000000e+03,5.000000000000000000e-01,1.220426769216778399e-06,3.724446927541437984e-11,4.445515965234891051e-09,4.445531064315097493e-09,1.000000000000000000e+00,2.006889700341087443e-16,1.000003494091060929e+00
1.024000000000000000e+03,5.000000000000000000e-01,1.328540165799128125e-06,4.054382830197534562e-11,4.839327172930806877e-09,4.839345322653512770e-09,1.000000000000000000e+00,2.597129879219799783e-16,1.000004067543329711e+00
1.024000000000000000e+03,5.000000000000000000e-01,1.446230955155376518e-06,4.413546616074757441e-11,5.268024697023174693e-09,5.268046227340103731e-09,1.000000000000000000e+00,4.313737379119867138e-16,1.000003451115219377e+00
1.024000000000000000e+03,5.000000000000000000e-01,1.574347565465987520e-06,4.804527482501182617e-11,5.734699398475137904e-09,5.734724266003648945e-09,1.000000000000000000e+00,1.374405961029376529e-16,1.000004026553341419e+00
1.024000000000000000e+03,5.000000000000000000e-01,1.713813584236544058e-06,5.230143994862500177e-11,6.242713920857837097e-09,6.242743701908642577e-09,1.000000000000000000e+00,4.199222940485261267e-16,1.000005029393690847e+00
1.024000000000000000e+03,5.000000000000000000e-01,1.865634416403060087e-06,5.693464405526916771e-11,6.795731556151217515e-09,6.795766826794338192e-09,1.000000000000000000e+00,3.019809496544173478e-16,1.000005272840525095e+00
1.024000000000000000e+03,5.000000000000000000e-01,2.030904532255814362e-06,6.197828772753339729e-11,7.397738449207036186e-09,7.397780362188914721e-09,1.000000000000000000e+00,3.170774338160410050e-16,1.000005646385574209e+00
1.024000000000000000e+03,5.000000000000000000e-01,2.210815357431805312e-06,6.746873039037491797e-11,8.053074683996574775e-09,8.053124199525186019e-09,1.000000000000000000e+00,2.722964421898334572e-16,1.000006034787801923e+00
1.024000000000000000e+03,5.000000000000000000e-01,2.406663861854374455e-06,7.344555242475507980e-11,8.766464037591253929e-09,8.766522686243837593e-09,1.000000000000000000e+00,2.455814046670663651e-16,1.000006755030582895e+00
1.024000000000000000e+03,5.000000000000000000e-01,2.619861909537355477e-06,7.995184050101792836e-11,9.543049063214443293e-09,9.543118683424618661e-09,1.000000000000000000e+00,4.915938479008035261e-16,1.000007228035755702e+00
1.024000000000000000e+03,5.000000000000000000e-01,2.851946436656158367e-06,8.703449818896967673e-11,1.038842839374009666e-08,1.038851064046571767e-08,1.000000000000000000e+00,2.019542202732539603e-16,1.000007852694920985e+00
1.024000000000000000e+03,5.000000000000000000e-01,3.104590531258979426e-06,9.474458408383115925e-11,1.130869537745993155e-08,1.130879295408080611e-08,1.000000000000000000e+00,2.948551133703011945e-16,1.000008697005171143e+00
1.024000000000000000e+03,5.000000000000000000e-01,3.379615494491485246e-06,1.031376798856044081e-10,1.231048426336829457e-08,1.231059990256068817e-08,1.000000000000000000e+00,3.810812212462193336e-16,1.000009431132042437e+00
1.024000000000000000e+03,5.000000000000000000e-01,3.679003970283679437e-06,1.122742910853173656e-10,1.340101638644830726e-08,1.340115347201925886e-08,1.000000000000000000e+00,3.500697502723795523e-16,1.000010244551091887e+00
1.024000000000000000e+03,5.000000000000000000e-01,4.004914238150533591e-06,1.222202831466837644e-10,1.458815301429771974e-08,1.458831541940194739e-08,1.000000000000000000e+00,2.605940269401692045e-16,1.000011200941457901e+00
1.024000000000000000e+03,5.000000000000000000e-01,4.359695772142391603e-06,1.330473563275876344e-10,1.588045130238103660e-08,1.588064394757602651e-08,1.000000000000000000e+00,4.431185354586081897e-16,1.000012128513887433e+00
1.024000000000000000e+03,5.000000000000000000e-01,4.745906178109243451e-06,1.448335625643690018e-10,1.728722735471119400e-08,1.728745540107211289e-08,1.000000000000000000e+00,4.070586175350243930e-16,1.000013310496143504e+00
1.024000000000000000e+03,5.000000000000000000e-01,5.166329631378643637e-06,1.576638681451002087e-10,1.881862061680138766e-08,1.881889142723794229e-08,1.000000000000000000e+00,4.985775584249891628e-16,1.000014451325625942e+00
1.024000000000000000e+03,5.000000000000000000e-01,5.623996947764075286e-06,1.716307662281517116e-10,2.048567159129631971e-08,2.048599208696771128e-08,1.000000000000000000e+00,8.015079083164182463e-16,1.000015576992211663e+00
1.024000000000000000e+03,5.000000000000000000e-01,6.122207432594505614e-06,1.868349436216584965e-10,2.230039555680401783e-08,2.230077544205794880e-08,1.000000000000000000e+00,8.414664316103504743e-16,1.000017178478088908e+00
1.024000000000000000e+03,5.000000000000000000e-01,6.664552665274266969e-06,2.033860066306844168e-10,2.427587360621124747e-08,2.427632419293332579e-08,1.000000000000000000e+00,7.729899227928421069e-16,1.000018606478832339e+00
1.024000000000000000e+03,5.000000000000000000e-01,7.254942390834907267e-06,2.214032712046785665e-10,2.642634634953919580e-08,2.642687999130921081e-08,1.000000000000000000e+00,1.597693201239549910e-15,1.000020133091595653e+00
1.024000000000000000e+03,5.000000000000000000e-01,7.897632705130279535e-06,2.410166230813683940e-10,2.876731383405399636e-08,2.876794610768756939e-08,1.000000000000000000e+00,9.784511881060450892e-16,1.000021952026983740e+00
1.024000000000000000e+03,5.000000000000000000e-01,8.597256736860955221e-06,2.623674541278367682e-10,3.131565011932842822e-08,3.131639919381259191e-08,1.000000000000000000e+00,1.797654381188830673e-15,1.000023934373743373e+00
1.024000000000000000e+03,5.000000000000000000e-01,9.358858047613100497e-06,2.856096816288177642e-10,3.408972318138243483e-08,3.409061094577586479e-08,1.000000000000000000e+00,1.926593204869093886e-15,1.000026150446160500e+00
1.024000000000000000e+03,5.000000000000000000e-01,1.018792699069180418e-05,3.109108578702332819e-10,3.710952813950994072e-08,3.711058054483716052e-08,1.000000000000000000e+00,2.401887304129292171e-15,1.000028468608462617e+00
1.024000000000000000e+03,5.000000000000000000e-01,1.109044029085771994e-05,3.384533780168981916e-10,4.039683158534779936e-08,4.039807883071952999e-08,1.000000000000000000e+00,2.670938565189709049e-15,1.000030899509681603e+00
1.024000000000000000e+03,5.000000000000000000e-01,1.207290413029632898e-05,3.684357949919533991e-10,4.397532745827806063e-08,4.397680524672034694e-08,1.000000000000000000e+00,3.840392394053549568e-15,1.000033606983834034e+00
1.024000000000000000e+03,5.000000000000000000e-01,1.314240105142420283e-05,4.010742508369202525e-10,4.787080757579082943e-08,4.787255868804690055e-08,1.000000000000000000e+00,3.723863335663574726e-15,1.000036589982656210e+00
1.024000000000000000e+03,5.000000000000000000e-01,1.430664101465342268e-05,4.366040348710150965e-10,5.211134859516759549e-08,5.211342348501796497e-08,1.000000000000000000e+00,4.501084637715358749e-15,1.000039832049992583e+00
1.024000000000000000e+03,5.000000000000000000e-01,1.557401697918684208e-05,4.752812798824109523e-10,5.672751318604246584e-08,5.672997186187420836e-08,1.000000000000000000e+00,5.292540459755712385e-15,1.000043385758786485e+00
1.024000000000000000e+03,5.000000000000000000e-01,1.695366540752443491e-05,5.173848085792369053e-10,6.175257074291629171e-08,6.175548433071686232e-08,1.000000000000000000e+00,6.381173260071199151e-15,1.000047258466665312e+00
1.024000000000000000e+03,5.000000000000000000e-01,1.845553212985504051e-05,5.632181436112988436e-10,6.722273674945033231e-08,6.722618960938473146e-08,1.000000000000000000e+00,7.815851715348218855e-15,1.000051423458522493e+00
1.024000000000000000e+03,5.000000000000000000e-01,2.009044404314729962e-05,6.131116956526885869e-10,7.317743434725916290e-08,7.318152579282809014e-08,1.000000000000000000e+00,8.974770719675618384e-15,1.000055953179668222e+00
1.024000000000000000e+03,5.000000000000000000e-01,2.187018716181569417e-05,6.674251453190824637e-10,7.965957633285302871e-08,7.966442466075356144e-08,1.000000000000000000e+00,1.071775321953694780e-14,1.000060916986555526e+00
1.024000000000000000e+03,5.000000000000000000e-01,2.380759158262576240e-05,7.265500360908740968e-10,8.671587602043341973e-08,8.672162117110207368e-08,1.000000000000000000e+00,1.276678093943822472e-14,1.000066360846531666e+00
1.024000000000000000e+03,5.000000000000000000e-01,2.591662397634724276e-05,7.909125969344251331e-10,9.439718164148110907e-08,9.440399037048685723e-08,1.000000000000000000e+00,1.490828536159715221e-14,1.000072220460523909e+00
1.024000000000000000e+03,5.000000000000000000e-01,2.821248827292323997e-05,8.609768149695812980e-10,1.027588462715577151e-07,1.027669141503630938e-07,1.000000000000000000e+00,1.807751236483739618e-14,1.000078600966183728e+00
1.024000000000000000e+03,5.000000000000000000e-01,3.071173526599182702e-05,9.372477803342232368e-10,1.118611195175681465e-07,1.118706804928637362e-07,1.000000000000000000e+00,2.079994550285556989e-14,1.000085582079421442e+00
1.024000000000000000e+03,5.000000000000000000e-01,3.343238192689316167e-05,1.020275327358800100e-09,1.217695884990340125e-07,1.217809180844432199e-07,1.000000000000000000e+00,2.511684907020450948e-14,1.000093122869273543e+00
1.024000000000000000e+03,5.000000000000000000e-01,3.639404128829377884e-05,1.110657998299981044e-09,1.325556441425775537e-07,1.325690694304478630e-07,1.000000000000000000e+00,3.000892597740547181e-14,1.000101386360597644e+00
1.024000000000000000e+03,5.000000000000000000e-01,3.961806383375199731e-05,1.209047358207763590e-09,1.442969967704594718e-07,1.443129058812697041e-07,1.000000000000000000e+00,3.497871988137258303e-14,1.000110375741876112e+00
1.024000000000000000e+03,5.000000000000000000e-01,4.312769141249810556e-05,1.316152692031802538e-09,1.570782360982158339e-07,1.570970882828943885e-07,1.000000000000000000e+00,4.144939031956658598e-14,1.000120149172488482e+00
1.024000000000000000e+03,5.000000000000000000e-01,4.694822478899302103e-05,1.432746117828156159e-09,1.709914374177838565e-07,1.710137772935432221e-07,1.000000000000000000e+00,4.959799812761663393e-14,1.000130795729617716e+00
1.024000000000000000e+03,5.000000000000000000e-01,5.110720603512469511e-05,1.559668152927389377e-09,1.861368250683865764e-07,1.861632977661625721e-07,1.000000000000000000e+00,5.826269813804465306e-14,1.000142381339834685e+00
1.024000000000000000e+03,5.000000000000000000e-01,5.563461707989978859e-05,1.697833773190301165e-09,2.026234918629543426e-07,2.026548619862652412e-07,1.000000000000000000e+00,6.907782006785740682e-14,1.000154986330173301e+00
1.024000000000000000e+03,5.000000000000000000e-01,6.056309584796745082e-05,1.848239009032209803e-09,2.205701837960117832e-07,2.206073569789168563e-07,1.000000000000000000e+00,8.200000382316644366e-14,1.000168706871406243e+00
1.024000000000000000e+03,5.000000000000000000e-01,6.592817154510914157e-05,2.011968125766270189e-09,2.401061518094514830e-07,2.401502015605313363e-07,1.000000000000000000e+00,9.720626627185228487e-14,1.000183644730853416e+00
1.024000000000000000e+03,5.000000000000000000e-01,7.176852078685821263e-05,2.190201440028631977e-09,2.613720812744133653e-07,2.614242793139281236e-07,1.000000000000000000e+00,1.151371007106044334e-13,1.000199916547593659e+00
1.024000000000000000e+03,5.000000000000000000e-01,7.812624641667018077e-05,2.384223828633733544e-09,2.845211000775374780e-07,2.845829542124308801e-07,1.000000000000000000e+00,1.364954940942706098e-13,1.000217633879891821e+00
1.024000000000000000e+03,5.000000000000000000e-01,8.504718102363260804e-05,2.595433991199725587e-09,3.097198799666443568e-07,3.097931762145998768e-07,1.000000000000000000e+00,1.616109710277011984e-13,1.000236895203215681e+00
1.024000000000000000e+03,5.000000000000000000e-01,9.258121734776164190e-05,2.825354533317921201e-09,3.371498307118794605e-07,3.372366847997878940e-07,1.000000000000000000e+00,1.916395767386495980e-13,1.000257857327092381e+00
1.024000000000000000e+03,5.000000000000000000e-01,1.007826679547642248e-04,3.075642942955451195e-09,3.670083999610606464e-07,3.671113191207593995e-07,1.000000000000000000e+00,2.273651435024440815e-13,1.000280703150203010e+00
1.024000000000000000e+03,5.000000000000000000e-01,1.097106567731455037e-04,3.348103539219528312e-09,3.995104876711923767e-07,3.996324442182062857e-07,1.000000000000000000e+00,2.684036234361386850e-13,1.000305563000218001e+00
1.024000000000000000e+03,5.000000000000000000e-01,1.194295453162385468e-04,3.644700479621537682e-09,4.348899897713046134e-07,4.350345035786903961e-07,1.000000000000000000e+00,3.190289580180963460e-13,1.000332610953797996e+00
1.024000000000000000e+03,5.000000000000000000e-01,1.300093966617727045e-04,3.967571919609762711e-09,4.734014661718807343e-07,4.735727092283353645e-07,1.000000000000000000e+00,3.778648503978028294e-13,1.000362064203216050e+00
1.024000000000000000e+03,5.000000000000000000e-01,1.415264805337911166e-04,4.319045426446262104e-09,5.153219664278702456e-07,5.155248815460878824e-07,1.000000000000000000e+00,4.480173068739630291e-13,1.000394118378359565e+00
1.024000000000000000e+03,5.000000000000000000e-01,1.540638231280323876e-04,4.701654758545910265e-09,5.609530081706512081e-07,5.611934520596870102e-07,1.000000000000000000e+00,5.303316405539399761e-13,1.000429007928630654e+00
1.024000000000000000e+03,5.000000000000000000e-01,1.677118056444460066e-04,5.118158131239196978e-09,6.106227318460907338e-07,6.109076436624189752e-07,1.000000000000000000e+00,6.285964680505038315e-13,1.000466982247971259e+00
1.024000000000000000e+03,5.000000000000000000e-01,1.825688158416380118e-04,5.571558100635925655e-09,6.646882424173372429e-07,6.650258439677512640e-07,1.000000000000000000e+00,7.446032713924628451e-13,1.000508315870220599e+00
1.024000000000000000e+03,5.000000000000000000e-01,1.987419573102768130e-04,6.065123208931787507e-09,7.235381562405863284e-07,7.239381889112647270e-07,1.000000000000000000e+00,8.825658680022028595e-13,1.000553310275648755e+00
1.024000000000000000e+03,5.000000000000000000e-01,2.163478215785830593e-04,6.602411547197969340e-09,7.875953691017233840e-07,7.880693752249667606e-07,1.000000000000000000e+00,1.045243624773233332e-12,1.000602279342366785e+00
1.024000000000000000e+03,5.000000000000000000e-01,2.355133286159806114e-04,7.187296405516986433e-09,8.573200685073029463e-07,8.578817220590000297e-07,1.000000000000000000e+00,1.238597463239993375e-12,1.000655575952862364e+00
1.024000000000000000e+03,5.000000000000000000e-01,2.563766417940659169e-04,7.823994195375546781e-09,9.332130013330556415e-07,9.338785038218542753e-07,1.000000000000000000e+00,1.467345289592925589e-12,1.000713589730516162e+00
1.024000000000000000e+03,5.000000000000000000e-01,2.790881639008124999e-04,8.517094845605850216e-09,1.015819032358216674e-06,1.016607578265391831e-06,1.000000000000000000e+00,1.738672510148466618e-12,1.000776729143190380e+00
1.024000000000000000e+03,5.000000000000000000e-01,3.038116213882387923e-04,9.271594890998498299e-09,1.105731006565608671e-06,1.106665335969414029e-06,1.000000000000000000e+00,2.060168853308911310e-12,1.000845447406888411e+00
1.024000000000000000e+03,5.000000000000000000e-01,3.307252446698326007e-04,1.009293349212135622e-08,1.203593946739420019e-06,1.204700999697425335e-06,1.000000000000000000e+00,2.440695750221307428e-12,1.000920234916300444e+00
1.024000000000000000e+03,5.000000000000000000e-01,3.600230529764550966e-04,1.098703164600998219e-08,1.310109613452015105e-06,1.311421304617502522e-06,1.000000000000000000e+00,2.891371710311755694e-12,1.001001629300994011e+00
1.024000000000000000e+03,5.000000000000000000e-01,3.919162530331948943e-04,1.196033487039779341e-08,1.426041455863727663e-06,1.427595593127777567e-06,1.000000000000000000e+00,3.424993915352635100e-12,1.001090210772723310e+00
1.024000000000000000e+03,5.000000000000000000e-01,4.266347616401785061e-04,1.301985966919490070e-08,1.552219991085870221e-06,1.554061361014930221e-06,1.000000000000000000e+00,4.057798287629504008e-12,1.001186609372751946e+00
1.024000000000000000e+03,5.000000000000000000e-01,4.644288631335613884e-04,1.417324411418339198e-08,1.689548639643617798e-06,1.691730294927725782e-06,1.000000000000000000e+00,4.807365192502488240e-12,1.001291516893189737e+00
1.024000000000000000e+03,5.000000000000000000e-01,5.055710136752701329e-04,1.542880290757049966e-08,1.839010061451389639e-06,1.841594844689504311e-06,1.000000000000000000e+00,5.694355544468450018e-12,1.001405678646683839e+00
1.024000000000000000e+03,5.000000000000000000e-01,5.503578053785465303e-04,1.679558732234333894e-08,2.001673031384952691e-06,2.004735377829153302e-06,1.000000000000000000e+00,6.745122529808623532e-12,1.001529906806020165e+00
1.024000000000000000e+03,5.000000000000000000e-01,5.991121044285970150e-04,1.828345045253286789e-08,2.178699894423425663e-06,2.182327967907296130e-06,1.000000000000000000e+00,7.990136250990282996e-12,1.001665086294003970e+00
1.024000000000000000e+03,5.000000000000000000e-01,6.521853786119733744e-04,1.990311824377360151e-08,2.371354652769811603e-06,2.375652872783423006e-06,1.000000000000000000e+00,9.463435551468377832e-12,1.001812176630302531e+00
1.024000000000000000e+03,5.000000000000000000e-01,7.099602310337504388e-04,2.166626681621552853e-08,2.581011730698437882e-06,2.586103763943455255e-06,1.000000000000000000e+00,1.120955777399106107e-11,1.001972220116179813e+00
1.024000000000000000e+03,5.000000000000000000e-01,7.728531582879654121e-04,2.358560663720597571e-08,2.809165473537105012e-06,2.815197773421593740e-06,1.000000000000000000e+00,1.327560874257305537e-11,1.002146350949949749e+00
1.024000000000000000e+03,5.000000000000000000e-01,8.413175529648611378e-04,2.567497415053897515e-08,3.057440434084661022e-06,3.064586430744306871e-06,1.000000000000000000e+00,1.572249437112135787e-11,1.002335800473247218e+00
1.024000000000000000e+03,5.000000000000000000e-01,9.158469721398880114e-04,2.794943152282373082e-08,3.327602513089168246e-06,3.336067568740462868e-06,1.000000000000000000e+00,1.861922432148659556e-11,1.002541905971682468e+00
1.024000000000000000e+03,5.000000000000000000e-01,9.969786954068620127e-04,3.042537522603949013e-08,3.621571010643968082e-06,3.631598284046072885e-06,1.000000000000000000e+00,2.204840500169827056e-11,1.002766119266269129e+00
1.024000000000000000e+03,5.000000000000000000e-01,1.085297598105012390e-03,3.312065423904456756e-08,3.941431665345444661e-06,3.953309045735462195e-06,1.000000000000000000e+00,2.610824990838714480e-11,1.003010016734577903e+00
1.024000000000000000e+03,5.000000000000000000e-01,1.181440367661844076e-03,3.605469872014905017e-08,4.289450743404204031e-06,4.303519053787378896e-06,1.000000000000000000e+00,3.091184390112055297e-11,1.003275310138718623e+00
1.024000000000000000e+03,5.000000000000000000e-01,1.286100093447269327e-03,3.924866007834684226e-08,4.668090263885650213e-06,4.684752958104635093e-06,1.000000000000000000e+00,3.659768922687847678e-11,1.003563856938292531e+00
1.024000000000000000e+03,5.000000000000000000e-01,1.400031263227078087e-03,4.272556345297479514e-08,5.080024428940355390e-06,5.099759058613999993e-06,1.000000000000000000e+00,4.332579124666880072e-11,1.003877670392313348e+00
1.024000000000000000e+03,5.000000000000000000e-01,1.524055202234982087e-03,4.651047370101874045e-08,5.528157354534721690e-06,5.551529117650146678e-06,1.000000000000000000e+00,5.128688600527401018e-11,1.004218933900169475e+00
1.024000000000000000e+03,5.000000000000000000e-01,1.659065994073287593e-03,5.063067608866234111e-08,6.015642171440553939e-06,6.043319927450351523e-06,1.000000000000000000e+00,6.070344785950113159e-11,1.004590017736944674e+00
1.024000000000000000e+03,5.000000000000000000e-01,1.806036926125723866e-03,5.511587298967663166e-08,6.545901600443507469e-06,6.578676788239099910e-06,1.000000000000000000e+00,7.184308434232421562e-11,1.004993486996298202e+00
1.024000000000000000e+03,5.000000000000000000e-01,1.966027505947161302e-03,5.999839800864139717e-08,7.122650085753635383e-06,7.161459066155236065e-06,1.000000000000000000e+00,8.501693447823519009e-11,1.005432121398058598e+00
1.024000000000000000e+03,5.000000000000000000e-01,2.140191099211081246e-03,6.531344907260379778e-08,7.749917576827138185e-06,7.795868015267667380e-06,1.000000000000000000e+00,1.005941876910012013e-10,1.005908931634401426e+00
1.024000000000000000e+03,5.000000000000000000e-01,2.329783244276458637e-03,7.109934217152278555e-08,8.432075057700175817e-06,8.486477064247450298e-06,1.000000000000000000e+00,1.190098683606012319e-10,1.006427175253115536e+00
1.024000000000000000e+03,5.000000000000000000e-01,2.536170703313446028e-03,7.739778757670428552e-08,9.173861912289016390e-06,9.238264786031695209e-06,1.000000000000000000e+00,1.407773302294788502e-10,1.006990376186955416e+00
1.024000000000000000e+03,5.000000000000000000e-01,2.760841315237033949e-03,8.425419052847393642e-08,9.980415218120992007e-06,1.005665078815615602e-05,1.000000000000000000e+00,1.664993762050311859e-10,1.007602344079366219e+00
1.024000000000000000e+03,5.000000000000000000e-01,3.005414721478121692e-03,9.171797856073369422e-08,1.085730105564707591e-05,1.094753478248862278e-05,1.000000000000000000e+00,1.968894355275232380e-10,1.008267195256728144e+00
1.024000000000000000e+03,5.000000000000000000e-01,3.271654041913641970e-03,9.984295782207159332e-08,1.181054791453156971e-05,1.191733911601518077e-05,1.000000000000000000e+00,2.327834947337640917e-10,1.008989374456845667e+00
1.024000000000000000e+03,5.000000000000000000e-01,3.561478585127037400e-03,1.086877009621288269e-07,1.284668227211752945e-05,1.297305506928203815e-05,1.000000000000000000e+00,2.751668232575630267e-10,1.009773675818713912e+00
1.024000000000000000e+03,5.000000000000000000e-01,3.876977684626867985e-03,1.183159693794820552e-07,1.397276641085238047e-05,1.412229325625661919e-05,1.000000000000000000e+00,3.251981074081156613e-10,1.010625271463197805e+00
1.024000000000000000e+03,5.000000000000000000e-01,4.220425760768278106e-03,1.287971728750084871e-07,1.519643850728966486e-05,1.537333848893841310e-05,2.000000000000000000e+00,3.386705716652331432e-16,1.011549725735790162e+00
1.024000000000000000e+03,5.000000000000000000e-01,4.594298716958125813e-03,1.402068700243568668e-07,1.652595507949319260e-05,1.673520950223643595e-05,2.000000000000000000e+00,4.305887983354363685e-16,1.012553029611574118e+00
1.024000000000000000e+03,5.000000000000000000e-01,5.001291788343337381e-03,1.526273128766887629e-07,1.797023570428691488e-05,1.821772396966745444e-05,2.000000000000000000e+00,2.829810554880028874e-16,1.013641629079913287e+00
1.024000000000000000e+03,5.000000000000000000e-01,5.444338971653001069e-03,1.661480399064026205e-07,1.953891010679412499e-05,1.983156927857067801e-05,2.000000000000000000e+00,3.690381550480049118e-16,1.014822438161942841e+00
1.024000000000000000e+03,5.000000000000000000e-01,5.926634176263106610e-03,1.808665214924043765e-07,2.124236750048549849e-05,2.158837957505442608e-05,2.000000000000000000e+00,3.139218479727685251e-16,1.016102874451142668e+00
1.024000000000000000e+03,5.000000000000000000e-01,6.451654248961152284e-03,1.968888625781601649e-07,2.309180811995452910e-05,2.350081963408885653e-05,2.000000000000000000e+00,3.612273451243174178e-16,1.017490882957517329e+00
1.024000000000000000e+03,5.000000000000000000e-01,7.023184038395183758e-03,2.143305675779780200e-07,2.509929682785261236e-05,2.558267615936075419e-05,2.000000000000000000e+00,7.511380208811827518e-16,1.018994959421519297e+00
1.024000000000000000e+03,5.000000000000000000e-01,7.645343679895950061e-03,2.333173730436996478e-07,2.727781862329695393e-05,2.784895717106766804e-05,2.000000000000000000e+00,4.911881847515987762e-16,1.020624175386455335e+00
1.024000000000000000e+03,5.000000000000000000e-01,8.322618297367171195e-03,2.539861540944571287e-07,2.964133581828953744e-05,3.031600019813326033e-05,2.000000000000000000e+00,1.980822206206112716e-16,1.022388200023005567e+00
1.024000000000000000e+03,5.000000000000000000e-01,9.059890336364008825e-03,2.764859111439211678e-07,3.220484660967723201e-05,3.300159005479855114e-05,2.000000000000000000e+00,1.090001977130270410e-16,1.024297318739211704e+00
1.024000000000000000e+03,5.000000000000000000e-01,9.862474761447128854e-03,3.009788440383034929e-07,3.498444468410924680e-05,3.592508705063405454e-05,2.000000000000000000e+00,4.429629483908470768e-16,1.026362450872955634e+00
1.024000000000000000e+03,5.000000000000000000e-01,1.073615737154919730e-02,3.276415213485472810e-07,3.799737943091323865e-05,3.910756655823550374e-05,2.000000000000000000e+00,3.402779279043843565e-16,1.028595161279596937e+00
1.024000000000000000e+03,5.000000000000000000e-01,1.168723650956719762e-02,3.566661532460692632e-07,4.126211627128450343e-05,4.257197094473912227e-05,2.000000000000000000e+00,4.295842844690683978e-16,1.031007667119268945e+00
1.024000000000000000e+03,5.000000000000000000e-01,1.272256846686392259e-02,3.882619771381812315e-07,4.479839651323932993e-05,4.634327496242673542e-05,2.000000000000000000e+00,1.469700859250282661e-16,1.033612839425011032e+00
1.024000000000000000e+03,5.000000000000000000e-01,1.384961690999737469e-02,4.226567660521659755e-07,4.862729607703822609e-05,5.044866579071310443e-05,2.000000000000000000e+00,3.243704097789191265e-16,1.036424196784970775e+00
1.024000000000000000e+03,5.000000000000000000e-01,1.507650668599356224e-02,4.600984706418933788e-07,5.277128234883425443e-05,5.491773902743169502e-05,2.000000000000000000e+00,3.195034374050151688e-16,1.039455889916940379e+00
1.024000000000000000e+03,5.000000000000000000e-01,1.641208239404307045e-02,5.008570066541464372e-07,5.725426835777512016e-05,5.978271204231326547e-05,2.000000000000000000e+00,3.531462258176586855e-16,1.042722675988308367e+00
1.024000000000000000e+03,5.000000000000000000e-01,1.786597214586164994e-02,5.452262007404067976e-07,6.210166339637659017e-05,6.507865623071119919e-05,2.000000000000000000e+00,4.429269699981833857e-16,1.046239881965501439e+00
1.024000000000000000e+03,5.000000000000000000e-01,1.944865697436172838e-02,5.935259086414101680e-07,6.734041916009834300e-05,7.084374984188514322e-05,2.000000000000000000e+00,4.197320896362116039e-16,1.050023353914475877e+00
1.024000000000000000e+03,5.000000000000000000e-01,2.117154639099801117e-02,6.461043210143436025e-07,7.299907045947245476e-05,7.711955320446760482e-05,2.000000000000000000e+00,3.136693165304733336e-16,1.054089391338891346e+00
1.024000000000000000e+03,5.000000000000000000e-01,2.304706063647832606e-02,7.033404735253395405e-07,7.910776954353387663e-05,8.395130833320754086e-05,2.000000000000000000e+00,3.433600080932201179e-16,1.058454665759697377e+00
1.024000000000000000e+03,5.000000000000000000e-01,2.508872021778041014e-02,7.656469793023806806e-07,8.569831310442653277e-05,9.138826507683891034e-05,2.000000000000000000e+00,4.008463025911116307e-16,1.063136120821805974e+00
1.024000000000000000e+03,5.000000000000000000e-01,2.731124337694483886e-02,8.334730034468029438e-07,9.280416110901927443e-05,9.948403615826642912e-05,2.000000000000000000e+00,3.581953470654877044e-16,1.068150852805182183e+00
1.024000000000000000e+03,5.000000000000000000e-01,2.973065219429122871e-02,9.073075010464852512e-07,1.004604467050611489e-04,1.082969836665333266e-04,2.000000000000000000e+00,2.640451766304547482e-16,1.073515972020157250e+00
1.024000000000000000e+03,5.000000000000000000e-01,3.236438809095310704e-02,9.876827420334810497e-07,1.087039765972665895e-04,1.178906397867822393e-04,2.000000000000000000e+00,2.026576832944939359e-16,1.079248442246896644e+00
1.024000000000000000e+03,5.000000000000000000e-01,3.523143756338294186e-02,1.075178148296598567e-06,1.175732215387071051e-04,1.283341648012283228e-04,2.000000000000000000e+00,5.366549978790567772e-16,1.085364899512857306e+00
1.024000000000000000e+03,5.000000000000000000e-01,3.835246905624398184e-02,1.170424470710570735e-06,1.271082967862189900e-04,1.397028456628613910e-04,2.000000000000000000e+00,4.556269092539231971e-16,1.091881450682240740e+00
1.024000000000000000e+03,5.000000000000000000e-01,4.174998196039882842e-02,1.274108336193811902e-06,1.373509327401796942e-04,1.520786387360703454e-04,2.000000000000000000e+00,4.836098910255348587e-16,1.098813451432501864e+00
1.024000000000000000e+03,5.000000000000000000e-01,4.544846881011548045e-02,1.386977197574324965e-06,1.483444363113440028e-04,1.655507606167858222e-04,2.000000000000000000e+00,3.637326690566958164e-16,1.106175267684985641e+00
1.024000000000000000e+03,5.000000000000000000e-01,4.947459184876524391e-02,1.509844721947181516e-06,1.601336439512811532e-04,1.802163312913446962e-04,2.000000000000000000e+00,4.532240285030947812e-16,1.113980021758639083e+00
1.024000000000000000e+03,5.000000000000000000e-01,5.385737523586515973e-02,1.643596656367955314e-06,1.727648677203495677e-04,1.961810742705737923e-04,2.000000000000000000e+00,3.597113444382851692e-16,1.122239327574185097e+00
1.024000000000000000e+03,5.000000000000000000e-01,5.862841428108070407e-02,1.789197213167746096e-06,1.862858361512816324e-04,2.135600787463421920e-04,2.000000000000000000e+00,3.060993692989759948e-16,1.130963019852501361e+00
1.024000000000000000e+03,5.000000000000000000e-01,6.382210321354522820e-02,1.947696020921180060e-06,2.007456320963923481e-04,2.324786292649267522e-04,2.000000000000000000e+00,5.646478906162582378e-16,1.140158882851430633e+00
1.024000000000000000e+03,5.000000000000000000e-01,6.947588312847928493e-02,2.120235691176735990e-06,2.161946300769516428e-04,2.530731088982849557e-04,2.000000000000000000e+00,3.679269938617520513e-16,1.149832385586730510e+00
1.024000000000000000e+03,5.000000000000000000e-01,7.563051189854348710e-02,2.308060055497542941e-06,2.326844359678963158e-04,2.754919824241473998e-04,2.000000000000000000e+00,6.976534806647978068e-16,1.159986430697273363e+00
1.024000000000000000e+03,5.000000000000000000e-01,8.233035799570899427e-02,2.512523132193267647e-06,2.502678320378874080e-04,2.998968666026499545e-04,2.000000000000000000e+00,3.156771816154560340e-16,1.170621124980087302e+00
1.024000000000000000e+03,5.000000000000000000e-01,8.962372034179146019e-02,2.735098887383772589e-06,2.689987304766156668e-04,3.264636952650721126e-04,2.000000000000000000e+00,3.532490084666844537e-16,1.181733580131382411e+00
1.024000000000000000e+03,5.000000000000000000e-01,9.756317649344246890e-02,2.977391860761794095e-06,2.889321384840571661e-04,3.553839876137750175e-04,2.000000000000000000e+00,3.165979802145607255e-16,1.193317751392442005e+00
1.024000000000000000e+03,5.000000000000000000e-01,1.062059616716455601e-01,3.241148732655198978e-06,3.101241378758056626e-04,3.868662288764453897e-04,2.000000000000000000e+00,3.580916338141580758e-16,1.205364321805355132e+00
1.024000000000000000e+03,5.000000000000000000e-01,1.156143813681301397e-01,3.528270915775455922e-06,3.326318818236182568e-04,4.211373732677455733e-04,2.000000000000000000e+00,5.649106275825106386e-16,1.217860639234368492e+00
1.024000000000000000e+03,5.000000000000000000e-01,1.258562605031620374e-01,3.840828262425599286e-06,3.565136109648020589e-04,4.584444800931429379e-04,2.000000000000000000e+00,5.301965943197471358e-16,1.230790710771097807e+00
1.024000000000000000e+03,5.000000000000000000e-01,1.370054323726727086e-01,4.181073985982443499e-06,3.818286905958398090e-04,4.990564947895313958e-04,2.000000000000000000e+00,4.333506794822961834e-16,1.244135258914688791e+00
1.024000000000000000e+03,5.000000000000000000e-01,1.491422709095305277e-01,4.551460904221512685e-06,4.086376700524299880e-04,5.432661877421073818e-04,2.000000000000000000e+00,4.246167718489050972e-16,1.257871840946634734e+00
1.024000000000000000e+03,5.000000000000000000e-01,1.623542700959969831e-01,4.954659121581939182e-06,4.370023647733709340e-04,5.913922648543259086e-04,2.000000000000000000e+00,3.910527388976741343e-16,1.271975030726727240e+00
1.024000000000000000e+03,5.000000000000000000e-01,1.767366747043382647e-01,5.393575277842354268e-06,4.669859608845635963e-04,6.437816650859861300e-04,2.000000000000000000e+00,4.180670723185891008e-16,1.286416660251999744e+00
1.024000000000000000e+03,5.000000000000000000e-01,1.923931669125663046e-01,5.871373501970407246e-06,4.986531415417541722e-04,7.008120615222691429e-04,2.000000000000000000e+00,6.583875980863993340e-16,1.301166115939157208e+00
1.024000000000000000e+03,5.000000000000000000e-01,2.094366137451044718e-01,6.391498222201674555e-06,5.320702337031427143e-04,7.628945840038725687e-04,2.000000000000000000e+00,5.292284795233348415e-16,1.316190682054372729e+00
1.024000000000000000e+03,5.000000000000000000e-01,2.279898807266372007e-01,6.957698996784582542e-06,5.673053735824774976e-04,8.304767829455322143e-04,2.000000000000000000e+00,4.143252711896387134e-16,1.331455922361355348e+00
1.024000000000000000e+03,5.000000000000000000e-01,2.481867176147531384e-01,7.574057544395542554e-06,6.044286886504338313e-04,9.040458557090257953e-04,2.000000000000000000e+00,3.877268567749510051e-16,1.346926089658744274e+00
1.024000000000000000e+03,5.000000000000000000e-01,2.701727225965798729e-01,8.245017169085079128e-06,6.435124938691172067e-04,9.841321587894002239e-04,2.000000000000000000e+00,5.320938629974432908e-16,1.362564551947178515e+00
1.024000000000000000e+03,5.000000000000000000e-01,2.941063919002797622e-01,8.975414791878654852e-06,6.846314997130423198e-04,1.071313031133690630e-03,2.000000000000000000e+00,5.239090101722716892e-16,1.378334223504946721e+00
1.024000000000000000e+03,5.000000000000000000e-01,3.201602623879978293e-01,9.770515819946222819e-06,7.278630296041399203e-04,1.166216956154217518e-03,2.000000000000000000e+00,4.894692812658177213e-16,1.394197989662318449e+00
1.024000000000000000e+03,5.000000000000000000e-01,3.485221553671853933e-01,1.063605210471146830e-05,7.732872444674113730e-04,1.269528092440316922e-03,2.000000000000000000e+00,4.875536885617050459e-16,1.410119114954397901e+00
1.024000000000000000e+03,5.000000000000000000e-01,3.793965305868713389e-01,1.157826326253879818e-05,8.209873723720159449e-04,1.381991205830166228e-03,2.000000000000000000e+00,5.483780125758296603e-16,1.426061624781296722e+00
1.024000000000000000e+03,5.000000000000000000e-01,4.130059601797904656e-01,1.260394165587739458e-05,8.710499414999120374e-04,1.504417038397834255e-03,2.000000000000000000e+00,4.438454553480292932e-16,1.441990653262609889e+00
1.024000000000000000e+03,5.000000000000000000e-01,4.495927331759673740e-01,1.372048135912986371e-05,9.235650149873686574e-04,1.637688153060395946e-03,2.000000000000000000e+00,7.458219606063965893e-16,1.457872750997190714e+00
1.024000000000000000e+03,5.000000000000000000e-01,4.894206021546106400e-01,1.493593146223787353e-05,9.786264265675499643e-04,1.782765295938585877e-03,2.000000000000000000e+00,4.767644930912478565e-16,1.473676148411976250e+00
1.024000000000000000e+03,5.000000000000000000e-01,5.327766846258852329e-01,1.625905409624893899e-05,1.036332016260979377e-03,1.940694322337074319e-03,2.000000000000000000e+00,5.120348719542092968e-16,1.489370972714842978e+00
1.024000000000000000e+03,5.000000000000000000e-01,5.799735328495210229e-01,1.769938759916751169e-05,1.096783865691483171e-03,2.112613736273388342e-03,2.000000000000000000e+00,5.099830047133060632e-16,1.504929417408484404e+00
1.024000000000000000e+03,5.000000000000000000e-01,6.313513870115260440e-01,1.926731527745135632e-05,1.160088532935796713e-03,2.299762897907742850e-03,2.000000000000000000e+00,4.015884696341087729e-16,1.520325865757544914e+00
1.024000000000000000e+03,5.000000000000000000e-01,6.872806280020339331e-01,2.097414025885113321e-05,1.226357287012909067e-03,2.503490958040701601e-03,2.000000000000000000e+00,7.428549907422313570e-16,1.535536970240995114e+00
1.024000000000000000e+03,5.000000000000000000e-01,7.481644474762951802e-01,2.283216697620529725e-05,1.295706342420079905e-03,2.725266584087220056e-03,2.000000000000000000e+00,5.352175439946858151e-16,1.550541691275359790e+00
1.024000000000000000e+03,5.000000000000000000e-01,8.144417544471405090e-01,2.485478986960267667e-05,1.368257094218193253e-03,2.966688547641106385e-03,2.000000000000000000e+00,5.386832121704841444e-16,1.565321299558424473e+00
1.024000000000000000e+03,5.000000000000000000e-01,8.865903393624622320e-01,2.705658994636420386e-05,1.444136354356698659e-03,3.229497249955359806e-03,2.000000000000000000e+00,3.669382174688488474e-16,1.579859346320558133e+00
1.024000000000000000e+03,5.000000000000000000e-01,9.651303184773795119e-01,2.945343989493956030e-05,1.523476589986457212e-03,3.515587268424960783e-03,2.000000000000000000e+00,4.586457513586176109e-16,1.594141606582809567e+00
1.024000000000000000e+03,5.000000000000000000e-01,1.050627883351473058e+00,3.206261851048196587e-05,1.606416164571139752e-03,3.827021014519369976e-03,2.000000000000000000e+00,7.244013547956965132e-16,1.608156000010793729e+00
1.024000000000000000e+03,5.000000000000000000e-01,1.143699382501027317e+00,3.490293525698935905e-05,1.693099582647807381e-03,4.166043601624084235e-03,2.000000000000000000e+00,1.183161694630444670e-15,1.621892494116424333e+00
1.024000000000000000e+03,5.000000000000000000e-01,1.245015764630757360e+00,3.799486586397574951e-05,1.783677739066650116e-03,4.535099029972960646e-03,2.000000000000000000e+00,1.970207600024952616e-15,1.635342994299220365e+00
1.024000000000000000e+03,5.000000000000000000e-01,1.355307415476129540e+00,4.136069993518461731e-05,1.878308173530196263e-03,4.936847805347950938e-03,2.000000000000000000e+00,1.310767784360701208e-15,1.648501224602834991e+00
1.024000000000000000e+03,5.000000000000000000e-01,1.475369423124816226e+00,4.502470163344776081e-05,1.977155331220286846e-03,5.374186118558506309e-03,2.000000000000000000e+00,1.892411487042749444e-15,1.661362602628755791e+00
1.024000000000000000e+03,5.000000000000000000e-01,1.606067309774853680e+00,4.901328460006267333e-05,2.080390830269441844e-03,5.850266723965049168e-03,2.000000000000000000e+00,1.791342085894169157e-15,1.673924111920246371e+00
1.024000000000000000e+03,5.000000000000000000e-01,1.748343271249433117e+00,5.335520236967264152e-05,2.188193736743174883e-03,6.368521667558632755e-03,2.000000000000000000e+00,1.936245828824320182e-15,1.686184174222638887e+00
1.024000000000000000e+03,5.000000000000000000e-01,1.903222969248829166e+00,5.808175565334561664e-05,2.300750847806256900e-03,6.932687028442942323e-03,2.000000000000000000e+00,3.024219694778166120e-15,1.698142523648493274e+00
1.024000000000000000e+03,5.000000000000000000e-01,2.071822925304432239e+00,6.322701798414405027e-05,2.418256983644147175e-03,7.546829852078607015e-03,2.000000000000000000e+00,3.350621308356212433e-15,1.709800084689559796e+00
1.024000000000000000e+03,5.000000000000000000e-01,2.255358569737724750e+00,6.882808135185927581e-05,2.540915288672672065e-03,8.215377469450941064e-03,2.000000000000000000e+00,3.078475398699420725e-15,1.721158855138027022e+00
1.024000000000000000e+03,5.000000000000000000e-01,2.455153003648686383e+00,7.492532359767719674e-05,2.668937542529053498e-03,8.943149413521322283e-03,2.000000000000000000e+00,4.139203928029804873e-15,1.732221794834428508e+00
1.024000000000000000e+03,5.000000000000000000e-01,2.672646537098598785e+00,8.156269949641719924e-05,2.802544481282340499e-03,9.735392163047163275e-03,2.000000000000000000e+00,5.134141929242011845e-15,1.742992721114253740e+00
1.024000000000000000e+03,5.000000000000000000e-01,2.909407072247474080e+00,8.878805762473980956e-05,2.941966129227095456e-03,1.059781696423671947e-02,2.000000000000000000e+00,5.357863346304924287e-15,1.753476211137670049e+00
1.024000000000000000e+03,5.000000000000000000e-01,3.167141406297881101e+00,9.665348529961795352e-05,3.087442141636004712e-03,1.153664100289407933e-02,2.000000000000000000e+00,6.260578169164459033e-15,1.763677511290431710e+00
1.024000000000000000e+03,5.000000000000000000e-01,3.447707535727514649e+00,1.052156840737156570e-04,3.239222158749905517e-03,1.255863222386224137e-02,2.000000000000000000e+00,7.325606694334573871e-15,1.773602453800840806e+00
1.024000000000000000e+03,5.000000000000000000e-01,3.753128050511263414e+00,1.145363784946064274e-04,3.397566171280157026e-03,1.367115812086597444e-02,2.000000000000000000e+00,7.995828610467840919e-15,1.783257380336298326e+00
1.024000000000000000e+03,5.000000000000000000e-01,4.085604714891272415e+00,1.246827610745627568e-04,3.562744897642353310e-03,1.488223884847877411e-02,2.000000000000000000e+00,8.550560955513366688e-15,1.792649072396535814e+00
1.024000000000000000e+03,5.000000000000000000e-01,4.447534339807003967e+00,1.357279766786805410e-04,3.735040173118002807e-03,1.620060503909533101e-02,2.000000000000000000e+00,1.010682871584930779e-14,1.801784688246462096e+00
1.024000000000000000e+03,5.000000000000000000e-01,4.841526061409241244e+00,1.477516498232800673e-04,3.914745351084354154e-03,1.763576074171055441e-02,2.000000000000000000e+00,1.086368130281562168e-14,1.810671706005422266e+00
1.024000000000000000e+03,5.000000000000000000e-01,5.270420150217884903e+00,1.608404586858485383e-04,4.102165716445797285e-03,1.919805193622734288e-02,2.000000000000000000e+00,1.284811283371455107e-14,1.819317872579645723e+00
1.024000000000000000e+03,5.000000000000000000e-01,5.737308486518300832e+00,1.750887599645477549e-04,4.297618911322911676e-03,2.089874111721106223e-02,2.000000000000000000e+00,1.346275654457548092e-14,1.827731157992531053e+00
1.024000000000000000e+03,5.000000000000000000e-01,6.245556849602215799e+00,1.905992690918644958e-04,4.501435373070915985e-03,2.275008848476090667e-02,2.000000000000000000e+00,1.446423950243678130e-14,1.835919714739915776e+00
1.024000000000000000e+03,5.000000000000000000e-01,6.798829181535733568e+00,2.074838007060465566e-04,4.713958784602905079e-03,2.476544032780100477e-02,2.000000000000000000e+00,1.693871570665708284e-14,1.843891841860401115e+00
1.024000000000000000e+03,5.000000000000000000e-01,7.401114000370648149e+00,2.258640747183425339e-04,4.935546536992645519e-03,2.695932523694168428e-02,2.000000000000000000e+00,1.841185818570059339e-14,1.851655953214844885e+00
1.024000000000000000e+03,5.000000000000000000e-01,8.056753153211211327e+00,2.458725937869632363e-04,5.166570204273949855e-03,2.934755884050683356e-02,2.000000000000000000e+00,1.978811566254857782e-14,1.859220549731418259e+00
1.024000000000000000e+03,5.000000000000000000e-01,8.770473116415740122e+00,2.676535985234295692e-04,5.407416030294460475e-03,3.194735781876406611e-02,2.000000000000000000e+00,2.217747467948614250e-14,1.866594195180812932e+00
1.024000000000000000e+03,5.000000000000000000e-01,9.547419068575072387e+00,2.913641073173545040e-04,5.658485427464809633e-03,3.477746401828211292e-02,2.000000000000000000e+00,2.312339445838170670e-14,1.873785495268833756e+00
1.024000000000000000e+03,5.000000000000000000e-01,1.039319198189880566e+01,3.171750482757203877e-04,5.920195487127254824e-03,3.785827956115151577e-02,2.000000000000000000e+00,2.544048310179428446e-14,1.880803079660058330e+00
1.024000000000000000e+03,5.000000000000000000e-01,1.131388899939917181e+01,3.452724914367423037e-04,6.192979501292426338e-03,4.121201392306399203e-02,2.000000000000000000e+00,2.855452059537973859e-14,1.887655586607333902e+00
1.024000000000000000e+03,5.000000000000000000e-01,1.231614738895065564e+01,3.758589901413163952e-04,6.477287495358845064e-03,4.486284404053261787e-02,2.000000000000000000e+00,2.991902268099850807e-14,1.894351650131817166e+00
1.024000000000000000e+03,5.000000000000000000e-01,1.340719239108772776e+01,4.091550412319252855e-04,6.773586771375233496e-03,4.883708860145682257e-02,2.000000000000000000e+00,3.275608448959031648e-14,1.900899889289014766e+00
1.024000000000000000e+03,5.000000000000000000e-01,1.459488930547429320e+01,4.454006746055387328e-04,7.082362461379500609e-03,5.316339777548872991e-02,2.000000000000000000e+00,3.538167257961520788e-14,1.907308899436930716e+00
1.024000000000000000e+03,5.000000000000000000e-01,1.588780019153330159e+01,4.848571835795074947e-04,7.404118090181691439e-03,5.787295975195627662e-02,2.000000000000000000e+00,3.801184892281102890e-14,1.913587245275945037e+00
1.024000000000000000e+03,5.000000000000000000e-01,1.729524559198999256e+01,5.278090085446164722e-04,7.739376146969223318e-03,6.299972557427023501e-02,2.000000000000000000e+00,4.041899063049209771e-14,1.919743455436762503e+00
1.024000000000000000e+03,5.000000000000000000e-01,1.882737172429033379e+01,5.745657874844462215e-04,8.088678664935306656e-03,6.858065389163352232e-02,2.000000000000000000e+00,4.289533011448821030e-14,1.925786018555747603e+00
1.024000000000000000e+03,5.000000000000000000e-01,2.049522362427595823e+01,6.254645881431872018e-04,8.452587808084608897e-03,7.465597739246215836e-02,2.000000000000000000e+00,4.489042060150893170e-14,1.931723380571106929e+00
1.024000000000000000e+03,5.000000000000000000e-01,2.231082476940427739e+01,6.808723379334801450e-04,8.831686464250042973e-03,8.126949284022134956e-02,2.000000000000000000e+00,4.854958826891468400e-14,1.937563943151893397e+00
1.024000000000000000e+03,5.000000000000000000e-01,2.428726375551554639e+01,7.411884691014265867e-04,9.226578843243089106e-03,8.846887680253789910e-02,2.000000000000000000e+00,5.366104834252311091e-14,1.943316063159393536e+00
1.024000000000000000e+03,5.000000000000000000e-01,2.643878865199524597e+01,8.068477982176283560e-04,9.637891078929998814e-03,9.630602934966374373e-02,2.000000000000000000e+00,6.098089891359726879e-14,1.948988053015710875e+00
1.024000000000000000e+03,5.000000000000000000e-01,2.878090971553469757e+01,8.783236607524016592e-04,1.006627183391387362e-02,1.048374482000002800e-01,2.000000000000000000e+00,6.653030452893806891e-14,1.954588181810620995e+00
1.024000000000000000e+03,5.000000000000000000e-01,3.133051120294988223e+01,9.561313233322107615e-04,1.051239290538434276e-02,1.141246360098859269e-01,2.000000000000000000e+00,7.353016425725709483e-14,1.960124677174157171e+00
1.024000000000000000e+03,5.000000000000000000e-01,3.410597308911122383e+01,1.040831698276099360e-03,1.097694983048978952e-02,1.242345437437773342e-01,2.000000000000000000e+00,8.328780593195513803e-14,1.965605727734882180e+00
1.024000000000000000e+03,5.000000000000000000e-01,3.712730356744578586e+01,1.133035387190117977e-03,1.146066248954677458e-02,1.352400533210689204e-01,2.000000000000000000e+00,9.217433373783438668e-14,1.971039486090148785e+00
1.024000000000000000e+03,5.000000000000000000e-01,4.041628328820073079e+01,1.233407082769797693e-03,1.196427570513888296e-02,1.472205030189248920e-01,2.000000000000000000e+00,1.034673923980976106e-13,1.976434072299333877e+00
1.024000000000000000e+03,5.000000000000000000e-01,4.399662237427800449e+01,1.342670360543151992e-03,1.248855983506814461e-02,1.602622594187395610e-01,2.000000000000000000e+00,1.124804820248368430e-13,1.981797577734475624e+00
1.024000000000000000e+03,5.000000000000000000e-01,4.789413134655882232e+01,1.461612895097620310e-03,1.303431135692860801e-02,1.744593400193565347e-01,2.000000000000000000e+00,1.239765296996752755e-13,1.987138069293131082e+00
1.024000000000000000e+03,5.000000000000000000e-01,5.213690719091424342e+01,1.591092138394599714e-03,1.360235344189635563e-02,1.899140910054498976e-01,2.000000000000000000e+00,1.367831790566653184e-13,1.992463593903487151e+00
1.024000000000000000e+03,5.000000000000000000e-01,5.675553590824870298e+01,1.732041501106222625e-03,1.419353651516022663e-02,2.067379250570619831e-01,2.000000000000000000e+00,1.510181572286942036e-13,1.997782183265428557e+00
1.024000000000000000e+03,5.000000000000000000e-01,6.178331300775477075e+01,1.885477081535484947e-03,1.480873880022943838e-02,2.250521245191487996e-01,2.000000000000000000e+00,1.669275669039539928e-13,2.003101858779025690e+00
1.024000000000000000e+03,5.000000000000000000e-01,6.725648353290260673e+01,2.052504990628131309e-03,1.544886684417380064e-02,2.449887157211373123e-01,2.000000000000000000e+00,1.819555121918954153e-13,2.008430636643865341e+00
1.024000000000000000e+03,5.000000000000000000e-01,7.321450335050563751e+01,2.234329325882130051e-03,1.611485602063902553e-02,2.666914207494425204e-01,2.000000000000000000e+00,1.991926172502863393e-13,2.013776533067357377e+00
1.024000000000000000e+03,5.000000000000000000e-01,7.970032358648145987e+01,2.432260851638228145e-03,1.680767100732215649e-02,2.903166935342224031e-01,2.000000000000000000e+00,2.198107858790549225e-13,2.019147569536791309e+00
1.024000000000000000e+03,5.000000000000000000e-01,8.676070025879663206e+01,2.647726448327533937e-03,1.752830623436854585e-02,3.160348477194880878e-01,2.000000000000000000e+00,2.395299269361828789e-13,2.024551778167328564e+00
1.024000000000000000e+03,5.000000000000000000e-01,9.444653133972346382e+01,2.882279398795271723e-03,1.827778629995716053e-02,3.440312844473272236e-01,2.000000000000000000e+00,2.594682042071215010e-13,2.029997207068177545e+00
1.024000000000000000e+03,5.000000000000000000e-01,1.028132236772830339e+02,3.137610585854584775e-03,1.905716634916364283e-02,3.745078289073099365e-01,2.000000000000000000e+00,2.855282208828858938e-13,2.035491925663357904e+00
1.024000000000000000e+03,5.000000000000000000e-01,1.119210924209890834e+02,3.415560681792879742e-03,1.986753241201144257e-02,4.076841852861807225e-01,2.000000000000000000e+00,3.054274122854165686e-13,2.041044030011605059e+00
1.024000000000000000e+03,5.000000000000000000e-01,1.218357958313427645e+02,3.718133417704552138e-03,2.071000169637373170e-02,4.437995206065329934e-01,2.000000000000000000e+00,3.338446499984826886e-13,2.046661648078192286e+00
1.024000000000000000e+03,5.000000000000000000e-01,1.326288086075973922e+02,4.047510028308025885e-03,2.158572283128585428e-02,4.831141888722756406e-01,2.000000000000000000e+00,3.634811827161637593e-13,2.052352944899794807e+00
1.024000000000000000e+03,5.000000000000000000e-01,1.443779371460016705e+02,4.406064976379445511e-03,2.249587605600865403e-02,5.259116079502159646e-01,2.000000000000000000e+00,3.960377727157378351e-13,2.058126127676054296e+00
1.024000000000000000e+03,5.000000000000000000e-01,1.571678804429880358e+02,4.796383070159546992e-03,2.344167335002962996e-02,5.725003027180887161e-01,2.000000000000000000e+00,4.954839892701664147e-13,2.063989450734354136e+00
1.024000000000000000e+03,5.000000000000000000e-01,1.710908406868421707e+02,5.221278097132634605e-03,2.442435849906090736e-02,6.232161292080299342e-01,2.000000000000000000e+00,6.100271534488860920e-13,2.069951220386137436e+00
1.024000000000000000e+03,5.000000000000000000e-01,1.862471879395777989e+02,5.683813108507623259e-03,2.544520709190849911e-02,6.784246957792331445e-01,2.000000000000000000e+00,7.460948828525727668e-13,2.076019799632916829e+00
1.024000000000000000e+03,5.000000000000000000e-01,2.027461837006924839e+02,6.187322500631484493e-03,2.650552644304815866e-02,7.385239987739631307e-01,2.000000000000000000e+00,8.990845064278901972e-13,2.082203612716412522e+00
1.024000000000000000e+03,5.000000000000000000e-01,2.207067685689328869e+02,6.735436052518703823e-03,2.760665543556285392e-02,8.039472916572151240e-01,2.000000000000000000e+00,1.079579224406672684e-12,2.088511149528486044e+00
1.024000000000000000e+03,5.000000000000000000e-01,2.402584196803015573e+02,7.332105092782640297e-03,2.874996427908317956e-02,8.751662083235715039e-01,2.000000000000000000e+00,1.290935729515428418e-12,2.094950969844404653e+00
1.024000000000000000e+03,5.000000000000000000e-01,2.615420841035390254e+02,7.981630984605072796e-03,2.993685417728973036e-02,9.526941630870365829e-01,2.000000000000000000e+00,1.534823754022858675e-12,2.101531707395793092e+00
1.024000000000000000e+03,5.000000000000000000e-01,2.847111949218849531e+02,8.688696134090727330e-03,3.116875689952587972e-02,1.037090051864219431e+00,2.000000000000000000e+00,1.814067267437731679e-12,2.108262073764961997e+00
1.024000000000000000e+03,5.000000000000000000e-01,3.099327773260285426e+02,9.458397745545304644e-03,3.244713425108494004e-02,1.128962281232606335e+00,2.000000000000000000e+00,2.132643411881707573e-12,2.115150862123016395e+00
1.024000000000000000e+03,5.000000000000000000e-01,3.373886526920050528e+02,1.029628456701675576e-02,3.377347743674307540e-02,1.228973154409161550e+00,2.000000000000000000e+00,2.499472815755000199e-12,2.122206950803288805e+00
1.024000000000000000e+03,5.000000000000000000e-01,3.672767493242063779e+02,1.120839689099750909e-02,3.514930631223011498e-02,1.337843645767665901e+00,2.000000000000000000e+00,2.920515277331247259e-12,2.129439306704938417e+00
1.024000000000000000e+03,5.000000000000000000e-01,3.998125293125836492e+02,1.220131009865062406e-02,3.657616851841265226e-02,1.456358598314041242e+00,2.000000000000000000e+00,3.399180105965976472e-12,2.136856988566151472e+00
1.024000000000000000e+03,5.000000000000000000e-01,4.352305417902211389e+02,1.328218206146915097e-02,3.805563849310839020e-02,1.585372381588135982e+00,2.000000000000000000e+00,3.945104264889297324e-12,2.144469150092902510e+00
1.024000000000000000e+03,5.000000000000000000e-01,4.737861137886242773e+02,1.445880474208448112e-02,3.958931635568155999e-02,1.725815050779451854e+00,2.000000000000000000e+00,4.556512417743688662e-12,2.152285042964308559e+00
1.024000000000000000e+03,5.000000000000000000e-01,5.157571908800533720e+02,1.573966036621256628e-02,4.117882665975947792e-02,1.878699051457717761e+00,2.000000000000000000e+00,5.253656527365650588e-12,2.160314019750316561e+00
1.024000000000000000e+03,5.000000000000000000e-01,5.614463408759987715e+02,1.713398257067867345e-02,4.282581700971005434e-02,2.045126518252367909e+00,2.000000000000000000e+00,6.035408986042895349e-12,2.168565536738213950e+00
1.024000000000000000e+03,5.000000000000000000e-01,6.111829350264116556e+02,1.865182296833531664e-02,4.453195653685719513e-02,2.226297220096927987e+00,2.000000000000000000e+00,6.919293429895247244e-12,2.177049156712385525e+00
1.024000000000000000e+03,5.000000000000000000e-01,6.653255224438271398e+02,2.030412360973593566e-02,4.629893423173665062e-02,2.423517209315112275e+00,2.000000000000000000e+00,7.912085196462303738e-12,2.185774551718779435e+00
1.024000000000000000e+03,5.000000000000000000e-01,7.242644148695389958e+02,2.210279586393856799e-02,4.812845712914249480e-02,2.638208236899650228e+00,2.000000000000000000e+00,9.017436522063045968e-12,2.194751505826047833e+00
1.024000000000000000e+03,5.000000000000000000e-01,7.884245004152925276e+02,2.406080628708778466e-02,5.002224834316915808e-02,2.871918001858188241e+00,2.000000000000000000e+00,1.025074732535119248e-11,2.203989917934379150e+00
1.024000000000000000e+03,5.000000000000000000e-01,8.582683065646286877e+02,2.619227009779750634e-02,5.198204494992968855e-02,3.126331308513316642e+00,2.000000000000000000e+00,1.163271313023662136e-11,2.213499804684275318e+00
1.024000000000000000e+03,5.000000000000000000e-01,9.342993345149827746e+02,2.851255293319649581e-02,5.400959571617369032e-02,3.403282212189431721e+00,2.000000000000000000e+00,1.316202355654315346e-11,2.223291303474397296e+00
1.024000000000000000e+03,5.000000000000000000e-01,1.017065688897610585e+03,3.103838161918977614e-02,5.610665867266246415e-02,3.704767240843968690e+00,2.000000000000000000e+00,1.485843866281131464e-11,2.233374675679414167e+00
1.024000000000000000e+03,5.000000000000000000e-01,1.107164029041901131e+03,3.378796475347598666e-02,5.827499853164180843e-02,4.032959787957400621e+00,2.000000000000000000e+00,1.673121381087098161e-11,2.243760310077405506e+00
1.024000000000000000e+03,5.000000000000000000e-01,1.205243870268535829e+03,3.678112397059740690e-02,6.051638394860935077e-02,4.390225780439616976e+00,2.000000000000000000e+00,1.880361213936591964e-11,2.254458726551646919e+00
1.024000000000000000e+03,5.000000000000000000e-01,1.312012266219411686e+03,4.003943683530919451e-02,6.283258462902685526e-02,4.779140734502218990e+00,2.000000000000000000e+00,2.107559995644017415e-11,2.265480580159618285e+00
1.024000000000000000e+03,5.000000000000000000e-01,1.428238905978972525e+03,4.358639239437782364e-02,6.522536828148510490e-02,5.202508322451538270e+00,2.000000000000000000e+00,2.356356137528888859e-11,2.276836665563862994e+00
1.024000000000000000e+03,5.000000000000000000e-01,1.554761662731960996e+03,4.744756050817752063e-02,6.769649741952922517e-02,5.663380584249891214e+00,2.000000000000000000e+00,2.629871970580905344e-11,2.288537921948289977e+00
1.024000000000000000e+03,5.000000000000000000e-01,1.692492633957578846e+03,5.165077618278744037e-02,7.024772601499743030e-02,6.165079929549171389e+00,2.000000000000000000e+00,2.927920570479972029e-11,2.300595438435692586e+00
1.024000000000000000e+03,5.000000000000000000e-01,1.842424716703671947e+03,5.622634023143530113e-02,7.288079600667922431e-02,6.711223088808918824e+00,2.000000000000000000e+00,3.251451740321328930e-11,2.313020460104027620e+00
1.024000000000000000e+03,5.000000000000000000e-01,2.005638765341703220e+03,6.120723771184397033e-02,7.559743366859220104e-02,7.305747186161067219e+00,2.000000000000000000e+00,3.603443948225730322e-11,2.325824394666838657e+00
1.024000000000000000e+03,5.000000000000000000e-01,2.183311383402575302e+03,6.662937571418992011e-02,7.839934584320649991e-02,7.952938121979929775e+00,2.000000000000000000e+00,3.983140311547853186e-11,2.339018819871569121e+00
1.024000000000000000e+03,5.000000000000000000e-01,2.376723405664306028e+03,7.253184221387652675e-02,8.128821604546952739e-02,8.657461469766150941e+00,2.000000000000000000e+00,4.392886849096105489e-11,2.352615491739356912e+00
1.024000000000000000e+03,5.000000000000000000e-01,2.587269131638536692e+03,7.895718785517995275e-02,8.426570044432764306e-02,9.424396110078815170e+00,2.000000000000000000e+00,4.836530406708915587e-11,2.366626353733011001e+00
1.024000000000000000e+03,5.000000000000000000e-01,2.816466377019850370e+03,8.595173269713898834e-02,8.733342372901149731e-02,1.025927084398191802e+01,2.000000000000000000e+00,5.310461049384932905e-11,2.381063547081197385e+00
1.024000000000000000e+03,5.000000000000000000e-01,3.065967415558203356e+03,9.356590013300181141e-02,9.049297486777076183e-02,1.116810424994936035e+01,2.000000000000000000e+00,5.818927442521554379e-11,2.395939422612926251e+00
1.024000000000000000e+03,5.000000000000000000e-01,3.337570890234148919e+03,1.018545803904464392e-01,9.374590276683493484e-02,1.215744807155588703e+01,2.000000000000000000e+00,6.361924883731334364e-11,2.411266554876974055e+00
1.024000000000000000e+03,5.000000000000000000e-01,3.633234779603891184e+03,1.108775262330289058e-01,9.709371183639543823e-02,1.323443444873354480e+01,2.000000000000000000e+00,6.939516254452634069e-11,2.427057760087919291e+00
1.024000000000000000e+03,5.000000000000000000e-01,3.955090512788256092e+03,1.206997837154619169e-01,1.005378574678322950e-01,1.440682733308272212e+01,2.000000000000000000e+00,7.554201052737590328e-11,2.443326120886311514e+00
1.024000000000000000e+03,5.000000000000000000e-01,4.305458334859687056e+03,1.313921610980129107e-01,1.040797414202654370e-01,1.568307845788766031e+01,2.000000000000000000e+00,8.203926538967076732e-11,2.460085023606964683e+00
1.024000000000000000e+03,5.000000000000000000e-01,4.686864033395950173e+03,1.430317393004135185e-01,1.077207071021033524e-01,1.707238826632286433e+01,2.000000000000000000e+00,8.890025146702322131e-11,2.477348218231227861e+00
1.024000000000000000e+03,5.000000000000000000e-01,5.102057146781412484e+03,1.557024275751163478e-01,1.114620347101597936e-01,1.858477223707868831e+01,2.000000000000000000e+00,9.613217283205665674e-11,2.495129918427835491e+00
1.024000000000000000e+03,5.000000000000000000e-01,5.554030785519092206e+03,1.694955684057340151e-01,1.153049361482405832e-01,2.023113308554594170e+01,2.000000000000000000e+00,1.037522696054627867e-10,2.513444969914473859e+00
1.024000000000000000e+03,5.000000000000000000e-01,6.046043209444163040e+03,1.845105959913379834e-01,1.192505495799660725e-01,2.202333936105362255e+01,2.000000000000000000e+00,1.117014305342396887e-10,2.532309130705812095e+00
1.024000000000000000e+03,5.000000000000000000e-01,6.581641316388454470e+03,2.008557530636125021e-01,1.232999333650036389e-01,2.397431100676510596e+01,2.000000000000000000e+00,1.200520012483038517e-10,2.551739526939257985e+00
1.024000000000000000e+03,5.000000000000000000e-01,7.164686211624696625e+03,2.186488712043669624e-01,1.274540589714604766e-01,2.609811249903035701e+01,2.000000000000000000e+00,1.287630164379487454e-10,2.571755372425542419e+00
1.024000000000000000e+03,5.000000000000000000e-01,7.799381042419469850e+03,2.380182202886801102e-01,1.317138022371560080e-01,2.841005423763147419e+01,2.000000000000000000e+00,1.378147857885750366e-10,2.592379067133236958e+00
1.024000000000000000e+03,5.000000000000000000e-01,8.490301298353448146e+03,2.591034331772902877e-01,1.360799320610100449e-01,3.092680291784127178e+01,2.000000000000000000e+00,1.472804738398324072e-10,2.613637815917883245e+00
1.024000000000000000e+03,5.000000000000000000e-01,9.242427795842180785e+03,2.820565123242853023e-01,1.405530952430745217e-01,3.366650167996074572e+01,2.000000000000000000e+00,1.571103850984278465e-10,2.635565928850127193e+00
1.024000000000000000e+03,5.000000000000000000e-01,1.006118258464192877e+04,3.070429255566994864e-01,1.451337957721220429e-01,3.664890090249001275e+01,2.000000000000000000e+00,1.673749086508187805e-10,2.658207971940157677e+00
1.024000000000000000e+03,5.000000000000000000e-01,1.095246803518876732e+04,3.342427989254384557e-01,1.498223664159979152e-01,3.989550058181436754e+01,2.000000000000000000e+00,1.780668306521517065e-10,2.681622925108570143e+00
1.024000000000000000e+03,5.000000000000000000e-01,1.192270938855055647e+04,3.638522152267625875e-01,1.546189300565703750e-01,4.342970532481670176e+01,2.000000000000000000e+00,1.892923077529573799e-10,2.705889469711706852e+00
1.024000000000000000e+03,5.000000000000000000e-01,1.297890107573197747e+04,3.960846275552971640e-01,1.595233478954346806e-01,4.727699307174940913e+01,3.000000000000000000e+00,5.177213694412241052e-14,2.731112445413316436e+00
1.024000000000000000e+03,5.000000000000000000e-01,1.412865714024713088e+04,4.311723980788308985e-01,1.645351516144386850e-01,5.146509876568383390e+01,3.000000000000000000e+00,4.465692787941565608e-14,2.743915150482826970e+00
4.096000000000000000e+03,5.000000000000000000e-01,3.453028372189311461e-07,1.317225788951611123e-12,6.487330674759662240e-10,6.487341120448008135e-10,1.000000000000000000e+00,6.971451573146247696e-16,9.999969526055746405e-01
4.096000000000000000e+03,5.000000000000000000e-01,3.796326349250098917e-07,1.448183574390449111e-12,7.132299198232513371e-10,7.132308622334193268e-10,1.000000000000000000e+00,5.026543548139796940e-16,1.000003292071241390e+00
4.096000000000000000e+03,5.000000000000000000e-01,4.173754802041481331e-07,1.592161103073685200e-12,7.841380881023085165e-10,7.841398400321794494e-10,1.000000000000000000e+00,4.408257846285328702e-16,1.000007547918428941e+00
4.096000000000000000e+03,5.000000000000000000e-01,4.588706961667128814e-07,1.750452789942599798e-12,8.620961725988162479e-10,8.620985452035304597e-10,1.000000000000000000e+00,1.521671627189632179e-16,1.000001945662944536e+00
4.096000000000000000e+03,5.000000000000000000e-01,5.044913412199807367e-07,1.924481739883349368e-12,9.478053901774409909e-10,9.478078573479260259e-10,1.000000000000000000e+00,2.674054634836767806e-16,1.000000616743662363e+00
4.096000000000000000e+03,5.000000000000000000e-01,5.546475630107954424e-07,2.115812542002851267e-12,1.042035347441647430e-09,1.042038337088688307e-09,1.000000000000000000e+00,2.893443415284498951e-16,1.000003706690932859e+00
4.096000000000000000e+03,5.000000000000000000e-01,6.097902858151788814e-07,2.326165335903850103e-12,1.145633366607208932e-09,1.145637153716868158e-09,1.000000000000000000e+00,1.315896117453070816e-16,1.000003941519466366e+00
4.096000000000000000e+03,5.000000000000000000e-01,6.704152645259514134e-07,2.557431276420407919e-12,1.259531146840475132e-09,1.259535701578298090e-09,1.000000000000000000e+00,7.708693411105129110e-17,1.000004123203609652e+00
4.096000000000000000e+03,5.000000000000000000e-01,7.370675416853525643e-07,2.811689535848055131e-12,1.384752313775087037e-09,1.384757973677247065e-09,1.000000000000000000e+00,2.177332806930580782e-16,1.000004105076754968e+00
4.096000000000000000e+03,5.000000000000000000e-01,8.103463476331066076e-07,3.091225996525217467e-12,1.522423077653191895e-09,1.522429767778605321e-09,1.000000000000000000e+00,2.246306411178535676e-16,1.000002683398221848e+00
4.096000000000000000e+03,5.000000000000000000e-01,8.909104878242483380e-07,3.398553801819794991e-12,1.673781115109854639e-09,1.673788807775186425e-09,1.000000000000000000e+00,1.914483784355788337e-16,1.000004464883431865e+00
4.096000000000000000e+03,5.000000000000000000e-01,9.794842657507785514e-07,3.736435950282205778e-12,1.840186227314352576e-09,1.840195871315151745e-09,1.000000000000000000e+00,3.522764078766289021e-16,1.000005961806152754e+00
4.096000000000000000e+03,5.000000000000000000e-01,1.076863994716610048e-06,4.107910136095466798e-12,2.023135439003629167e-09,2.023147023731424512e-09,1.000000000000000000e+00,2.980583152793428087e-16,1.000005214863747938e+00
4.096000000000000000e+03,5.000000000000000000e-01,1.183925157009180668e-06,4.516316059147570298e-12,2.224273212534496536e-09,2.224287068260856438e-09,1.000000000000000000e+00,2.711052013730798610e-16,1.000007204573634567e+00
4.096000000000000000e+03,5.000000000000000000e-01,1.301630274831582091e-06,4.965325450254753460e-12,2.445406991006437442e-09,2.445424333476057856e-09,1.000000000000000000e+00,1.706552676260136866e-16,1.000007630880844545e+00
4.096000000000000000e+03,5.000000000000000000e-01,1.431037563757924375e-06,5.458975081474015714e-12,2.688526294098192556e-09,2.688546930874609039e-09,1.000000000000000000e+00,1.332521123031443810e-16,1.000007263593943208e+00
4.096000000000000000e+03,5.000000000000000000e-01,1.573310446510007247e-06,6.001703058280972469e-12,2.955815596655503723e-09,2.955840628787979102e-09,1.000000000000000000e+00,5.514013603506598132e-16,1.000009242808744148e+00
4.096000000000000000e+03,5.000000000000000000e-01,1.729728012587821707e-06,6.598388719893729048e-12,3.249677865420057817e-09,3.249708503303481721e-09,1.000000000000000000e+00,3.969707209341137041e-16,1.000009465534006381e+00
4.096000000000000000e+03,5.000000000000000000e-01,1.901696517790197996e-06,7.254396506462852464e-12,3.572755875312536447e-09,3.572792542869024429e-09,1.000000000000000000e+00,3.375599265641905979e-16,1.000009785841626808e+00
4.096000000000000000e+03,5.000000000000000000e-01,2.090762027010731017e-06,7.975624187510418004e-12,3.927953081626657226e-09,3.927997400814385452e-09,1.000000000000000000e+00,1.920524765738127659e-16,1.000011852398444034e+00
4.096000000000000000e+03,5.000000000000000000e-01,2.298624313972838410e-06,8.768555885211328164e-12,4.318462485829250840e-09,4.318516509333807819e-09,1.000000000000000000e+00,4.189048206170548718e-16,1.000012527328863143e+00
4.096000000000000000e+03,5.000000000000000000e-01,2.527152142867941911e-06,9.640320369216697355e-12,4.747795945449849886e-09,4.747860789704705811e-09,1.000000000000000000e+00,1.473229970221326646e-16,1.000013350258484479e+00
4.096000000000000000e+03,5.000000000000000000e-01,2.778400069284874210e-06,1.059875514711332020e-11,5.219811707613767523e-09,5.219890216858946234e-09,1.000000000000000000e+00,5.035591625944776255e-16,1.000015309530056129e+00
4.096000000000000000e+03,5.000000000000000000e-01,3.054626911477406240e-06,1.165247692671740051e-11,5.738753488895116136e-09,5.738848522084499602e-09,1.000000000000000000e+00,4.203043819118822016e-16,1.000016725254496919e+00
4.096000000000000000e+03,5.000000000000000000e-01,3.358316058033937340e-06,1.281095908368658959e-11,6.309286446545850038e-09,6.309401345848535358e-09,1.000000000000000000e+00,2.457109004452349080e-16,1.000018212781981219e+00
4.096000000000000000e+03,5.000000000000000000e-01,3.692197794523359879e-06,1.408461683091491653e-11,6.936539366974392110e-09,6.936678183751003346e-09,1.000000000000000000e+00,6.954519495835119455e-16,1.000020208870552096e+00
4.096000000000000000e+03,5.000000000000000000e-01,4.059273849842460390e-06,1.548490085541710049e-11,7.626150406938715128e-09,7.626318502719368386e-09,1.000000000000000000e+00,3.929339684451170757e-16,1.000022119249862840e+00
4.096000000000000000e+03,5.000000000000000000e-01,4.462844382946174050e-06,1.702440026453466053e-11,8.384319496078507219e-09,8.384522442047240196e-09,1.000000000000000000e+00,5.753608992556282672e-16,1.000024145456990254e+00
4.096000000000000000e+03,5.000000000000000000e-01,4.906537652582166751e-06,1.871695576699129772e-11,9.217861183537645653e-09,9.218106555099466178e-09,1.000000000000000000e+00,6.541644895364919995e-16,1.000026883549566037e+00
4.096000000000000000e+03,5.000000000000000000e-01,5.394342636772355387e-06,2.057778410633985667e-11,1.013426814272910250e-08,1.013456509282358260e-08,1.000000000000000000e+00,1.190018105025671214e-15,1.000029412897113446e+00
4.096000000000000000e+03,5.000000000000000000e-01,5.930644895303344026e-06,2.262361486550653086e-11,1.114177867290437758e-08,1.114213738003051558e-08,1.000000000000000000e+00,8.659247715479339359e-16,1.000032197467788819e+00
4.096000000000000000e+03,5.000000000000000000e-01,6.520265997643926587e-06,2.487284087235994944e-11,1.224944819752777218e-08,1.224988189018429360e-08,1.000000000000000000e+00,9.845250815847621418e-16,1.000035437535650829e+00
4.096000000000000000e+03,5.000000000000000000e-01,7.168506870761977916e-06,2.734568355850974242e-11,1.346723364124020194e-08,1.346775768466192317e-08,1.000000000000000000e+00,1.432792749785736952e-15,1.000038930643711410e+00
4.096000000000000000e+03,5.000000000000000000e-01,7.881195456555064566e-06,3.006437475797677828e-11,1.480608047136113732e-08,1.480671394865521325e-08,1.000000000000000000e+00,1.791936770992755293e-15,1.000042904711300196e+00
4.096000000000000000e+03,5.000000000000000000e-01,8.664739107353569241e-06,3.305335658017566391e-11,1.627802261798115538e-08,1.627878842867701025e-08,1.000000000000000000e+00,1.778065888705045449e-15,1.000047169162456839e+00
4.096000000000000000e+03,5.000000000000000000e-01,9.526182190553049341e-06,3.633950115414829003e-11,1.789628994357531054e-08,1.789721565666479087e-08,1.000000000000000000e+00,2.965008161768028163e-15,1.000051754200036669e+00
4.096000000000000000e+03,5.000000000000000000e-01,1.047326942026379125e-05,3.995235221963421343e-11,1.967542725894105202e-08,1.967654593365819149e-08,1.000000000000000000e+00,2.696885456880578092e-15,1.000056985301448265e+00
4.096000000000000000e+03,5.000000000000000000e-01,1.151451548535466010e-05,4.392439073697914160e-11,2.163142355319419313e-08,2.163277614276182537e-08,1.000000000000000000e+00,4.014014430723665408e-15,1.000062647772224977e+00
4.096000000000000000e+03,5.000000000000000000e-01,1.265928159987434291e-05,4.829132690381753122e-11,2.378185898734081023e-08,2.378349356745255763e-08,1.000000000000000000e+00,4.462371399994620478e-15,1.000068804156320823e+00
4.096000000000000000e+03,5.000000000000000000e-01,1.391785966406914879e-05,5.309242120387706294e-11,2.614605810510698497e-08,2.614803400821589322e-08,1.000000000000000000e+00,5.719279682868481442e-15,1.000075686934430053e+00
4.096000000000000000e+03,5.000000000000000000e-01,1.530156479263766116e-05,5.837083737425865614e-11,2.874526746868622878e-08,2.874765561904150229e-08,1.000000000000000000e+00,6.376756683787072430e-15,1.000083167245797711e+00
4.096000000000000000e+03,5.000000000000000000e-01,1.682283704208825280e-05,6.417403046450902098e-11,3.160284350855177358e-08,3.160573002663753700e-08,1.000000000000000000e+00,8.089631286259627293e-15,1.000091465805432733e+00
4.096000000000000000e+03,5.000000000000000000e-01,1.849535325176845192e-05,7.055417347628956573e-11,3.474446346592386831e-08,3.474795245060067549e-08,1.000000000000000000e+00,9.301741568080629701e-15,1.000100586023528138e+00
4.096000000000000000e+03,5.000000000000000000e-01,2.033415000406132558e-05,7.756862641930132132e-11,3.819835543109236906e-08,3.820257271360551549e-08,1.000000000000000000e+00,1.161753267502978460e-14,1.000110618247767036e+00
4.096000000000000000e+03,5.000000000000000000e-01,2.235575880920966213e-05,8.528045200046410419e-11,4.199555147440156116e-08,4.200064921848618375e-08,1.000000000000000000e+00,1.355328876426477849e-14,1.000121494193486171e+00
4.096000000000000000e+03,5.000000000000000000e-01,2.457835473013304168e-05,9.375898258259979890e-11,4.617016742261587855e-08,4.617632817556477841e-08,1.000000000000000000e+00,1.692444000367500728e-14,1.000133594630611356e+00
4.096000000000000000e+03,5.000000000000000000e-01,2.702191978343362907e-05,1.030804435098023570e-10,5.075970350751223829e-08,5.076715059059054154e-08,1.000000000000000000e+00,2.052530660903893041e-14,1.000146974544513512e+00
4.096000000000000000e+03,5.000000000000000000e-01,2.970842258563046367e-05,1.133286384034365222e-10,5.580538853525672289e-08,5.581438977323309833e-08,1.000000000000000000e+00,2.454657207550518301e-14,1.000161480835103589e+00
4.096000000000000000e+03,5.000000000000000000e-01,3.266201585971287568e-05,1.245957025898470904e-10,6.135254315166641423e-08,6.136342240046428716e-08,1.000000000000000000e+00,2.955949198190642661e-14,1.000177584505223649e+00
4.096000000000000000e+03,5.000000000000000000e-01,3.590925357767512494e-05,1.369829314333920477e-10,6.745098618418498681e-08,6.746413647083547107e-08,1.000000000000000000e+00,3.575326722761505199e-14,1.000195235269018212e+00
4.096000000000000000e+03,5.000000000000000000e-01,3.947932969122957745e-05,1.506016910218413446e-10,7.415548583694149305e-08,7.417137981732056137e-08,1.000000000000000000e+00,4.331682031581582813e-14,1.000214590797213532e+00
4.096000000000000000e+03,5.000000000000000000e-01,4.340434059698187883e-05,1.655744193915629533e-10,8.152624241622999443e-08,8.154545321103255004e-08,1.000000000000000000e+00,5.217801288141083304e-14,1.000235963215907020e+00
4.096000000000000000e+03,5.000000000000000000e-01,4.771957369573400702e-05,1.820357272939071923e-10,8.962943278449639241e-08,8.965265248901118902e-08,1.000000000000000000e+00,6.327947721799264465e-14,1.000259430523641413e+00
4.096000000000000000e+03,5.000000000000000000e-01,5.246382464017737411e-05,2.001336083991141285e-10,9.853779922337366987e-08,9.856586458002507431e-08,1.000000000000000000e+00,7.635135868741929291e-14,1.000285176341719762e+00
4.096000000000000000e+03,5.000000000000000000e-01,5.767974612315827394e-05,2.200307698179560621e-10,1.083313018016295848e-07,1.083652227868956090e-07,1.000000000000000000e+00,9.277404596493887749e-14,1.000313487526597100e+00
4.096000000000000000e+03,5.000000000000000000e-01,6.341423134226053344e-05,2.419060949030324304e-10,1.190978284748978597e-07,1.191388272165912216e-07,1.000000000000000000e+00,1.114330001141984716e-13,1.000344679682065419e+00
4.096000000000000000e+03,5.000000000000000000e-01,6.971883558820257871e-05,2.659562514808753155e-10,1.309339833453371500e-07,1.309835368350410662e-07,1.000000000000000000e+00,1.352398491876279616e-13,1.000378916708804411e+00
4.096000000000000000e+03,5.000000000000000000e-01,7.665023974729695913e-05,2.923974599735144010e-10,1.439459481962822374e-07,1.440058402675574334e-07,1.000000000000000000e+00,1.632096738528286342e-13,1.000416572515575808e+00
4.096000000000000000e+03,5.000000000000000000e-01,8.427075988504145092e-05,3.214674373056085622e-10,1.582504248514605278e-07,1.583228131737046374e-07,1.000000000000000000e+00,1.972031003106685505e-13,1.000457968141127196e+00
4.096000000000000000e+03,5.000000000000000000e-01,9.264890749220059220e-05,3.534275340736411751e-10,1.739756805633046497e-07,1.740631708037944527e-07,1.000000000000000000e+00,2.381256130499113856e-13,1.000503439855130239e+00
4.096000000000000000e+03,5.000000000000000000e-01,1.018600054302111485e-04,3.885650841911741199e-10,1.912626831077647444e-07,1.913684251999067933e-07,1.000000000000000000e+00,2.879828668019907589e-13,1.000553449718807997e+00
4.096000000000000000e+03,5.000000000000000000e-01,1.119868651135047131e-04,4.271959881344021344e-10,2.102663571160571023e-07,2.103941574451313366e-07,1.000000000000000000e+00,3.481539007800659674e-13,1.000608433864961455e+00
4.096000000000000000e+03,5.000000000000000000e-01,1.231205310168841647e-04,4.696675530124060238e-10,2.311569572025749565e-07,2.313114163990532880e-07,1.000000000000000000e+00,4.206147688535487232e-13,1.000668864110544121e+00
4.096000000000000000e+03,5.000000000000000000e-01,1.353610992013698229e-04,5.163616149954598345e-10,2.541215800935697866e-07,2.543082564946689142e-07,1.000000000000000000e+00,5.082336721991674024e-13,1.000735274463714575e+00
4.096000000000000000e+03,5.000000000000000000e-01,1.488186172173868165e-04,5.676979721732590351e-10,2.793658175331324495e-07,2.795914284221338738e-07,1.000000000000000000e+00,6.142496459926810455e-13,1.000808273970100970e+00
4.096000000000000000e+03,5.000000000000000000e-01,1.636140734757787340e-04,6.241381587058209761e-10,3.071155761679519220e-07,3.073882378992595815e-07,1.000000000000000000e+00,7.421342591050638892e-13,1.000888518526885207e+00
4.096000000000000000e+03,5.000000000000000000e-01,1.798804849814850582e-04,6.861895941981699301e-10,3.376190684079075448e-07,3.379485892398398098e-07,1.000000000000000000e+00,8.970245487533814129e-13,1.000976727018084489e+00
4.096000000000000000e+03,5.000000000000000000e-01,1.977640932090378857e-04,7.544101456033244541e-10,3.711490013522462883e-07,3.715472320922957072e-07,1.000000000000000000e+00,1.083998868016756468e-12,1.001073667971049019e+00
4.096000000000000000e+03,5.000000000000000000e-01,2.174256788712718733e-04,8.294131426669001513e-10,4.080049722194086754e-07,4.084862315477072399e-07,1.000000000000000000e+00,1.309845065244606371e-12,1.001180221791564406e+00
4.096000000000000000e+03,5.000000000000000000e-01,2.390420074015388199e-04,9.118728920041611477e-10,4.485160951499476666e-07,4.490976838244816254e-07,1.000000000000000000e+00,1.582399506959404028e-12,1.001297330779173933e+00
4.096000000000000000e+03,5.000000000000000000e-01,2.628074181448826984e-04,1.002530739383250040e-09,4.930438824757185051e-07,4.937467019447355852e-07,1.000000000000000000e+00,1.911881961978198122e-12,1.001426013102133084e+00
4.096000000000000000e+03,5.000000000000000000e-01,2.889355715456337213e-04,1.102201734716925512e-09,5.419853982195554200e-07,5.428346982448055379e-07,1.000000000000000000e+00,2.310030383484313406e-12,1.001567437981513820e+00
4.096000000000000000e+03,5.000000000000000000e-01,3.176613700393281247e-04,1.211781959683716296e-09,5.957767078070316817e-07,5.968029932309523226e-07,1.000000000000000000e+00,2.790479284794694531e-12,1.001722859550142175e+00
4.096000000000000000e+03,5.000000000000000000e-01,3.492430699185327184e-04,1.332256583856707452e-09,6.548966648474582007e-07,6.561367832253020567e-07,1.000000000000000000e+00,3.371363106396715770e-12,1.001893637959014427e+00
4.096000000000000000e+03,5.000000000000000000e-01,3.839646031590825603e-04,1.464708721767740480e-09,7.198710425347574906e-07,7.213695024727279235e-07,1.000000000000000000e+00,4.073037145344024647e-12,1.002081290785497458e+00
4.096000000000000000e+03,5.000000000000000000e-01,4.221381300808691069e-04,1.610329170535541942e-09,7.912770598516630951e-07,7.930876189257420594e-07,1.000000000000000000e+00,4.919314094956430916e-12,1.002287479693954708e+00
4.096000000000000000e+03,5.000000000000000000e-01,4.641068457926097145e-04,1.770427115602911814e-09,8.697483225628862860e-07,8.719359068234010289e-07,1.000000000000000000e+00,5.942525332738586289e-12,1.002514010078130013e+00
4.096000000000000000e+03,5.000000000000000000e-01,5.102480656516433398e-04,1.946441900831769332e-09,9.559802300694832792e-07,9.586232434667879477e-07,1.000000000000000000e+00,7.176376135127832153e-12,1.002762872474242783e+00
4.096000000000000000e+03,5.000000000000000000e-01,5.609766174782622374e-04,2.139955968773888540e-09,1.050735863669884820e-06,1.053928982306387568e-06,1.000000000000000000e+00,8.667102181782479690e-12,1.003036261697992870e+00
4.096000000000000000e+03,5.000000000000000000e-01,6.167485710219253528e-04,2.352709087455464755e-09,1.154852424176088144e-06,1.158709959637924482e-06,1.000000000000000000e+00,1.046636284507419547e-11,1.003336557175288135e+00
4.096000000000000000e+03,5.000000000000000000e-01,6.780653382087296248e-04,2.586613991579931735e-09,1.269248241092842684e-06,1.273908197899629644e-06,1.000000000000000000e+00,1.263749898104722750e-11,1.003666384229411790e+00
4.096000000000000000e+03,5.000000000000000000e-01,7.454781810329868261e-04,2.843773578769633583e-09,1.394930406654603527e-06,1.400559374826630460e-06,1.000000000000000000e+00,1.525822813001211496e-11,1.004028611432893570e+00
4.096000000000000000e+03,5.000000000000000000e-01,8.195931676206359836e-04,3.126499815447372374e-09,1.533003086239464208e-06,1.539802134603510944e-06,1.000000000000000000e+00,1.841957534485745196e-11,1.004426376185577396e+00
4.096000000000000000e+03,5.000000000000000000e-01,9.010766210214600632e-04,3.437334522329178098e-09,1.684676546022075147e-06,1.692888324725986561e-06,1.000000000000000000e+00,2.223271192996992204e-11,1.004863116399725698e+00
4.096000000000000000e+03,5.000000000000000000e-01,9.906611097169040672e-04,3.779072226398102063e-09,1.851276956936360632e-06,1.861194250605127078e-06,1.000000000000000000e+00,2.683308901624742237e-11,1.005342590617999576e+00
4.096000000000000000e+03,5.000000000000000000e-01,1.089152033700533382e-03,4.154785284807332541e-09,2.034257022473846645e-06,2.046233049097480703e-06,1.000000000000000000e+00,3.237963529941904301e-11,1.005868903180854090e+00
4.096000000000000000e+03,5.000000000000000000e-01,1.197434865342595798e-03,4.567851506586440271e-09,2.235207488947243147e-06,2.249668292204016778e-06,1.000000000000000000e+00,3.906662160392198833e-11,1.006446540215378604e+00
4.096000000000000000e+03,5.000000000000000000e-01,1.316483110136930411e-03,5.021984520480844159e-09,2.455869582195820518e-06,2.473328943240540162e-06,1.000000000000000000e+00,4.712567519284836530e-11,1.007080401845136919e+00
4.096000000000000000e+03,5.000000000000000000e-01,1.447367058900479514e-03,5.521267161943357520e-09,2.698148434251280570e-06,2.719225799941441796e-06,1.000000000000000000e+00,5.683758486589106470e-11,1.007775829982207938e+00
4.096000000000000000e+03,5.000000000000000000e-01,1.591263410111150214e-03,6.070188179440117698e-09,2.964127540836822472e-06,2.989569572326823306e-06,1.000000000000000000e+00,6.853531401277836305e-11,1.008538647665517374e+00
4.096000000000000000e+03,5.000000000000000000e-01,1.749465848892636484e-03,6.673682590075059831e-09,3.256084302565558882e-06,3.286790757860142746e-06,1.000000000000000000e+00,8.262133482111023372e-11,1.009375199751637808e+00
4.096000000000000000e+03,5.000000000000000000e-01,1.923396677755474316e-03,7.337176047346017135e-09,3.576506683612110662e-06,3.613561492581934166e-06,1.000000000000000000e+00,9.957729534275925951e-11,1.010292388073118275e+00
4.096000000000000000e+03,5.000000000000000000e-01,2.114619603659282157e-03,8.066633619916084889e-09,3.928111034513939496e-06,3.972819574669926363e-06,1.000000000000000000e+00,1.199795979983575774e-10,1.011297713947847399e+00
4.096000000000000000e+03,5.000000000000000000e-01,2.324853796356939149e-03,8.868613419940716357e-09,4.313861087571984709e-06,4.367794876406870129e-06,1.000000000000000000e+00,1.445184629597066949e-10,1.012399326355730267e+00
4.096000000000000000e+03,5.000000000000000000e-01,2.555989344410780541e-03,9.750325563090440908e-09,4.736988151089300597e-06,4.802038382010120812e-06,1.000000000000000000e+00,1.740180347816718750e-10,1.013606055989392019e+00
4.096000000000000000e+03,5.000000000000000000e-01,2.810104247836501222e-03,1.071969699034309853e-08,5.201012496274123008e-06,5.279454112384539833e-06,1.000000000000000000e+00,2.094637617099964549e-10,1.014927468886863693e+00
4.096000000000000000e+03,5.000000000000000000e-01,3.089483100145369501e-03,1.178544273431918907e-08,5.709765904883723806e-06,5.804334223814892078e-06,1.000000000000000000e+00,2.520305515955959640e-10,1.016373907505649044e+00
4.096000000000000000e+03,5.000000000000000000e-01,3.396637627743687854e-03,1.295714427087283269e-08,6.267415354131388279e-06,6.381397596148835304e-06,1.000000000000000000e+00,3.031171796013353761e-10,1.017956535779575233e+00
4.096000000000000000e+03,5.000000000000000000e-01,3.734329271346858384e-03,1.424533566035025934e-08,6.878487742113023929e-06,7.015832257393610532e-06,2.000000000000000000e+00,4.428430355191164360e-16,1.019687377832216413e+00
4.096000000000000000e+03,5.000000000000000000e-01,4.105594012423818655e-03,1.566159825295951330e-08,7.547895586330328509e-06,7.713342026140161187e-06,2.000000000000000000e+00,2.698440920435834365e-16,1.021579363288285691e+00
4.096000000000000000e+03,5.000000000000000000e-01,4.513769667871558346e-03,1.721866480969069803e-08,8.280963510214584764e-06,8.480197791148849802e-06,2.000000000000000000e+00,1.718770941779397848e-16,1.023646366926609375e+00
4.096000000000000000e+03,5.000000000000000000e-01,4.962525898309417052e-03,1.893053397487418004e-08,9.083455391187860903e-06,9.323293889120081658e-06,2.000000000000000000e+00,2.515715491627656812e-16,1.025903228047965854e+00
4.096000000000000000e+03,5.000000000000000000e-01,5.455897199779867479e-03,2.081259612953135482e-08,9.961601916357651416e-06,1.025021008750883004e-05,2.000000000000000000e+00,3.164462545692791142e-16,1.028365782828196018e+00
4.096000000000000000e+03,5.000000000000000000e-01,5.998319175463930064e-03,2.288177175698825861e-08,1.092212828529407630e-05,1.126927972963250861e-05,2.000000000000000000e+00,2.568488523635654041e-16,1.031050876977523956e+00
4.096000000000000000e+03,5.000000000000000000e-01,6.594668413508606407e-03,2.515666356471483767e-08,1.197228174561894633e-05,1.238966465472427505e-05,2.000000000000000000e+00,1.945850099442487925e-16,1.033976367073137226e+00
4.096000000000000000e+03,5.000000000000000000e-01,7.250306329483442898e-03,2.765772373002411994e-08,1.311985858853151029e-05,1.362143756649205652e-05,2.000000000000000000e+00,3.768270067971395255e-16,1.037161110524028373e+00
4.096000000000000000e+03,5.000000000000000000e-01,7.971127367627606902e-03,3.040743777323763619e-08,1.437323018389365173e-05,1.497567259070988934e-05,2.000000000000000000e+00,4.590418941698372116e-16,1.040624937259217120e+00
4.096000000000000000e+03,5.000000000000000000e-01,8.763611994235365188e-03,3.343052671140810085e-08,1.574136759276808771e-05,1.646454483598941133e-05,2.000000000000000000e+00,2.812845004524711260e-16,1.044388599096407688e+00
4.096000000000000000e+03,5.000000000000000000e-01,9.634884959611891495e-03,3.675416931004292105e-08,1.723386425623761329e-05,1.810143985282304006e-05,2.000000000000000000e+00,3.189787937076025017e-16,1.048473698022277745e+00
4.096000000000000000e+03,5.000000000000000000e-01,1.059277935239706127e-02,4.040824643095802791e-08,1.886095622115442155e-05,1.990107397497821015e-05,2.000000000000000000e+00,3.214669693241729807e-16,1.052902587266640211e+00
4.096000000000000000e+03,5.000000000000000000e-01,1.164590702213108564e-02,4.442560967304643875e-08,2.063353936703229321e-05,2.187962662515972504e-05,2.000000000000000000e+00,5.805474392807760911e-16,1.057698239301057441e+00
4.096000000000000000e+03,5.000000000000000000e-01,1.280373600318891227e-02,4.884237672114910990e-08,2.256318309830248109e-05,2.405488577442079171e-05,2.000000000000000000e+00,2.213911838628592907e-16,1.062884083891916021e+00
4.096000000000000000e+03,5.000000000000000000e-01,1.407667563615470560e-02,5.369825605832941285e-08,2.466213998791919089e-05,2.644640786305952609e-05,2.000000000000000000e+00,3.735862637225687470e-16,1.068483805898420513e+00
4.096000000000000000e+03,5.000000000000000000e-01,1.547617015191189022e-02,5.903690396084552847e-08,2.694335095733449596e-05,2.907569362075422214e-05,2.000000000000000000e+00,5.415624892093407026e-16,1.074521105633568396e+00
4.096000000000000000e+03,5.000000000000000000e-01,1.701480155980598929e-02,6.490631698534389227e-08,2.942044562093572692e-05,3.196638136662860327e-05,2.000000000000000000e+00,2.704419083626533842e-16,1.081019419834994721e+00
4.096000000000000000e+03,5.000000000000000000e-01,1.870640276488639425e-02,7.135926347689206792e-08,3.210773761310391997e-05,3.514445952709263469e-05,2.000000000000000000e+00,5.763714587460179973e-16,1.088001599643817485e+00
4.096000000000000000e+03,5.000000000000000000e-01,2.056618193119489138e-02,7.845375797727543404e-08,3.502021484083124868e-05,3.863850028207666860e-05,2.000000000000000000e+00,4.260775418042581214e-16,1.095489549993057921e+00
4.096000000000000000e+03,5.000000000000000000e-01,2.261085920917713793e-02,8.625358279867987797e-08,3.817352484685490295e-05,4.247991644023289592e-05,2.000000000000000000e+00,4.942402670138523105e-16,1.103503832582106270e+00
4.096000000000000000e+03,5.000000000000000000e-01,2.485881705644941986e-02,9.482886145190971320e-08,4.158395566676155144e-05,4.670324385251160512e-05,2.000000000000000000e+00,5.553240313960738501e-16,1.112063236705193248e+00
4.096000000000000000e+03,5.000000000000000000e-01,2.733026550336522739e-02,1.042566890844925972e-07,4.526841286327149173e-05,5.134645190312453938e-05,2.000000000000000000e+00,4.763952592021279129e-16,1.121184324513158970e+00
4.096000000000000000e+03,5.000000000000000000e-01,3.004742384918293596e-02,1.146218255965535582e-07,4.924439364695011080e-05,5.645128486932911326e-05,2.000000000000000000e+00,3.461469771554322777e-16,1.130880963059791355e+00
4.096000000000000000e+03,5.000000000000000000e-01,3.303472042235667400e-02,1.260174576658503494e-07,5.352995927637643417e-05,6.206363721899609378e-05,2.000000000000000000e+00,4.278389589345852737e-16,1.141163851450752276e+00
4.096000000000000000e+03,5.000000000000000000e-01,3.631901220087264265e-02,1.385460365328698831e-07,5.814370716263393370e-05,6.823396622003096833e-05,2.000000000000000000e+00,5.193243347072786996e-16,1.152040060863527060e+00
4.096000000000000000e+03,5.000000000000000000e-01,3.992982626710655375e-02,1.523201990780126715e-07,6.310474427266679663e-05,7.501774557117470762e-05,2.000000000000000000e+00,5.520250247893261432e-16,1.163512600454147616e+00
4.096000000000000000e+03,5.000000000000000000e-01,4.389962526797467485e-02,1.674637804717051500e-07,6.843266359752148132e-05,8.247596413249999104e-05,2.000000000000000000e+00,3.188431989676031254e-16,1.175580028691946666e+00
4.096000000000000000e+03,5.000000000000000000e-01,4.826409926697269176e-02,1.841129275015742941e-07,7.414752544002077800e-05,9.067567423939213659e-05,2.000000000000000000e+00,2.365954013484175258e-16,1.188236127369975748e+00
4.096000000000000000e+03,5.000000000000000000e-01,5.306248661196506788e-02,2.024173225859263149e-07,8.026984530316486717e-05,9.969059452956916011e-05,2.000000000000000000e+00,2.961446071136708282e-16,1.201469653944300831e+00
4.096000000000000000e+03,5.000000000000000000e-01,5.833792670345599313e-02,2.225415294779052472e-07,8.682058997504135374e-05,1.096017727027998669e-04,2.000000000000000000e+00,3.733214711191773302e-16,1.215264191271188565e+00
4.096000000000000000e+03,5.000000000000000000e-01,6.413784783486539687e-02,2.446664727587333560e-07,9.382118320410425298e-05,1.204983141717863078e-04,2.000000000000000000e+00,5.329898889355162508e-16,1.229598104458588637e+00
4.096000000000000000e+03,5.000000000000000000e-01,7.051439359165039000e-02,2.689910644212737656e-07,1.012935220635173696e-04,1.324781831550758508e-04,2.000000000000000000e+00,4.208095855939476285e-16,1.244444616290035555e+00
4.096000000000000000e+03,5.000000000000000000e-01,7.752489164276664402e-02,2.957339921675363312e-07,1.092600047095119357e-04,1.456490834141408841e-04,2.000000000000000000e+00,4.070400689157555431e-16,1.259772004872733220e+00
4.096000000000000000e+03,5.000000000000000000e-01,8.523236913909097712e-02,3.251356854976309857e-07,1.177435698787262814e-04,1.601294265528016634e-04,2.000000000000000000e+00,5.764794958032846785e-16,1.275543922364661853e+00
4.096000000000000000e+03,5.000000000000000000e-01,9.370611935244275992e-02,3.574604772660932919e-07,1.267677480286846358e-04,1.760493965843911758e-04,2.000000000000000000e+00,4.806158016093899165e-16,1.291719830135805935e+00
4.096000000000000000e+03,5.000000000000000000e-01,1.030223246495090839e-01,3.929989801388133387e-07,1.363567236531533988e-04,1.935521203375339841e-04,2.000000000000000000e+00,4.658450238475963677e-16,1.308255536048340772e+00
4.096000000000000000e+03,5.000000000000000000e-01,1.132647414014609916e-01,4.320706993158759749e-07,1.465354079863157575e-04,2.127949542229603413e-04,2.000000000000000000e+00,2.580480709040599146e-16,1.325103818704022274e+00
4.096000000000000000e+03,5.000000000000000000e-01,1.245254529868632387e-01,4.750269050097016858e-07,1.573295210029983368e-04,2.339508989298867941e-04,2.000000000000000000e+00,4.336118949015775851e-16,1.342215117571928573e+00
4.096000000000000000e+03,5.000000000000000000e-01,1.369056976576781548e-01,5.222537905032278244e-07,1.687656814806851979e-04,2.572101547706556681e-04,2.000000000000000000e+00,4.994335690642910203e-16,1.359538264321221490e+00
4.096000000000000000e+03,5.000000000000000000e-01,1.505167787111992839e-01,5.741759441802951197e-07,1.808715037697529741e-04,2.827818316567838738e-04,2.000000000000000000e+00,5.825880028293459087e-16,1.377021232038197596e+00
4.096000000000000000e+03,5.000000000000000000e-01,1.654810651507284958e-01,6.312601667431964713e-07,1.936756999127521096e-04,3.108958290797966752e-04,2.000000000000000000e+00,6.356970967505832104e-16,1.394611876196901079e+00
4.096000000000000000e+03,5.000000000000000000e-01,1.819330918313233347e-01,6.940196679356511487e-07,2.072081858465537078e-04,3.418049029986018053e-04,2.000000000000000000e+00,5.782209422400895447e-16,1.412258644456040102e+00
4.096000000000000000e+03,5.000000000000000000e-01,2.000207689813693901e-01,7.630186805014396290e-07,2.215001905355002635e-04,3.757869382155566468e-04,2.000000000000000000e+00,4.885649814677936347e-16,1.429911235508653178e+00
4.096000000000000000e+03,5.000000000000000000e-01,2.199067119740447662e-01,8.388775328599730157e-07,2.365843670802002176e-04,4.131474466707693214e-04,2.000000000000000000e+00,4.545023779279447699e-16,1.447521189644355388e+00
4.096000000000000000e+03,5.000000000000000000e-01,2.417697033038599397e-01,9.222782261042020404e-07,2.524949050604555342e-04,4.542223141153083109e-04,2.000000000000000000e+00,5.221661872334232505e-16,1.465042398858129147e+00
4.096000000000000000e+03,5.000000000000000000e-01,2.658062999120072711e-01,1.013970565460232815e-06,2.692676435935717288e-04,4.993808198569768021e-04,2.000000000000000000e+00,4.666414321696598260e-16,1.482431528932245612e+00
4.096000000000000000e+03,5.000000000000000000e-01,2.922326003110253811e-01,1.114778901332952046e-06,2.869401848081022666e-04,5.490289567273861325e-04,2.000000000000000000e+00,4.680180911095232087e-16,1.499648349790904334e+00
4.096000000000000000e+03,5.000000000000000000e-01,3.212861873959126924e-01,1.225609540542269487e-06,3.055520076479261880e-04,6.036130811181176711e-04,2.000000000000000000e+00,5.894385878708838688e-16,1.516655975127228828e+00
4.096000000000000000e+03,5.000000000000000000e-01,3.532282644083472589e-01,1.347458894379986797e-06,3.251445820853752643e-04,6.636239259012728740e-04,2.000000000000000000e+00,4.943452810428625777e-16,1.533421014981485975e+00
4.096000000000000000e+03,5.000000000000000000e-01,3.883460032571581788e-01,1.481422436741478648e-06,3.457614840010980826e-04,7.296010123121213437e-04,2.000000000000000000e+00,5.133682580824298270e-16,1.549913648370109698e+00
4.096000000000000000e+03,5.000000000000000000e-01,4.269551263073983471e-01,1.628704552869408978e-06,3.674485110749870008e-04,8.021375004584539422e-04,2.000000000000000000e+00,6.230860913534147811e-16,1.566107624698082290e+00
4.096000000000000000e+03,5.000000000000000000e-01,4.694027448493021670e-01,1.790629367253502529e-06,3.902538001573919698e-04,8.818855220645986951e-04,2.000000000000000000e+00,4.705174767312770001e-16,1.581980203828279308e+00
4.096000000000000000e+03,5.000000000000000000e-01,5.160704797661098686e-01,1.968652648033561205e-06,4.142279466188610189e-04,9.695620433936204957e-04,2.000000000000000000e+00,5.729167090131470867e-16,1.597512045139515280e+00
4.096000000000000000e+03,5.000000000000000000e-01,5.673778924567770554e-01,2.164374894930942747e-06,4.394241262537041596e-04,1.065955311057658304e-03,2.000000000000000000e+00,4.758950102320676073e-16,1.612687056316985057e+00
4.096000000000000000e+03,5.000000000000000000e-01,6.237862568589291890e-01,2.379555728374211078e-06,4.658982202827459461e-04,1.171931938666797039e-03,2.000000000000000000e+00,5.472226738549120488e-16,1.627492211655034549e+00
4.096000000000000000e+03,5.000000000000000000e-01,6.858027064840515052e-01,2.616129709182935735e-06,4.937089440565152910e-04,1.288444698028274856e-03,2.000000000000000000e+00,5.754349983219605739e-16,1.641917348735347115e+00
4.096000000000000000e+03,5.000000000000000000e-01,7.539847937483726836e-01,2.876223731034746871e-06,5.229179800063524577e-04,1.416541084941934240e-03,2.000000000000000000e+00,6.978923851255288237e-16,1.655954952010542103e+00
4.096000000000000000e+03,5.000000000000000000e-01,8.289455025896687035e-01,3.162176142080950560e-06,5.535901154069811352e-04,1.557372736601878678e-03,2.000000000000000000e+00,5.411743635345178899e-16,1.669599929702867414e+00
4.096000000000000000e+03,5.000000000000000000e-01,9.113587594353526056e-01,3.476557767621431753e-06,5.857933854787123525e-04,1.712205785270421885e-03,2.000000000000000000e+00,5.260575883263136084e-16,1.682849390022006286e+00
4.096000000000000000e+03,5.000000000000000000e-01,1.001965492067678820e+00,3.822195022841182023e-06,6.195992223443870170e-04,1.882432241308038944e-03,2.000000000000000000e+00,4.621126707776457107e-16,1.695702421531340764e+00
4.096000000000000000e+03,5.000000000000000000e-01,1.101580290857606892e+00,4.202195323400905197e-06,6.550826103169864840e-04,2.069582507897167831e-03,2.000000000000000000e+00,5.303161237534037522e-16,1.708159880690288901e+00
4.096000000000000000e+03,5.000000000000000000e-01,1.211098732254510146e+00,4.619975022333183847e-06,6.923222480129934868e-04,2.275339139972287587e-03,2.000000000000000000e+00,8.056037568590142558e-16,1.720224189682746818e+00
4.096000000000000000e+03,5.000000000000000000e-01,1.331505430372733390e+00,5.079290124407704886e-06,7.314007177116629930e-04,2.501551971054375659e-03,2.000000000000000000e+00,7.303603069079349856e-16,1.731899146110845278e+00
4.096000000000000000e+03,5.000000000000000000e-01,1.463882889062019466e+00,5.584270054100110876e-06,7.724046624344393062e-04,2.750254743986103780e-03,2.000000000000000000e+00,6.948806734606695250e-16,1.743189745674774471e+00
4.096000000000000000e+03,5.000000000000000000e-01,1.609421234045343541e+00,6.139454780751585162e-06,8.154249711396744597e-04,3.023683395084515117e-03,2.000000000000000000e+00,4.775354728487005724e-16,1.754102018816075859e+00
4.096000000000000000e+03,5.000000000000000000e-01,1.769428912620005789e+00,6.749835634689353139e-06,8.605569724710899343e-04,3.324296156093107645e-03,2.000000000000000000e+00,4.760319718666783126e-16,1.764642880799762281e+00
4.096000000000000000e+03,5.000000000000000000e-01,1.945344457116439774e+00,7.420900181260832877e-06,9.079006374725672509e-04,3.654795654657653353e-03,2.000000000000000000e+00,5.629167840074439394e-16,1.774819995654434379e+00
4.096000000000000000e+03,5.000000000000000000e-01,2.138749417872983560e+00,8.158681556217130891e-06,9.575607916735244659e-04,4.018153212017964819e-03,2.000000000000000000e+00,5.316200031731259859e-16,1.784641653205281564e+00
4.096000000000000000e+03,5.000000000000000000e-01,2.351382581999061028e+00,8.969812705990070449e-06,1.009647336971241727e-03,4.417635556361251825e-03,2.000000000000000000e+00,6.489977673850204686e-16,1.794116658644128393e+00
4.096000000000000000e+03,5.000000000000000000e-01,2.585155605759207109e+00,9.861586020504787862e-06,1.064275483714841779e-03,4.856834192000935961e-03,2.000000000000000000e+00,7.174902947875989010e-16,1.803254233959529884e+00
4.096000000000000000e+03,5.000000000000000000e-01,2.842170201119107453e+00,1.084201889464991552e-05,1.121565993422232645e-03,5.339697688421166447e-03,2.000000000000000000e+00,6.522249024207392801e-16,1.812063930297012959e+00
4.096000000000000000e+03,5.000000000000000000e-01,3.124737030967666751e+00,1.191992580782953930e-05,1.181645432552637202e-03,5.870567179478650838e-03,2.000000000000000000e+00,7.070648268176196523e-16,1.820555550563483393e+00
4.096000000000000000e+03,5.000000000000000000e-01,3.435396482890444858e+00,1.310499756961992210e-05,1.244646437771631739e-03,6.454215391913317897e-03,2.000000000000000000e+00,1.005785694367802439e-15,1.828739081310159165e+00
4.096000000000000000e+03,5.000000000000000000e-01,3.776941508259085811e+00,1.440788844398149800e-05,1.310707993154903083e-03,7.095889554049905970e-03,2.000000000000000000e+00,9.372320002833896829e-16,1.836624633155581776e+00
4.096000000000000000e+03,5.000000000000000000e-01,4.152442731969045120e+00,1.584031193530672119e-05,1.379975719780361697e-03,7.801358570456416036e-03,2.000000000000000000e+00,8.525606633651422482e-16,1.844222388910171873e+00
4.096000000000000000e+03,5.000000000000000000e-01,4.565276058572128370e+00,1.741514609745837544e-05,1.452602178177178193e-03,8.576964886678336078e-03,2.000000000000000000e+00,8.863341303717455677e-16,1.851542558626151802e+00
4.096000000000000000e+03,5.000000000000000000e-01,5.019153022994004232e+00,1.914654931256868069e-05,1.528747184103666995e-03,9.429681510333324732e-03,2.000000000000000000e+00,7.838607463030470944e-16,1.858595341047458049e+00
4.096000000000000000e+03,5.000000000000000000e-01,5.518154158701416456e+00,2.105008758049551566e-05,1.608578138128855190e-03,1.036717470120811918e-02,2.000000000000000000e+00,1.039039763161753386e-15,1.865390890579021743e+00
4.096000000000000000e+03,5.000000000000000000e-01,6.066765683312414836e+00,2.314287446331945357e-05,1.692270369527127706e-03,1.139787289396698190e-02,2.000000000000000000e+00,1.084188628765193286e-15,1.871939289352916092e+00
4.096000000000000000e+03,5.000000000000000000e-01,6.669919831467435500e+00,2.544372494303678703e-05,1.780007494965498609e-03,1.253104247311353191e-02,2.000000000000000000e+00,1.188577636916820287e-15,1.878250523809661843e+00
4.096000000000000000e+03,5.000000000000000000e-01,7.333039197570031753e+00,2.797332457569134427e-05,1.871981792513856616e-03,1.377687108145342863e-02,2.000000000000000000e+00,1.311283480066998395e-15,1.884334465249054347e+00
4.096000000000000000e+03,5.000000000000000000e-01,8.062085487055671962e+00,3.075441546270626816e-05,1.968394591476790335e-03,1.514655921103330756e-02,2.000000000000000000e+00,2.553149848477120303e-15,1.890200853995175123e+00
4.096000000000000000e+03,5.000000000000000000e-01,8.863613114482207678e+00,3.381200071137316772e-05,2.069456678583933302e-03,1.665242089999547856e-02,2.000000000000000000e+00,2.017994179956441385e-15,1.895859286711466751e+00
4.096000000000000000e+03,5.000000000000000000e-01,9.744828130309594272e+00,3.717356922267759045e-05,2.175388721052546118e-03,1.830799444065210613e-02,2.000000000000000000e+00,1.801141843667971265e-15,1.901319206535301731e+00
4.096000000000000000e+03,5.000000000000000000e-01,1.071365300614441374e+01,4.086934282739415641e-05,2.286421707065256458e-03,2.012816409408916749e-02,2.000000000000000000e+00,2.426268899761450514e-15,1.906589895666616741e+00
4.096000000000000000e+03,5.000000000000000000e-01,1.177879786089365943e+01,4.493254799230064176e-05,2.402797404184741151e-03,2.212929390556167206e-02,2.000000000000000000e+00,3.009846773068669295e-15,1.911680470240508356e+00
4.096000000000000000e+03,5.000000000000000000e-01,1.294983876817964585e+01,4.939971453925951330e-05,2.524768836235408327e-03,2.432937482373451199e-02,2.000000000000000000e+00,2.712056348099539812e-15,1.916599877069849356e+00
4.096000000000000000e+03,5.000000000000000000e-01,1.423730384903004520e+01,5.431100406276720123e-05,2.652600779186507166e-03,2.674818644642795035e-02,2.000000000000000000e+00,2.455384783584361496e-15,1.921356892068637023e+00
4.096000000000000000e+03,5.000000000000000000e-01,1.565276792385112969e+01,5.971057099857761266e-05,2.786570276554252087e-03,2.940747484702736433e-02,2.000000000000000000e+00,2.805692881423747516e-15,1.925960120335471260e+00
4.096000000000000000e+03,5.000000000000000000e-01,1.720895657464205897e+01,6.564695958954642856e-05,2.926967174816830653e-03,3.233114808028541426e-02,2.000000000000000000e+00,3.121874003392501502e-15,1.930417997427298360e+00
4.096000000000000000e+03,5.000000000000000000e-01,1.891986055301163105e+01,7.217354031757976934e-05,3.074094679375542240e-03,3.554549112519292398e-02,2.000000000000000000e+00,3.947626664608771162e-15,1.934738791808602087e+00
4.096000000000000000e+03,5.000000000000000000e-01,2.080086156256979990e+01,7.934898972537918053e-05,3.228269931507756103e-03,3.907940219733800624e-02,2.000000000000000000e+00,3.900181971125855029e-15,1.938930608405105005e+00
4.096000000000000000e+03,5.000000000000000000e-01,2.286887054652853024e+01,8.723781794177448365e-05,3.389824606798073209e-03,4.296465255529708510e-02,2.000000000000000000e+00,4.110103219062191587e-15,1.943001392986953846e+00
4.096000000000000000e+03,5.000000000000000000e-01,2.514247972377101092e+01,9.591094865330128069e-05,3.559105535466279731e-03,4.723617213681776533e-02,2.000000000000000000e+00,4.384948746457522895e-15,1.946958937336020767e+00
4.096000000000000000e+03,5.000000000000000000e-01,2.764212974025499037e+01,1.054463567362022032e-04,3.736475345015641443e-03,5.193236359277838415e-02,2.000000000000000000e+00,5.151965062026184579e-15,1.950810885112680637e+00
4.096000000000000000e+03,5.000000000000000000e-01,3.039029343850598508e+01,1.159297692814101604e-04,3.922313125549314189e-03,5.709544754221102664e-02,2.000000000000000000e+00,5.555720422590576814e-15,1.954564738291090009e+00
4.096000000000000000e+03,5.000000000000000000e-01,3.341167789736233829e+01,1.274554363150113613e-04,4.117015118109225436e-03,6.277184215236998599e-02,2.000000000000000000e+00,5.895453477725442785e-15,1.958227864141164787e+00
4.096000000000000000e+03,5.000000000000000000e-01,3.673344655838814532e+01,1.401269781432653249e-04,4.320995426282066287e-03,6.901258045641853189e-02,2.000000000000000000e+00,6.082725004493268344e-15,1.961807502631302214e+00
4.096000000000000000e+03,5.000000000000000000e-01,4.038546343595874077e+01,1.540583169401502257e-04,4.534686751334517617e-03,7.587376916058564957e-02,2.000000000000000000e+00,8.251164439893517723e-15,1.965310774181617148e+00
4.096000000000000000e+03,5.000000000000000000e-01,4.440056160656440909e+01,1.693747009527756084e-04,4.758541151003211483e-03,8.341709306565134319e-02,2.000000000000000000e+00,1.008610882731454505e-14,1.968744687779761193e+00
4.096000000000000000e+03,5.000000000000000000e-01,4.881483839115756496e+01,1.862138305326750372e-04,4.993030822054837260e-03,9.171036963770963502e-02,2.000000000000000000e+00,8.128821351070829745e-15,1.972116149367543869e+00
4.096000000000000000e+03,5.000000000000000000e-01,5.366797988434750266e+01,2.047270961164379221e-04,5.238648906593569576e-03,1.008281587140159585e-01,2.000000000000000000e+00,1.023224484564847197e-14,1.975431970464136100e+00
4.096000000000000000e+03,5.000000000000000000e-01,5.900361774809162085e+01,2.250809392856278261e-04,5.495910322059184561e-03,1.108524328254216346e-01,2.000000000000000000e+00,1.162062085887970759e-14,1.978698876936086037e+00
4.096000000000000000e+03,5.000000000000000000e-01,6.486972147759693996e+01,2.474583491424443816e-04,5.765352614711607634e-03,1.218733141618541932e-01,2.000000000000000000e+00,1.297925004818513992e-14,1.981923517992605355e+00
4.096000000000000000e+03,5.000000000000000000e-01,7.131902966606014616e+01,2.720605074541478964e-04,6.047536836304153590e-03,1.339898848064598191e-01,2.000000000000000000e+00,1.520764417354635770e-14,1.985112475289334100e+00
4.096000000000000000e+03,5.000000000000000000e-01,7.840952414548257821e+01,2.991085973567298058e-04,6.343048443522131784e-03,1.473110775227254310e-01,2.000000000000000000e+00,1.400266174012789399e-14,1.988272272103046134e+00
4.096000000000000000e+03,5.000000000000000000e-01,8.620495126627892546e+01,3.288457918788105982e-04,6.652498219631339769e-03,1.619566551031187407e-01,2.000000000000000000e+00,1.870704244069896460e-14,1.991409382613412049e+00
4.096000000000000000e+03,5.000000000000000000e-01,9.477539500218524893e+01,3.615394401633653600e-04,6.976523217606904817e-03,1.780582870839702847e-01,2.000000000000000000e+00,1.715930788745230068e-14,1.994530241277942650e+00
4.096000000000000000e+03,5.000000000000000000e-01,1.041979070329100949e+02,3.974834710422900960e-04,7.315787723864318123e-03,1.957607335066972321e-01,2.000000000000000000e+00,1.827077472778258301e-14,1.997641252158082636e+00
4.096000000000000000e+03,5.000000000000000000e-01,1.145571994692149929e+02,4.370010355728721346e-04,7.670984241555167844e-03,2.152231463678395962e-01,2.000000000000000000e+00,2.245210689876235067e-14,2.000748798348737978e+00
4.096000000000000000e+03,5.000000000000000000e-01,1.259464064483042023e+02,4.804474122936409084e-04,8.042834492116483422e-03,2.366205004584732152e-01,2.000000000000000000e+00,2.661449404030332487e-14,2.003859251387012819e+00
4.096000000000000000e+03,5.000000000000000000e-01,1.384679214465618600e+02,5.282132013189768218e-04,8.432090433660813580e-03,2.601451664568010802e-01,2.000000000000000000e+00,2.664053157168551604e-14,2.006978980597409645e+00
4.096000000000000000e+03,5.000000000000000000e-01,1.522343178374142383e+02,5.807278359886712581e-04,8.839535294460605999e-03,2.860086404166575225e-01,2.000000000000000000e+00,3.058289046430397557e-14,2.010114362534586974e+00
4.096000000000000000e+03,5.000000000000000000e-01,1.673693609704885432e+02,6.384634436435262421e-04,9.265984619570595895e-03,3.144434452006953928e-01,2.000000000000000000e+00,3.354072965175093779e-14,2.013271790258038152e+00
4.096000000000000000e+03,5.000000000000000000e-01,1.840091208710703086e+02,7.019390902369320243e-04,9.712287328419806978e-03,3.457052209529126174e-01,2.000000000000000000e+00,3.974321087648912624e-14,2.016457682621677350e+00
4.096000000000000000e+03,5.000000000000000000e-01,2.023031955634596954e+02,7.717254469431293314e-04,1.017932678078824378e-02,3.800750234046772480e-01,2.000000000000000000e+00,4.538470225697645437e-14,2.019678493524686758e+00
4.096000000000000000e+03,5.000000000000000000e-01,2.224160560163951175e+02,8.484499207168392848e-04,1.066802184842458902e-02,4.178618506769458674e-01,2.000000000000000000e+00,4.495124430456474080e-14,2.022940721029968358e+00
4.096000000000000000e+03,5.000000000000000000e-01,2.445285248021230302e+02,9.328022949299737175e-04,1.117932798912167972e-02,4.594054212956036887e-01,2.000000000000000000e+00,4.648417079586982211e-14,2.026250916439913397e+00
4.096000000000000000e+03,5.000000000000000000e-01,2.688394017628592678e+02,1.025540930797040054e-03,1.171423831979788444e-02,5.050792283954109729e-01,2.000000000000000000e+00,5.623128879711254711e-14,2.029615693259692932e+00
4.096000000000000000e+03,5.000000000000000000e-01,2.955672513000203594e+02,1.127499585342484891e-03,1.227378468471662133e-02,5.552938975710474123e-01,2.000000000000000000e+00,7.170886028899793818e-14,2.033041736039088221e+00
4.096000000000000000e+03,5.000000000000000000e-01,3.249523673546514715e+02,1.239594907206159483e-03,1.285903871465021372e-02,6.105008785636419910e-01,2.000000000000000000e+00,9.405958005544271453e-14,2.036535809112173467e+00
4.096000000000000000e+03,5.000000000000000000e-01,3.572589337450223752e+02,1.362834677677239896e-03,1.347111287232108205e-02,6.711965039725508175e-01,2.000000000000000000e+00,1.131107220540679140e-13,2.040104765207495063e+00
4.096000000000000000e+03,5.000000000000000000e-01,3.927773992836639536e+02,1.498326871046691718e-03,1.411116147911906440e-02,7.379264514817722720e-01,2.000000000000000000e+00,1.430688205692247633e-13,2.043755553861593910e+00
4.096000000000000000e+03,5.000000000000000000e-01,4.318270890271022608e+02,1.647289615734490436e-03,1.478038171761144291e-02,8.112906497182110765e-01,2.000000000000000000e+00,1.798238219694205617e-13,2.047495229730358801e+00
4.096000000000000000e+03,5.000000000000000000e-01,4.747590751344346813e+02,1.811062145745981908e-03,1.548001460390498879e-02,8.919486718473529363e-01,2.000000000000000000e+00,2.243997466594262142e-13,2.051330960707574036e+00
4.096000000000000000e+03,5.000000000000000000e-01,5.219593331449327707e+02,1.991116840915423472e-03,1.621134592351601914e-02,9.806256653969651627e-01,2.000000000000000000e+00,2.664731356455845765e-13,2.055270035823028252e+00
4.096000000000000000e+03,5.000000000000000000e-01,5.738522120508305306e+02,2.189072464183160899e-03,1.697570712389569192e-02,1.078118871620236563e+00,2.000000000000000000e+00,3.268296604023767860e-13,2.059319872983707000e+00
4.096000000000000000e+03,5.000000000000000000e-01,6.309042493626492387e+02,2.406708714914891200e-03,1.777447615627301275e-02,1.185304793010054869e+00,2.000000000000000000e+00,4.081748517891923609e-13,2.063488026456269608e+00
4.096000000000000000e+03,5.000000000000000000e-01,6.936283654659682725e+02,2.645982229102967348e-03,1.860907825907269844e-02,1.303147073403141398e+00,2.000000000000000000e+00,4.892471158796877306e-13,2.067782194155270759e+00
4.096000000000000000e+03,5.000000000000000000e-01,7.625884749786157499e+02,2.909044170298064232e-03,1.948098667455721092e-02,1.432705161519386206e+00,2.000000000000000000e+00,5.843929714387648126e-13,2.072210224677249357e+00
4.096000000000000000e+03,5.000000000000000000e-01,8.384045565661641604e+02,3.198259569420487062e-03,2.039172329003659592e-02,1.575143835824949878e+00,2.000000000000000000e+00,7.130009070470687031e-13,2.076780124011037287e+00
4.096000000000000000e+03,5.000000000000000000e-01,9.217582267954157942e+02,3.516228587323821236e-03,2.134285919440851234e-02,1.731743676351496397e+00,2.000000000000000000e+00,8.439244861555317811e-13,2.081500062091038217e+00
4.096000000000000000e+03,5.000000000000000000e-01,1.013398868136970236e+03,3.865809891269570298e-03,2.233601514031042373e-02,1.903912577617246082e+00,2.000000000000000000e+00,1.008585348046853088e-12,2.086378378991611271e+00
4.096000000000000000e+03,5.000000000000000000e-01,1.114150366210108359e+03,4.250146355476792752e-03,2.337286190192852317e-02,2.093198406155689639e+00,2.000000000000000000e+00,1.198109530077535260e-12,2.091423590805050026e+00
4.096000000000000000e+03,5.000000000000000000e-01,1.224918516840435132e+03,4.672693316804638411e-03,2.445512051787610691e-02,2.301302916448054514e+00,2.000000000000000000e+00,1.426623244582092087e-12,2.096644395274978478e+00
4.096000000000000000e+03,5.000000000000000000e-01,1.346699169522711145e+03,5.137249639597744541e-03,2.558456240834283343e-02,2.530097050369353173e+00,2.000000000000000000e+00,1.694095224353219170e-12,2.102049677079364187e+00
4.096000000000000000e+03,5.000000000000000000e-01,1.480587180501745934e+03,5.647991868979438529e-03,2.676300935531860867e-02,2.781637757695944568e+00,2.000000000000000000e+00,2.007291972061618943e-12,2.107648512792977158e+00
4.096000000000000000e+03,5.000000000000000000e-01,1.627786255963181702e+03,6.209511779644705590e-03,2.799233333445860436e-02,3.058186488897782329e+00,2.000000000000000000e+00,2.351772102789690229e-12,2.113450175527191277e+00
4.096000000000000000e+03,5.000000000000000000e-01,1.789619773828319694e+03,6.826857657731322075e-03,2.927445618688749931e-02,3.362229526472831687e+00,2.000000000000000000e+00,2.772208052336801430e-12,2.119464139247327239e+00
4.096000000000000000e+03,5.000000000000000000e-01,1.967542681445129347e+03,7.505579686909215342e-03,3.061134911912350570e-02,3.696500337610238773e+00,2.000000000000000000e+00,3.263259176399883128e-12,2.125700082773505528e+00
4.096000000000000000e+03,5.000000000000000000e-01,2.163154576140518202e+03,8.251779846727440651e-03,3.200503201916516521e-02,4.064004149141784872e+00,2.000000000000000000e+00,3.813302771934071523e-12,2.132167893451907048e+00
4.096000000000000000e+03,5.000000000000000000e-01,2.378214086233097532e+03,9.072166771824255113e-03,3.345757257684673497e-02,4.468044965719965234e+00,2.000000000000000000e+00,4.468825952826913308e-12,2.138877670519477192e+00
4.096000000000000000e+03,5.000000000000000000e-01,2.614654681797526791e+03,9.974116065206629911e-03,3.497108519655692943e-02,4.912255274126965610e+00,2.000000000000000000e+00,5.215990055582168083e-12,2.145839728206880181e+00
4.096000000000000000e+03,5.000000000000000000e-01,2.874602057325323130e+03,1.096573660783890965e-02,3.654772969063307259e-02,5.400628700767770241e+00,2.000000000000000000e+00,6.062012769741714549e-12,2.153064598530505691e+00
4.096000000000000000e+03,5.000000000000000000e-01,3.160393242559315240e+03,1.205594346069074722e-02,3.818970974206140762e-02,5.937555915951510777e+00,2.000000000000000000e+00,7.033202445993208361e-12,2.160563033871142125e+00
4.096000000000000000e+03,5.000000000000000000e-01,3.474597613315551371e+03,1.325453801466198490e-02,3.989927112534768366e-02,6.527864107754479228e+00,2.000000000000000000e+00,8.161615299150979301e-12,2.168346009349164660e+00
4.096000000000000000e+03,5.000000000000000000e-01,3.820039991188402382e+03,1.457229610896454766e-02,4.167869967508638918e-02,7.176860380350707835e+00,2.000000000000000000e+00,9.454488156375794846e-12,2.176424725010946304e+00
4.096000000000000000e+03,5.000000000000000000e-01,4.199826039814133765e+03,1.602106491017964846e-02,4.353031899222289253e-02,7.890379466977864631e+00,2.000000000000000000e+00,1.089541420548354014e-11,2.184810607917185621e+00
4.096000000000000000e+03,5.000000000000000000e-01,4.617370186015664331e+03,1.761386942297235234e-02,4.545648787880453984e-02,8.674836186497410395e+00,2.000000000000000000e+00,1.254255455585416632e-11,2.193515314133236416e+00
4.096000000000000000e+03,5.000000000000000000e-01,5.076426316850442163e+03,1.936502959003617158e-02,4.745959749287338714e-02,9.537283115153849522e+00,2.000000000000000000e+00,1.442331614304996082e-11,2.202550730753287667e+00
4.096000000000000000e+03,5.000000000000000000e-01,5.581121528540234067e+03,2.129028903404325129e-02,4.954206821599251021e-02,1.048547399202536212e+01,2.000000000000000000e+00,1.652209030016106404e-11,2.211928977996976187e+00
4.096000000000000000e+03,5.000000000000000000e-01,6.135993230698745720e+03,2.340695659904001510e-02,5.170634622715896550e-02,1.152793342820532807e+01,2.000000000000000000e+00,1.889717250255477981e-11,2.221662411389502267e+00
4.096000000000000000e+03,5.000000000000000000e-01,6.746029939439154077e+03,2.573406196380292540e-02,5.395489977801907339e-02,1.267403354642858027e+01,2.000000000000000000e+00,2.156723261210005118e-11,2.231763624241224875e+00
4.096000000000000000e+03,5.000000000000000000e-01,7.416716126107403397e+03,2.829252672617875441e-02,5.629021516541861392e-02,1.393407824016238017e+01,2.000000000000000000e+00,2.455614614806236852e-11,2.242245450434424470e+00
4.096000000000000000e+03,5.000000000000000000e-01,8.154081524849416382e+03,3.110535249652639916e-02,5.871479239910192688e-02,1.531939580968519010e+01,2.000000000000000000e+00,2.791006923691972836e-11,2.253120967632597171e+00
4.096000000000000000e+03,5.000000000000000000e-01,8.964755342306292732e+03,3.419782769129292577e-02,6.123114056350394824e-02,1.684244080798740129e+01,2.000000000000000000e+00,3.162570866972954460e-11,2.264403501044299105e+00
4.096000000000000000e+03,5.000000000000000000e-01,9.856025856804684736e+03,3.759775488588212866e-02,6.384177287454066707e-02,1.851690601213003262e+01,2.000000000000000000e+00,3.575350917794102766e-11,2.276106627834309393e+00
4.096000000000000000e+03,5.000000000000000000e-01,1.083590594286216765e+04,4.133570077080599842e-02,6.654920143367146212e-02,2.035784552672731706e+01,2.000000000000000000e+00,4.031408947693126360e-11,2.288244182345366085e+00
4.096000000000000000e+03,5.000000000000000000e-01,1.191320511009927031e+04,4.544527095832546354e-02,6.935593168348284931e-02,2.238181012630301225e+01,2.000000000000000000e+00,4.541701649810011787e-11,2.300830262187773201e+00
4.096000000000000000e+03,5.000000000000000000e-01,1.309760870421581421e+04,4.996341211019826589e-02,7.226445657076796536e-02,2.460699605330048811e+01,2.000000000000000000e+00,5.094209056514109581e-11,2.313879235433020654e+00
4.096000000000000000e+03,5.000000000000000000e-01,1.439976498208043267e+04,5.493074410278485364e-02,7.527725042473898398e-02,2.705340860950103377e+01,2.000000000000000000e+00,5.699238997109801057e-11,2.327405748990159395e+00
4.096000000000000000e+03,5.000000000000000000e-01,1.583138084377254199e+04,6.039192521580712125e-02,7.839676256015176703e-02,2.974304201160146022e+01,2.000000000000000000e+00,6.369605050122400928e-11,2.341424738284274554e+00
4.096000000000000000e+03,5.000000000000000000e-01,1.740532708224503222e+04,6.639605362794888388e-02,8.162541061673463105e-02,3.270007712792261145e+01,2.000000000000000000e+00,7.094795553830682178e-11,2.355951438462909664e+00
4.096000000000000000e+03,5.000000000000000000e-01,1.913575409684490296e+04,7.299710882890664276e-02,8.496557364817837465e-02,3.595109887398209025e+01,2.000000000000000000e+00,7.886344311989863099e-11,2.371001397290157797e+00
4.096000000000000000e+03,5.000000000000000000e-01,2.103821911100124635e+04,8.025443691635607280e-02,8.841958497564507413e-02,3.952533522140168287e+01,2.000000000000000000e+00,8.744488337819935004e-11,2.386590489908400059e+00
4.096000000000000000e+03,5.000000000000000000e-01,2.312982603781874059e+04,8.823328414084907756e-02,9.198972482247505522e-02,4.345491996893561293e+01,2.000000000000000000e+00,9.666688841584672649e-11,2.402734935890705970e+00
4.096000000000000000e+03,5.000000000000000000e-01,2.542937925102238660e+04,9.700538349541620864e-02,9.567821274759086281e-02,4.777518163803274120e+01,2.000000000000000000e+00,1.065645302799283456e-10,2.419451319350713447e+00
4.096000000000000000e+03,5.000000000000000000e-01,2.795755264371675730e+04,1.066495996235533039e-01,9.948719989539030195e-02,5.252496109022125381e+01,2.000000000000000000e+00,1.172739781657202671e-10,2.436756613749167855e+00
4.096000000000000000e+03,5.000000000000000000e-01,3.073707549486350035e+04,1.172526378435649885e-01,1.034187610772729776e-01,5.774696072181900774e+01,2.000000000000000000e+00,1.287035164912947671e-10,2.454668215036519996e+00
4.096000000000000000e+03,5.000000000000000000e-01,3.379293681449157157e+04,1.289098236636793959e-01,1.074748866922824175e-01,6.348812837537074927e+01,2.000000000000000000e+00,1.408127650719878642e-10,2.473203990749198056e+00
4.096000000000000000e+03,5.000000000000000000e-01,3.715261000478247297e+04,1.417259597960757178e-01,1.116574744753420084e-01,6.980007941932410631e+01,2.000000000000000000e+00,1.537412078805954994e-10,2.492382360310756440e+00
4.096000000000000000e+03,5.000000000000000000e-01,4.084629985682497500e+04,1.558162683747290611e-01,1.159683210216054944e-01,7.673956079061215974e+01,2.000000000000000000e+00,1.674214977497772450e-10,2.512222435021840283e+00
4.096000000000000000e+03,5.000000000000000000e-01,4.490721410363593895e+04,1.713074268479764517e-01,1.204091129581300879e-01,8.436896117206538293e+01,2.000000000000000000e+00,1.819202724461333031e-10,2.532744268171484237e+00
4.096000000000000000e+03,5.000000000000000000e-01,4.937186197081803402e+04,1.883387068588944779e-01,1.249814174939103822e-01,9.275687189135297217e+01,2.000000000000000000e+00,1.971335520324447416e-10,2.553969300679312937e+00
4.096000000000000000e+03,5.000000000000000000e-01,5.428038240894011687e+04,2.070632263524632144e-01,1.296866718370008331e-01,1.019787035841517735e+02,3.000000000000000000e+00,1.021255723021645915e-13,2.575921119405876425e+00
4.096000000000000000e+03,5.000000000000000000e-01,5.967690495858279610e+04,2.276493261664687962e-01,1.345261706493359188e-01,1.121173641655953048e+02,3.000000000000000000e+00,1.252151606352255194e-13,2.598626743585214172e+00
4.096000000000000000e+03,5.000000000000000000e-01,6.560994649236567784e+04,2.502820834822299112e-01,1.395010500134123976e-01,1.232640042052287299e+02,3.000000000000000000e+00,1.025805506264574216e-13,2.622118663317053233e+00
4.096000000000000000e+03,5.000000000000000000e-01,7.213284740082695498e+04,2.751649757416799735e-01,1.446122658991610133e-01,1.355188364066910367e+02,3.000000000000000000e+00,1.328703730675618421e-10,2.646437955993434343e+00
4.096000000000000000e+03,5.000000000000000000e-01,7.930425114363447938e+04,3.025217099900607276e-01,1.498605638934288886e-01,1.489920365595623366e+02,3.000000000000000000e+00,2.018279069034829452e-13,2.671638839386361042e+00
4.096000000000000000e+03,5.000000000000000000e-01,8.718863147748897609e+04,3.325982340907630008e-01,1.552464361749888722e-01,1.638047340633005433e+02,3.000000000000000000e+00,2.007797012305289872e-13,2.697795039273785278e+00
4.096000000000000000e+03,5.000000000000000000e-01,9.585687210070237052e+04,3.656649478939146825e-01,1.607700602807411172e-01,1.800901009284608278e+02,3.000000000000000000e+00,1.933108738710259806e-13,2.725008273227985001e+00
4.096000000000000000e+03,5.000000000000000000e-01,1.053869039256891847e+05,4.020191342380111110e-01,1.664312136841577805e-01,1.979945490457569690e+02,3.000000000000000000e+00,2.065439364516351059e-13,2.753419014091406325e+00
4.096000000000000000e+03,5.000000000000000000e-01,1.158644057086968533e+05,4.419876316402315264e-01,1.722291574669860548e-01,2.176790464868763308e+02,3.000000000000000000e+00,1.862106543373734439e-10,2.767864314715063223e+00
