N,c,force,force_over_N_1p5,strain,hookean_strain,newton_iterations,relative_gradient,local_exponent,boundary_prediction
6.400000000000000000e+01,8.000000000000000444e-01,1.885877994778189311e-06,3.683355458551150999e-09,2.963403304917458606e-09,2.963408676818279675e-09,1.000000000000000000e+00,1.739640644245709628e-15,1.000003378036357971e+00,2.963403120445532056e-09
6.400000000000000000e+01,8.000000000000000444e-01,1.996378741329608815e-06,3.899177229159392217e-09,3.137039744007808597e-09,3.137046034076848916e-09,1.000000000000000000e+00,2.310474109733495868e-16,1.000002522542615679e+00,3.137039807491077591e-09
6.400000000000000000e+01,8.000000000000000444e-01,2.113354145850541737e-06,4.127644816114339331e-09,3.320850489004313675e-09,3.320857462860412379e-09,1.000000000000000000e+00,4.283641412054555557e-16,1.000001913959451372e+00,3.320850485220199774e-09
6.400000000000000000e+01,8.000000000000000444e-01,2.237183583115643926e-06,4.369499185772742042e-09,3.515431285589692059e-09,3.515439100619057146e-09,1.000000000000000000e+00,5.921377017413291105e-16,1.000002395374693265e+00,3.515431281331868778e-09
6.400000000000000000e+01,8.000000000000000444e-01,2.368268656906928406e-06,4.625524720521344543e-09,3.721413184539776039e-09,3.721422014757755751e-09,1.000000000000000000e+00,7.557978780518551032e-16,1.000002615815901663e+00,3.721413252303760537e-09
6.400000000000000000e+01,8.000000000000000444e-01,2.507034502495642066e-06,4.896551762686800910e-09,3.939464318080462220e-09,3.939474249314947581e-09,1.000000000000000000e+00,3.614449962363637996e-16,1.000002522402638760e+00,3.939464429928968395e-09
6.400000000000000000e+01,8.000000000000000444e-01,2.653931165441501510e-06,5.183459307502932638e-09,4.170291898289281166e-09,4.170302991563785200e-09,1.000000000000000000e+00,7.807823177905999050e-16,1.000002141871362937e+00,4.170291987758271111e-09
6.400000000000000000e+01,8.000000000000000444e-01,2.809435061180980203e-06,5.487177853869101959e-09,4.414644659586191364e-09,4.414656865562732343e-09,1.000000000000000000e+00,5.539011293900379385e-16,1.000002430716577351e+00,4.414644534472557801e-09
6.400000000000000000e+01,8.000000000000000444e-01,2.974050520138464171e-06,5.808692422145437834e-09,4.673314635090578277e-09,4.673328360094067150e-09,1.000000000000000000e+00,6.894532453477387605e-16,1.000003175783348297e+00,4.673314541621699404e-09
6.400000000000000000e+01,8.000000000000000444e-01,3.148311423371279137e-06,6.149045748772029565e-09,4.947140931379713425e-09,4.947156398864439626e-09,1.000000000000000000e+00,5.684647424144061322e-16,1.000003276115762674e+00,4.947140913601365365e-09
6.400000000000000000e+01,8.000000000000000444e-01,3.332782934053392952e-06,6.509341668073033109e-09,5.237011726890398893e-09,5.237029061303267732e-09,1.000000000000000000e+00,3.691453357177331581e-16,1.000003473740292748e+00,5.237011708200716173e-09
6.400000000000000000e+01,8.000000000000000444e-01,3.528063330413310055e-06,6.890748692213496201e-09,5.543866936454444803e-09,5.543886462783025100e-09,1.000000000000000000e+00,4.649505645572981513e-16,1.000003579366250506e+00,5.543867016541716850e-09
6.400000000000000000e+01,8.000000000000000444e-01,3.734785946070752092e-06,7.294503800919437679e-09,5.868701986057207818e-09,5.868723803602565901e-09,1.000000000000000000e+00,8.784305526638379856e-16,1.000003790414353944e+00,5.868702011747636871e-09
6.400000000000000000e+01,8.000000000000000444e-01,3.953621224065025503e-06,7.721916453252002936e-09,6.212570033283909215e-09,6.212594596621943857e-09,1.000000000000000000e+00,7.151522874598471546e-16,1.000004011662056769e+00,6.212570176225039429e-09
6.400000000000000000e+01,8.000000000000000444e-01,4.185278891236705217e-06,8.174372834446689877e-09,6.576586630256664232e-09,6.576614084016610049e-09,1.000000000000000000e+00,4.512727995906496467e-16,1.000003708020997806e+00,6.576586718022600139e-09
6.400000000000000000e+01,8.000000000000000444e-01,4.430510260014593242e-06,8.653340351591002426e-09,6.961932388170081130e-09,6.961962854232198772e-09,1.000000000000000000e+00,7.376119371241954558e-16,1.000004286512108820e+00,6.961932187342831798e-09
6.400000000000000000e+01,8.000000000000000444e-01,4.690110665073106816e-06,9.160372392720911750e-09,7.369856307960723850e-09,7.369890670870423506e-09,1.000000000000000000e+00,1.890431907613225882e-16,1.000004938204327232e+00,7.369856304931466024e-09
6.400000000000000000e+01,8.000000000000000444e-01,4.964922042762630998e-06,9.697113364770763669e-09,7.801681997556507338e-09,7.801720525923854846e-09,1.000000000000000000e+00,5.330954664301383132e-16,1.000004816835541988e+00,7.801682014755848822e-09
6.400000000000000000e+01,8.000000000000000444e-01,5.255835661678576956e-06,1.026530402671597062e-08,8.258809892323221605e-09,8.258852930505263731e-09,1.000000000000000000e+00,1.837796591477325384e-16,1.000005163758274307e+00,8.258809774110765819e-09
6.400000000000000000e+01,8.000000000000000444e-01,5.563795013224732671e-06,1.086678713520455600e-08,8.742722140046399246e-09,8.742770456986899880e-09,1.000000000000000000e+00,2.948302504844919952e-16,1.000005639304120564e+00,8.742722095059015308e-09
6.400000000000000000e+01,8.000000000000000444e-01,5.889798871545752387e-06,1.150351342098779763e-08,9.254988374091663050e-09,9.255042547281041102e-09,1.000000000000000000e+00,6.962780561759507123e-16,1.000005848732101299e+00,9.254988351928959958e-09
6.400000000000000000e+01,8.000000000000000444e-01,6.234904532752675318e-06,1.217754791553256898e-08,9.797269932252911928e-09,9.797330602855914997e-09,1.000000000000000000e+00,7.892863869865568756e-16,1.000006144667651142e+00,9.797269870453043989e-09
6.400000000000000000e+01,8.000000000000000444e-01,6.600231243946967454e-06,1.289107664833392081e-08,1.037132540786821993e-08,1.037139337299496873e-08,1.000000000000000000e+00,7.144811030224817315e-16,1.000006595987201763e+00,1.037132531504377845e-08
6.400000000000000000e+01,8.000000000000000444e-01,6.986963833164078506e-06,1.364641373664859083e-08,1.097901642298043615e-08,1.097909265877468313e-08,1.000000000000000000e+00,5.869413183654856150e-16,1.000007058571924290e+00,1.097901639166971436e-08
6.400000000000000000e+01,8.000000000000000444e-01,7.396356552009184349e-06,1.444600889064293818e-08,1.162231384558709870e-08,1.162239935126011423e-08,1.000000000000000000e+00,2.217815085005786504e-16,1.000007412036651999e+00,1.162231388481620873e-08
6.400000000000000000e+01,8.000000000000000444e-01,7.829737143447509877e-06,1.529245535829591773e-08,1.230330400689046779e-08,1.230339982350117507e-08,1.000000000000000000e+00,2.095057716499880749e-16,1.000007763497592350e+00,1.230330404809804661e-08
6.400000000000000000e+01,8.000000000000000444e-01,8.288511147941948304e-06,1.618849833582411778e-08,1.302419536263689108e-08,1.302430269706028305e-08,1.000000000000000000e+00,9.242923639082368651e-16,1.000008158787181856e+00,1.302419536923647550e-08
6.400000000000000000e+01,8.000000000000000444e-01,8.774166461903603722e-06,1.713704387090547602e-08,1.378732582059015096e-08,1.378744600501650585e-08,1.000000000000000000e+00,8.040956913023388279e-16,1.000008678935984108e+00,1.378732573132577241e-08
6.400000000000000000e+01,8.000000000000000444e-01,9.288278163239200577e-06,1.814116828757656363e-08,1.459517006800495065e-08,1.459530477467721770e-08,1.000000000000000000e+00,9.137855815937422059e-16,1.000009300349873342e+00,1.459516999359769544e-08
6.400000000000000000e+01,8.000000000000000444e-01,9.832513619645751499e-06,1.920412816337060840e-08,1.545034800932364681e-08,1.545049905458980401e-08,1.000000000000000000e+00,5.004951607443827889e-16,1.000009918862232894e+00,1.545034801625117525e-08
6.400000000000000000e+01,8.000000000000000444e-01,1.040863789621945607e-05,2.032937089105362514e-08,1.635563298182853914e-08,1.635580241188624549e-08,1.000000000000000000e+00,2.563171526670125642e-16,1.000010438239669952e+00,1.635563315535163261e-08
6.400000000000000000e+01,8.000000000000000444e-01,1.101851947991698736e-05,2.152054585921286595e-08,1.731396108151746769e-08,1.731415092751941441e-08,1.000000000000000000e+00,4.972888884317295749e-16,1.000010820230215813e+00,1.731396125532718586e-08
6.400000000000000000e+01,8.000000000000000444e-01,1.166413633943466306e-05,2.278151628795832629e-08,1.832844026693502679e-08,1.832865271856442608e-08,1.000000000000000000e+00,9.844386287378952536e-16,1.000011580542576439e+00,1.832844016819928795e-08
6.400000000000000000e+01,8.000000000000000444e-01,1.234758234015893901e-05,2.411637175812292775e-08,1.940235968504867517e-08,1.940259801846771311e-08,1.000000000000000000e+00,4.246308067703786162e-16,1.000012302630011618e+00,1.940235983039086337e-08
6.400000000000000000e+01,8.000000000000000444e-01,1.307107403499318735e-05,2.552944147459606904e-08,2.053920299392812837e-08,2.053946984793616572e-08,1.000000000000000000e+00,5.266703013539238275e-16,1.000012872468033720e+00,2.053920292975937397e-08
6.400000000000000000e+01,8.000000000000000444e-01,1.383695785308477290e-05,2.702530830680619706e-08,2.174265635635448784e-08,2.174295531107412416e-08,1.000000000000000000e+00,7.269784745111713061e-16,1.000013765872964200e+00,2.174265619741274892e-08
6.400000000000000000e+01,8.000000000000000444e-01,1.464771770976695713e-05,2.860882365188858815e-08,2.301662242863422570e-08,2.301695755340397306e-08,1.000000000000000000e+00,7.023663355030960239e-16,1.000014635791941942e+00,2.301662236088767031e-08
6.400000000000000000e+01,8.000000000000000444e-01,1.550598306239602182e-05,3.028512316874223011e-08,2.436523279510133208e-08,2.436560842055225740e-08,1.000000000000000000e+00,5.706890909318778142e-16,1.000015478100706900e+00,2.436523279740941084e-08
6.400000000000000000e+01,8.000000000000000444e-01,1.641453743821075174e-05,3.205964343400537450e-08,2.579286084670919848e-08,2.579328185865675225e-08,1.000000000000000000e+00,1.998685978733753731e-16,1.000016315003435352e+00,2.579286092821816321e-08
6.400000000000000000e+01,8.000000000000000444e-01,1.737632746187124237e-05,3.393813957396727026e-08,2.730413643597994258e-08,2.730460809995370548e-08,1.000000000000000000e+00,5.664172641129601696e-16,1.000017255055055898e+00,2.730413639734210125e-08
6.400000000000000000e+01,8.000000000000000444e-01,1.839447241195564100e-05,3.592670392960086132e-08,2.890396008786514209e-08,2.890448867955275424e-08,1.000000000000000000e+00,7.134209858456932891e-16,1.000018338643698712e+00,2.890396008073634075e-08
6.400000000000000000e+01,8.000000000000000444e-01,1.947227433740822105e-05,3.803178581525043173e-08,3.059751987514257863e-08,3.059811233210154433e-08,1.000000000000000000e+00,6.308889902630608216e-16,1.000019416225910618e+00,3.059751997439060696e-08
6.400000000000000000e+01,8.000000000000000444e-01,2.061322876674856347e-05,4.026021243505578803e-08,3.239030784972458250e-08,3.239097181989629731e-08,1.000000000000000000e+00,6.366301534120213457e-16,1.000020493265537880e+00,3.239030801285085278e-08
6.400000000000000000e+01,8.000000000000000444e-01,2.182103604477389234e-05,4.261921102494900847e-08,3.428813780623492678e-08,3.428888174701515322e-08,1.000000000000000000e+00,1.052436535199876677e-15,1.000021687644704116e+00,3.428813787260719768e-08
6.400000000000000000e+01,8.000000000000000444e-01,2.309961333352185940e-05,4.511643229203488163e-08,3.629716371172050568e-08,3.629799741724925126e-08,1.000000000000000000e+00,9.941835644887515378e-16,1.000022977574005267e+00,3.629716381798364103e-08
6.400000000000000000e+01,8.000000000000000444e-01,2.445310731641524985e-05,4.775997522737353485e-08,3.842390057785493098e-08,3.842483479699149307e-08,1.000000000000000000e+00,1.073319920265120639e-15,1.000024285065904905e+00,3.842390065053317689e-08
6.400000000000000000e+01,8.000000000000000444e-01,2.588590764679063981e-05,5.055841337263796838e-08,4.067524488905408331e-08,4.067629164782660369e-08,1.000000000000000000e+00,1.267388804994010662e-15,1.000025733634984704e+00,4.067524482650695364e-08
6.400000000000000000e+01,8.000000000000000444e-01,2.740266118442757126e-05,5.352082262583510011e-08,4.305849680694997849e-08,4.305966989736005847e-08,1.000000000000000000e+00,1.197238105296761240e-15,1.000027256628186478e+00,4.305849681073865761e-08
6.400000000000000000e+01,8.000000000000000444e-01,2.900828706624982055e-05,5.665681067626918076e-08,4.558138481735700863e-08,4.558269932083858252e-08,1.000000000000000000e+00,8.265457236529732358e-16,1.000028850526391011e+00,4.558138473927692259e-08
6.400000000000000000e+01,8.000000000000000444e-01,3.070799266007616331e-05,5.997654816421125646e-08,4.825208948906136486e-08,4.825356261036648489e-08,1.000000000000000000e+00,2.136740868907114003e-15,1.000030574045354115e+00,4.825208946732366717e-08
6.400000000000000000e+01,8.000000000000000444e-01,3.250729045316220556e-05,6.349080166633243273e-08,5.107927100737098065e-08,5.108092191302290577e-08,1.000000000000000000e+00,1.614776831232485671e-15,1.000032311077148961e+00,5.107927108350730474e-08
6.400000000000000000e+01,8.000000000000000444e-01,3.441201593030567403e-05,6.721096861387826959e-08,5.407209715175683542e-08,5.407394692394768899e-08,1.000000000000000000e+00,1.716072762918218151e-15,1.000034224380257797e+00,5.407209697624905442e-08
6.400000000000000000e+01,8.000000000000000444e-01,3.642834649949785384e-05,7.114911425683174579e-08,5.724027149554139117e-08,5.724234462550781949e-08,1.000000000000000000e+00,2.341570338866786166e-15,1.000036269696039426e+00,5.724027154298760422e-08
6.400000000000000000e+01,8.000000000000000444e-01,3.856282152650073185e-05,7.531801079394674189e-08,6.059406760079439269e-08,6.059639076899453857e-08,1.000000000000000000e+00,2.211963089529707546e-15,1.000038348825952994e+00,6.059406763832356385e-08
6.400000000000000000e+01,8.000000000000000444e-01,4.082236354332598681e-05,7.973117879555856800e-08,6.414435988256249908e-08,6.414696320095242250e-08,1.000000000000000000e+00,2.893194939128176053e-15,1.000040600487764664e+00,6.414435986275005434e-08
6.400000000000000000e+01,8.000000000000000444e-01,4.321430069939929627e-05,8.440293105351425052e-08,6.790265980217330460e-08,6.790557714222457446e-08,1.000000000000000000e+00,2.277545802538354878e-15,1.000042978443886454e+00,6.790265979956497252e-08
6.400000000000000000e+01,8.000000000000000444e-01,4.574639052822350064e-05,8.934841900043652469e-08,7.188115339281084708e-08,7.188442253413101495e-08,1.000000000000000000e+00,4.159532558722594675e-15,1.000045520212040628e+00,7.188115331383615529e-08
6.400000000000000000e+01,8.000000000000000444e-01,4.842684510662056870e-05,9.458368184886829825e-08,7.609273989531858785e-08,7.609640357290092609e-08,1.000000000000000000e+00,2.980848346306425261e-15,1.000048164757757263e+00,7.609274003392683434e-08
6.400000000000000000e+01,8.000000000000000444e-01,5.126435768814947402e-05,1.001256986096669414e-07,8.055107527898900063e-08,8.055518056057811753e-08,1.000000000000000000e+00,4.479772053972381116e-15,1.000050983818354666e+00,8.055107514311484414e-08
6.400000000000000000e+01,8.000000000000000444e-01,5.426813089707638402e-05,1.059924431583523125e-07,8.527061354191236540e-08,8.527521420812871023e-08,1.000000000000000000e+00,4.957268025870671844e-15,1.000053987657210541e+00,8.527061361626523515e-08
6.400000000000000000e+01,8.000000000000000444e-01,5.744790657433720092e-05,1.122029425280023456e-07,9.026665711516114045e-08,9.027181253443704834e-08,1.000000000000000000e+00,5.139746869891762484e-15,1.000057128050016786e+00,9.026665704438007629e-08
6.400000000000000000e+01,8.000000000000000444e-01,6.081399737228784233e-05,1.187773386177496920e-07,9.555540327017807645e-08,9.556118051329102972e-08,1.000000000000000000e+00,6.473678707683659191e-15,1.000060494542765355e+00,9.555540319816157504e-08
6.400000000000000000e+01,8.000000000000000444e-01,6.437732020071091374e-05,1.257369535170135034e-07,1.011539985197784856e-07,1.011604726293727888e-07,1.000000000000000000e+00,6.523047483931972088e-15,1.000064044422870779e+00,1.011539984905220338e-07
6.400000000000000000e+01,8.000000000000000444e-01,6.814943163255093698e-05,1.331043586573260488e-07,1.070805934632503098e-07,1.070878485137045353e-07,1.000000000000000000e+00,7.124804659309051009e-15,1.000067800494647940e+00,1.070805935072774678e-07
6.400000000000000000e+01,8.000000000000000444e-01,7.214256538420570877e-05,1.409034480160267750e-07,1.133544016282672293e-07,1.133625318389858564e-07,1.000000000000000000e+00,8.185673701902183922e-15,1.000071749087553030e+00,1.133544017851031086e-07
6.400000000000000000e+01,8.000000000000000444e-01,7.636967199193032225e-05,1.491595156092389106e-07,1.199957620875712373e-07,1.200048726658325693e-07,1.000000000000000000e+00,9.107275262140559881e-15,1.000075940517518802e+00,1.199957620262383757e-07
6.400000000000000000e+01,8.000000000000000444e-01,8.084446081303221007e-05,1.578993375254535353e-07,1.270262040740688896e-07,1.270364134421182860e-07,1.000000000000000000e+00,1.055107305050207755e-14,1.000080413460494810e+00,1.270262039504361724e-07
6.400000000000000000e+01,8.000000000000000444e-01,8.558144448807516384e-05,1.671512587657718044e-07,1.344685180352357333e-07,1.344799588694670420e-07,1.000000000000000000e+00,1.180713909636689614e-14,1.000085128980586546e+00,1.344685179962942671e-07
6.400000000000000000e+01,8.000000000000000444e-01,9.059598600829352286e-05,1.769452851724482868e-07,1.423468291300265049e-07,1.423596498634904628e-07,1.000000000000000000e+00,1.318153627990007962e-14,1.000090127348585156e+00,1.423468290964197051e-07
6.400000000000000000e+01,8.000000000000000444e-01,9.590434854086330742e-05,1.873131807438736473e-07,1.506866745005616243e-07,1.507010418476333981e-07,1.000000000000000000e+00,1.450444736502656068e-14,1.000095395666690479e+00,1.506866747638914886e-07
6.400000000000000000e+01,8.000000000000000444e-01,1.015237481736265920e-04,1.982885706516144375e-07,1.595150876492606875e-07,1.595311876345557293e-07,1.000000000000000000e+00,1.615756902341771123e-14,1.000100972804389698e+00,1.595150877412590534e-07
6.400000000000000000e+01,8.000000000000000444e-01,1.074724097503281672e-04,2.099070502936097016e-07,1.688606832600871382e-07,1.688787251638466070e-07,1.000000000000000000e+00,1.819378099823451687e-14,1.000106889291643597e+00,1.688606834778620883e-07
6.400000000000000000e+01,8.000000000000000444e-01,1.137696259774511362e-04,2.222063007372092504e-07,1.787537526779592028e-07,1.787739703806252997e-07,1.000000000000000000e+00,2.110855348917649979e-14,1.000113147890303367e+00,1.787537527166486768e-07
6.400000000000000000e+01,8.000000000000000444e-01,1.204358199943460461e-04,2.352262109264571213e-07,1.892263593881879819e-07,1.892490155562513052e-07,1.000000000000000000e+00,2.288217852109327451e-14,1.000119776901470914e+00,1.892263594879333906e-07
6.400000000000000000e+01,8.000000000000000444e-01,1.274926116095814125e-04,2.490090070499636963e-07,2.003124449320438439e-07,2.003378333700179852e-07,1.000000000000000000e+00,2.552703941062615130e-14,1.000126802517101510e+00,2.003124448247317575e-07
6.400000000000000000e+01,8.000000000000000444e-01,1.349628874183332345e-04,2.635993894889320986e-07,2.120479363766690931e-07,2.120763870893875989e-07,1.000000000000000000e+00,2.975369384298983037e-14,1.000134234902404273e+00,2.120479365324812273e-07
6.400000000000000000e+01,8.000000000000000444e-01,1.428708750282185497e-04,2.790446777894893549e-07,2.244708653313502218e-07,2.245027472061044151e-07,1.000000000000000000e+00,3.214831429271932934e-14,1.000142090396508365e+00,2.244708653651668740e-07
6.400000000000000000e+01,8.000000000000000444e-01,1.512422216343013790e-04,2.953949641294948809e-07,2.376214878520111721e-07,2.376572149064589828e-07,1.000000000000000000e+00,3.661620342552577959e-14,1.000150424519375747e+00,2.376214879801634454e-07
6.400000000000000000e+01,8.000000000000000444e-01,1.601040771981079836e-04,3.127032757775546555e-07,2.515424167802545807e-07,2.515824527761461174e-07,1.000000000000000000e+00,4.147458802021676288e-14,1.000159232654169728e+00,2.515424170655612706e-07
6.400000000000000000e+01,8.000000000000000444e-01,1.694851825004147720e-04,3.310257470711226015e-07,2.662787587453941492e-07,2.663236231636141864e-07,1.000000000000000000e+00,4.552810721642755767e-14,1.000168553040111874e+00,2.662787590563909778e-07
6.400000000000000000e+01,8.000000000000000444e-01,1.794159623533830340e-04,3.504218014714512383e-07,2.818782596042437290e-07,2.819285346506478951e-07,1.000000000000000000e+00,5.120012455838962741e-14,1.000178430429642162e+00,2.818782598801103956e-07
6.400000000000000000e+01,8.000000000000000444e-01,1.899286242743478614e-04,3.709543442858356667e-07,2.983914587627594245e-07,2.984477971052206345e-07,1.000000000000000000e+00,5.762484091116644054e-14,1.000188881016157438e+00,2.983914591969975882e-07
6.400000000000000000e+01,8.000000000000000444e-01,2.010572629412771056e-04,3.926899666821818468e-07,3.158718532677221608e-07,3.159349858194790994e-07,1.000000000000000000e+00,6.435633715029818444e-14,1.000199943291534055e+00,3.158718536277958137e-07
6.400000000000000000e+01,8.000000000000000444e-01,2.128379707686725152e-04,4.156991616575635063e-07,3.343760690039335033e-07,3.344468152651960839e-07,1.000000000000000000e+00,7.263240280287951757e-14,1.000211659660934060e+00,3.343760694891606152e-07
6.400000000000000000e+01,8.000000000000000444e-01,2.253089549625326808e-04,4.400565526611966422e-07,3.539640449921410001e-07,3.540433230302148792e-07,1.000000000000000000e+00,8.130949447142023420e-14,1.000224057042032655e+00,3.539640455872316735e-07
6.400000000000000000e+01,8.000000000000000444e-01,2.385106614340102833e-04,4.658411356133013346e-07,3.746992259027217980e-07,3.747880645324276007e-07,1.000000000000000000e+00,8.979387679186286603e-14,1.000237178305781072e+00,3.746992266510804362e-07
6.400000000000000000e+01,8.000000000000000444e-01,2.524859059736396343e-04,4.931365351047649107e-07,3.966487672260313993e-07,3.967483191427826425e-07,1.000000000000000000e+00,1.014558539336680621e-13,1.000251073361241083e+00,3.966487680209633500e-07
6.400000000000000000e+01,8.000000000000000444e-01,2.672800131115619687e-04,5.220312756085194702e-07,4.198837511010289810e-07,4.199953083858247007e-07,1.000000000000000000e+00,1.137120753592092025e-13,1.000265778527094085e+00,4.198837522413233164e-07
6.400000000000000000e+01,8.000000000000000444e-01,2.829409631140962045e-04,5.526190685822191493e-07,4.444794170210453506e-07,4.446044269254287703e-07,1.000000000000000000e+00,1.278256418769704004e-13,1.000281338593822511e+00,4.444794182454124176e-07
6.400000000000000000e+01,8.000000000000000444e-01,2.995195475933973739e-04,5.849991163933542459e-07,4.705154025317279541e-07,4.706554870848662373e-07,1.000000000000000000e+00,1.433582883063030394e-13,1.000297822186141161e+00,4.705154038573845445e-07
6.400000000000000000e+01,8.000000000000000444e-01,3.170695342348753146e-04,6.192764340524908488e-07,4.980760005825239529e-07,4.982329776942296144e-07,1.000000000000000000e+00,1.602564833846127054e-13,1.000315262645258940e+00,4.980760023788009955e-07
6.400000000000000000e+01,8.000000000000000444e-01,3.356478411766165414e-04,6.555621897980791825e-07,5.272504321994567691e-07,5.274263381047076281e-07,1.000000000000000000e+00,1.798493385354184671e-13,1.000333722153158078e+00,5.272504340698211367e-07
6.400000000000000000e+01,8.000000000000000444e-01,3.553147216063607316e-04,6.939740656374233039e-07,5.581331311485494729e-07,5.583302482584004737e-07,1.000000000000000000e+00,2.009188445308916734e-13,1.000353270806073169e+00,5.581331333810422365e-07
6.400000000000000000e+01,8.000000000000000444e-01,3.761339591747117281e-04,7.346366390131088439e-07,5.908240501378476438e-07,5.910449357544221619e-07,1.000000000000000000e+00,2.258036957699759584e-13,1.000373957025843197e+00,5.908240528400790454e-07
6.400000000000000000e+01,8.000000000000000444e-01,3.981730748583513810e-04,7.776817868327175409e-07,6.254289814526414555e-07,6.256765009071728003e-07,1.000000000000000000e+00,2.516687130695812428e-13,1.000395856866333588e+00,6.254289845477127620e-07
6.400000000000000000e+01,8.000000000000000444e-01,4.215035459441533760e-04,8.232491131721745625e-07,6.620598964648182042e-07,6.623372608510074910e-07,1.000000000000000000e+00,2.840660702478737617e-13,1.000419040248516467e+00,6.620599002918581143e-07
6.400000000000000000e+01,8.000000000000000444e-01,4.462010378444063391e-04,8.714864020398561311e-07,7.008353066809211971e-07,7.011461138073022682e-07,1.000000000000000000e+00,3.170469888181848811e-13,1.000443571090997352e+00,7.008353113438491125e-07
6.400000000000000000e+01,8.000000000000000444e-01,4.723456494949729322e-04,9.225500966698690083e-07,7.418806438864683922e-07,7.422289246953131047e-07,1.000000000000000000e+00,3.551750307149168007e-13,1.000469546207028770e+00,7.418806490607822852e-07
6.400000000000000000e+01,8.000000000000000444e-01,5.000221731322555254e-04,9.766058068989365731e-07,7.853286609408937417e-07,7.857189333374342272e-07,1.000000000000000000e+00,3.985039775781614111e-13,1.000497037453953908e+00,7.853286674799337785e-07
6.400000000000000000e+01,8.000000000000000444e-01,5.293203692914805409e-04,1.033828846272422931e-06,8.313198618829130850e-07,8.317571865827525674e-07,1.000000000000000000e+00,4.460635302054726716e-13,1.000526135869264976e+00,8.313198691568392245e-07
6.400000000000000000e+01,8.000000000000000444e-01,5.603352579181767462e-04,1.094404800621438957e-06,8.800029466914229740e-07,8.804929957503621127e-07,1.000000000000000000e+00,5.002525846939828278e-13,1.000556943814558508e+00,8.800029555675175448e-07
6.400000000000000000e+01,8.000000000000000444e-01,5.931674265369761166e-04,1.158530129955031478e-06,9.315352929064810119e-07,9.320844208760126560e-07,1.000000000000000000e+00,5.598195997404565357e-13,1.000589548471225498e+00,9.315353034677494312e-07
6.400000000000000000e+01,8.000000000000000444e-01,6.279233564771997131e-04,1.226412805619530690e-06,9.860834559027727832e-07,9.866987833326151678e-07,1.000000000000000000e+00,6.281464941484367046e-13,1.000624057252849752e+00,9.860834686784085198e-07
6.400000000000000000e+01,8.000000000000000444e-01,6.647157682132329029e-04,1.298272984791470514e-06,1.043823704024925085e-06,1.044513208487120142e-06,1.000000000000000000e+00,7.031463862140120512e-13,1.000660584655548746e+00,1.043823718845707049e-06
6.400000000000000000e+01,8.000000000000000444e-01,7.036639869397055130e-04,1.374343724491612330e-06,1.104942579258882258e-06,1.105715200153723281e-06,1.000000000000000000e+00,7.879118285601134279e-13,1.000699253476540207e+00,1.104942596809057641e-06
6.400000000000000000e+01,8.000000000000000444e-01,7.448943295671098903e-04,1.454871737435761505e-06,1.169637495429875099e-06,1.170503248706467389e-06,1.000000000000000000e+00,8.835489073235629831e-13,1.000740181781097249e+00,1.169637516297174229e-06
6.400000000000000000e+01,8.000000000000000444e-01,7.885405143929560823e-04,1.540118192173742348e-06,1.238117366821673574e-06,1.239087474823459394e-06,1.000000000000000000e+00,9.893511651326695982e-13,1.000783500430635797e+00,1.238117391765177520e-06
6.400000000000000000e+01,8.000000000000000444e-01,8.347440947771210496e-04,1.630359560111564550e-06,1.310603274766786119e-06,1.311690310950517160e-06,1.000000000000000000e+00,1.109158082166822873e-12,1.000829349469128715e+00,1.310603304282019319e-06
6.400000000000000000e+01,8.000000000000000444e-01,8.836549182278764314e-04,1.725888512163821155e-06,1.387329170653444814e-06,1.388547222694345634e-06,1.000000000000000000e+00,1.242492152472007772e-12,1.000877880452492263e+00,1.387329205478562601e-06
6.400000000000000000e+01,8.000000000000000444e-01,9.354316123875102990e-04,1.827014867944356053e-06,1.468542620456585084e-06,1.469907472484879881e-06,1.000000000000000000e+00,1.391449904309464413e-12,1.000929248893129397e+00,1.468542661672372065e-06
6.400000000000000000e+01,8.000000000000000444e-01,9.902420994936900981e-04,1.934066600573613473e-06,1.554505591459146447e-06,1.556034927983502419e-06,1.000000000000000000e+00,1.559338876323297386e-12,1.000983619085964449e+00,1.554505640395700575e-06
6.400000000000000000e+01,8.000000000000000444e-01,1.048264140985069462e-03,2.047390900361463794e-06,1.645495283384362269e-06,1.647208917858964604e-06,1.000000000000000000e+00,1.748246137552224399e-12,1.001041162694171760e+00,1.645495341668526575e-06
6.400000000000000000e+01,8.000000000000000444e-01,1.109685914017400190e-03,2.167355300815234745e-06,1.741805007491999561e-06,1.743725137706463541e-06,1.000000000000000000e+00,1.957443842529545680e-12,1.001102067089703951e+00,1.741805076478803356e-06
6.400000000000000000e+01,8.000000000000000444e-01,1.174706621759917394e-03,2.294348870624838660e-06,1.843745113194731481e-06,1.845896609047961189e-06,1.000000000000000000e+00,2.193180492397251761e-12,1.001166529528376259e+00,1.843745195057510536e-06
6.400000000000000000e+01,8.000000000000000444e-01,1.243537139451298453e-03,2.428783475490817291e-06,1.951643970632654969e-06,1.954054694523964243e-06,1.000000000000000000e+00,2.457103851753600586e-12,1.001234754048169862e+00,1.951644067666608108e-06
6.400000000000000000e+01,8.000000000000000444e-01,1.316400698310495705e-03,2.571095113887686924e-06,2.065849005875618592e-06,2.068550172569245176e-06,1.000000000000000000e+00,2.754157369450415129e-12,1.001306962351598884e+00,2.065849120753766226e-06
6.400000000000000000e+01,8.000000000000000444e-01,1.393533609520497410e-03,2.721745331094721504e-06,2.186727795193050127e-06,2.189754375057889162e-06,1.000000000000000000e+00,3.084178795649103088e-12,1.001383384764018558e+00,2.186727931468676835e-06
6.400000000000000000e+01,8.000000000000000444e-01,1.475186030633041752e-03,2.881222716080159671e-06,2.314669222166465688e-06,2.318060391607275489e-06,1.000000000000000000e+00,3.455769743032586799e-12,1.001464265649254060e+00,2.314669383681920866e-06
6.400000000000000000e+01,8.000000000000000444e-01,1.561622776879899961e-03,3.050044486093554611e-06,2.450084697201060976e-06,2.453884344446815686e-06,1.000000000000000000e+00,3.871838859349617144e-12,1.001549865275606521e+00,2.450084888798701965e-06
6.400000000000000000e+01,8.000000000000000444e-01,1.653124180021955198e-03,3.228758164105381247e-06,2.593409447430520681e-06,2.597666737986067968e-06,1.000000000000000000e+00,4.336812440528162991e-12,1.001640455262524654e+00,2.593409674816151571e-06
6.400000000000000000e+01,8.000000000000000444e-01,1.749986997521511605e-03,3.417943354534202354e-06,2.745103877681795208e-06,2.749873887459176942e-06,1.000000000000000000e+00,4.858317639106594061e-12,1.001736326814707922e+00,2.745104147234301693e-06
6.400000000000000000e+01,8.000000000000000444e-01,1.852525374986460985e-03,3.618213623020431611e-06,2.905655005831170270e-06,2.910999431279013825e-06,1.000000000000000000e+00,5.443573018955881461e-12,1.001837786748829728e+00,2.905655325596985879e-06
6.400000000000000000e+01,8.000000000000000444e-01,1.961071865007693506e-03,3.830218486343151380e-06,3.075577980323960873e-06,3.081565932005866489e-06,1.000000000000000000e+00,6.097450613045196826e-12,1.001945156606034004e+00,3.075578359609544594e-06
6.400000000000000000e+01,8.000000000000000444e-01,2.075978505694076916e-03,4.054645518933743976e-06,3.255417679414568485e-06,3.262126571122989611e-06,1.000000000000000000e+00,6.830471465173865481e-12,1.002058781157238343e+00,3.255418128955244267e-06
6.400000000000000000e+01,8.000000000000000444e-01,2.197617962402874207e-03,4.292222582818113686e-06,3.445750397901000446e-06,3.453266943115457029e-06,1.000000000000000000e+00,7.651703201969714170e-12,1.002179021966355776e+00,3.445750931110875015e-06
6.400000000000000000e+01,8.000000000000000444e-01,2.326384736368487804e-03,4.543720188219702743e-06,3.647185629348517063e-06,3.655606954670912157e-06,1.000000000000000000e+00,8.570859809234879809e-12,1.002306259828273483e+00,3.647186261644265568e-06
6.400000000000000000e+01,8.000000000000000444e-01,2.462696444149342634e-03,4.809953992479184832e-06,3.860367942027201077e-06,3.869802835161693511e-06,1.000000000000000000e+00,9.601173027760790119e-12,1.002440900042977034e+00,3.860368691661141780e-06
6.400000000000000000e+01,8.000000000000000444e-01,2.606995172042413707e-03,5.091787445395339272e-06,4.085978958778825238e-06,4.096549264928727219e-06,1.000000000000000000e+00,1.075326266495324572e-11,1.002583371783885013e+00,4.085979847255759678e-06
6.400000000000000000e+01,8.000000000000000444e-01,2.759748909858054152e-03,5.390134589566512016e-06,4.324739442368765111e-06,4.336581628269673235e-06,1.000000000000000000e+00,1.204483268240970138e-11,1.002734125137216381e+00,4.324740496007938193e-06
6.400000000000000000e+01,8.000000000000000444e-01,2.921453068705111115e-03,5.705963024814670147e-06,4.577411496760718369e-06,4.590678398438164779e-06,1.000000000000000000e+00,1.349153745985193337e-11,1.002893636885183071e+00,4.577412745757416401e-06
6.400000000000000000e+01,8.000000000000000444e-01,3.092632087708840297e-03,6.040297046306328706e-06,4.844800880319181908e-06,4.859663662389217499e-06,1.000000000000000000e+00,1.510959904091195040e-11,1.003062412569327932e+00,4.844802361074255316e-06
6.400000000000000000e+01,8.000000000000000444e-01,3.273841134872520695e-03,6.394220966547891981e-06,5.127759447817158325e-06,5.144409793459050018e-06,1.000000000000000000e+00,1.692308460562426115e-11,1.003240984442129502e+00,5.127761203029301658e-06
6.400000000000000000e+01,8.000000000000000444e-01,3.465667907598986817e-03,6.768882632029271128e-06,5.427187717476538742e-06,5.445840280647336482e-06,1.000000000000000000e+00,1.895218466608460051e-11,1.003429915978777842e+00,5.427189798050624561e-06
6.400000000000000000e+01,8.000000000000000444e-01,3.668734538711582605e-03,7.165497145921059776e-06,5.744037575700244692e-06,5.764932723677883721e-06,1.000000000000000000e+00,2.122508876260953891e-11,1.003629801116119324e+00,5.744040041828359536e-06
6.400000000000000000e+01,8.000000000000000444e-01,3.883699614156077996e-03,7.585350808898589835e-06,6.079315121497316417e-06,6.102722003551229894e-06,1.000000000000000000e+00,2.376933248092037304e-11,1.003841268362684502e+00,6.079318044399380471e-06
6.400000000000000000e+01,8.000000000000000444e-01,4.111260308927418630e-03,8.029805290873864512e-06,6.434083658375609727e-06,6.460303638871971788e-06,1.000000000000000000e+00,2.661566174225884549e-11,1.004064980626473869e+00,6.434087122703108100e-06
6.400000000000000000e+01,8.000000000000000444e-01,4.352154648148519669e-03,8.500302047165077479e-06,6.809466841255110313e-06,6.838837338836046279e-06,1.000000000000000000e+00,2.980552957230196977e-11,1.004301637217892562e+00,6.809470947047293604e-06
6.400000000000000000e+01,8.000000000000000444e-01,4.607163900634233047e-03,8.998366993426236421e-06,7.206651982624544978e-06,7.239550764400985203e-06,1.000000000000000000e+00,3.337203026214125128e-11,1.004551978039685878e+00,7.206656848055457074e-06
6.400000000000000000e+01,8.000000000000000444e-01,4.877115112703341894e-03,9.525615454498714637e-06,7.626893525273051976e-06,7.663743509837467574e-06,1.000000000000000000e+00,3.736673563442436061e-11,1.004816783220782384e+00,7.626899290782796035e-06
6.400000000000000000e+01,8.000000000000000444e-01,5.162883790456176264e-03,1.008375740323471927e-05,8.071516691149617587e-06,8.112791317575020401e-06,1.000000000000000000e+00,4.183592051762495865e-11,1.005096875156951342e+00,8.071523522780557928e-06
6.400000000000000000e+01,8.000000000000000444e-01,5.465396739217068603e-03,1.067460300628333712e-05,8.541921308798037293e-06,8.588150540011544150e-06,1.000000000000000000e+00,4.683824248915635362e-11,1.005393123072593653e+00,8.541929402957304824e-06
6.400000000000000000e+01,8.000000000000000444e-01,5.785635069350520895e-03,1.130006849482523612e-05,9.039585828477124840e-06,9.091362862757209406e-06,1.000000000000000000e+00,5.243434358512181268e-11,1.005706442964203973e+00,9.039595418123958959e-06
6.400000000000000000e+01,8.000000000000000444e-01,6.124637378199508653e-03,1.196218237929591534e-05,9.566071533632458066e-06,9.624060304631054685e-06,1.000000000000000000e+00,5.869679816923255974e-11,1.006037800636697455e+00,9.566082894113490321e-06
6.400000000000000000e+01,8.000000000000000444e-01,6.483503118465689351e-03,1.266309202825329951e-05,1.012302695116935866e-05,1.018797051062648471e-05,1.000000000000000000e+00,6.570265489403571208e-11,1.006388215607287862e+00,1.012304040833102338e-05
6.400000000000000000e+01,8.000000000000000444e-01,6.863396163955718700e-03,1.340507063272601309e-05,1.071219247074920965e-05,1.078492235501156344e-05,1.000000000000000000e+00,7.354033906417711223e-11,1.006758761656932677e+00,1.071220841050884183e-05
6.400000000000000000e+01,8.000000000000000444e-01,7.265548584258207931e-03,1.419052457862931237e-05,1.133540517977936536e-05,1.141685187273629591e-05,1.000000000000000000e+00,8.230608102305474261e-11,1.007150570428613889e+00,1.133542405830891181e-05
6.400000000000000000e+01,8.000000000000000444e-01,7.691264640593328122e-03,1.502200125115884399e-05,1.199460391743715034e-05,1.208580853838355412e-05,1.000000000000000000e+00,9.211275639840602995e-11,1.007564835658264712e+00,1.199462627422454136e-05
6.400000000000000000e+01,8.000000000000000444e-01,8.141925015794354917e-03,1.590219729647334945e-05,1.269183455595448359e-05,1.279396191302748626e-05,1.000000000000000000e+00,1.030777785416611856e-10,1.008002812864454256e+00,1.269186102997660905e-05
6.400000000000000000e+01,8.000000000000000444e-01,8.618991292139962720e-03,1.683396736746086469e-05,1.342925551894525924e-05,1.354360868055670770e-05,1.000000000000000000e+00,1.153392158397360430e-10,1.008465825483355616e+00,1.342928686427017990e-05
6.400000000000000000e+01,8.000000000000000444e-01,9.124010691559632583e-03,1.782033338195240739e-05,1.420914352968315989e-05,1.433718009628226646e-05,1.000000000000000000e+00,1.290496985720174978e-10,1.008955266748046142e+00,1.420918063936533718e-05
6.400000000000000000e+01,8.000000000000000444e-01,9.658621093585695663e-03,1.886449432340956184e-05,1.503389961288163005e-05,1.517724987198781691e-05,1.000000000000000000e+00,1.443743921846055068e-10,1.009472601829827454e+00,1.503394354141399629e-05
6.400000000000000000e+01,8.000000000000000444e-01,1.022455634732624165e-02,1.996983661587156572e-05,1.590605533489288371e-05,1.606654252299483270e-05,1.000000000000000000e+00,1.615055630984789256e-10,1.010019373629084782e+00,1.590610732891163399e-05
6.400000000000000000e+01,8.000000000000000444e-01,1.082365189468666861e-02,2.113994510680989962e-05,1.682827930032969251e-05,1.700794220431403538e-05,1.000000000000000000e+00,1.806519046642612436e-10,1.010597203631121488e+00,1.682834083290009637e-05
6.400000000000000000e+01,8.000000000000000444e-01,1.145785072307706903e-02,2.237861469350990045e-05,1.780338390068856422e-05,1.800450206454038248e-05,1.000000000000000000e+00,2.020450467743935512e-10,1.011207796797862102e+00,1.780345671172468844e-05
6.400000000000000000e+01,8.000000000000000444e-01,1.212920966691142383e-02,2.368986263068637466e-05,1.883433231766056844e-05,1.905945414782840163e-05,1.000000000000000000e+00,2.259480424094511459e-10,1.011852944702233970e+00,1.883441846218475386e-05
6.400000000000000000e+01,8.000000000000000444e-01,1.283990607833545433e-02,2.507794155924893424e-05,1.992424578359601507e-05,2.017621987606168490e-05,1.000000000000000000e+00,2.526485029736499772e-10,1.012534529078990886e+00,1.992434768781095003e-05
6.400000000000000000e+01,8.000000000000000444e-01,1.359224488881775883e-02,2.654735329847218521e-05,2.107641109581842741e-05,2.135842114521251917e-05,1.000000000000000000e+00,2.824717150079461517e-10,1.013254528239080798e+00,2.107653162374472383e-05
6.400000000000000000e+01,8.000000000000000444e-01,1.438866608450638067e-02,2.810286344630152474e-05,2.229428837837688321e-05,2.260989207187935135e-05,2.000000000000000000e+00,5.647761124187565847e-16,1.014015009932350608e+00,2.229443091627381470e-05
6.400000000000000000e+01,8.000000000000000444e-01,1.523175261959480199e-02,2.974951683514609764e-05,2.358151912457559849e-05,2.393469142809833414e-05,2.000000000000000000e+00,6.412995509094313625e-16,1.014818148404124543e+00,2.358168765348261131e-05
6.400000000000000000e+01,8.000000000000000444e-01,1.612423879336222568e-02,3.149265389328559703e-05,2.494193441950450429e-05,2.533711580475786430e-05,2.000000000000000000e+00,5.931216339341614160e-16,1.015666227839624014e+00,2.494213364169898427e-05
6.400000000000000000e+01,8.000000000000000444e-01,1.706901911805626740e-02,3.333792796495364726e-05,2.637956346162677912e-05,2.682171354630731965e-05,2.000000000000000000e+00,5.155012600077673856e-16,1.016561633322041303e+00,2.637979892044776844e-05
6.400000000000000000e+01,8.000000000000000444e-01,1.806915770637863156e-02,3.529132364527076476e-05,2.789864227754660047e-05,2.839329950195333929e-05,2.000000000000000000e+00,1.273370868789793362e-15,1.017506864592604643e+00,2.789892050645272501e-05
6.400000000000000000e+01,8.000000000000000444e-01,1.912789820901918125e-02,3.735917618949058838e-05,2.950362265908998373e-05,3.005697064118468460e-05,2.000000000000000000e+00,1.010118552117010987e-15,1.018504536863403587e+00,2.950395135485309628e-05
6.400000000000000000e+01,8.000000000000000444e-01,2.024867433446772905e-02,3.954819205950728329e-05,3.119918129654519035e-05,3.181812258426976062e-05,2.000000000000000000e+00,7.467710864990053307e-16,1.019557384868235772e+00,3.119956952321692082e-05
6.400000000000000000e+01,8.000000000000000444e-01,2.143512098522172907e-02,4.186547067426118958e-05,3.299022909301560242e-05,3.368246710133907386e-05,2.000000000000000000e+00,9.068485874109995212e-16,1.020668265550959575e+00,3.299068752113953499e-05
6.400000000000000000e+01,8.000000000000000444e-01,2.269108604650639863e-02,4.431852743458280982e-05,3.488192063973533867e-05,3.565605063680492856e-05,2.000000000000000000e+00,1.228998566088912546e-15,1.021840161235253674e+00,3.488246182521327366e-05
6.400000000000000000e+01,8.000000000000000444e-01,2.402064286574080720e-02,4.691531809715001407e-05,3.687966382531857740e-05,3.774527391919736804e-05,2.000000000000000000e+00,6.994908115132268156e-16,1.023076182740155105e+00,3.688030253595215430e-05
6.400000000000000000e+01,8.000000000000000444e-01,2.542810346322318948e-02,4.966426457660779196e-05,3.898912955325086735e-05,3.995691272001475596e-05,2.000000000000000000e+00,5.286275444692719563e-16,1.024379572136801642e+00,3.898988314986138315e-05
6.400000000000000000e+01,8.000000000000000444e-01,2.691803251688043921e-02,5.257428225953210784e-05,4.121626153394163182e-05,4.229813982891415439e-05,2.000000000000000000e+00,9.519361905185343840e-16,1.025753705110567182e+00,4.121715041627425951e-05
6.400000000000000000e+01,8.000000000000000444e-01,2.849526216643718732e-02,5.565480891882263148e-05,4.356728611832839579e-05,4.477654831651160637e-05,2.000000000000000000e+00,5.524221737766113493e-16,1.027202092552926160e+00,4.356833424486112526e-05
6.400000000000000000e+01,8.000000000000000444e-01,3.016490768501702349e-02,5.891583532229887401e-05,4.604872213292304263e-05,4.740017616023762208e-05,2.000000000000000000e+00,1.198006621347861087e-15,1.028728382248907280e+00,4.604995762587369194e-05
6.400000000000000000e+01,8.000000000000000444e-01,3.193238406900286708e-02,6.236793763477122476e-05,4.866739067131033831e-05,5.017753231311594702e-05,2.000000000000000000e+00,1.129455182717685472e-15,1.030336360270030838e+00,4.866884652126712146e-05
6.400000000000000000e+01,8.000000000000000444e-01,3.380342359995963664e-02,6.602231171867116531e-05,5.143042479445013841e-05,5.311762430001006437e-05,2.000000000000000000e+00,6.233560837066212796e-16,1.032029951254624933e+00,5.143213968087739741e-05
6.400000000000000000e+01,8.000000000000000444e-01,3.578409443557683395e-02,6.989080944448600380e-05,5.434527909014145509e-05,5.622998743083882929e-05,2.000000000000000000e+00,4.718763414320446975e-16,1.033813218025773750e+00,5.434729833389223774e-05
6.400000000000000000e+01,8.000000000000000444e-01,3.788082028992501710e-02,7.398597712875979902e-05,5.741973903357418561e-05,5.952471572550533275e-05,2.000000000000000000e+00,3.549008000386966470e-16,1.035690361016548877e+00,5.742211570199404696e-05
6.400000000000000000e+01,8.000000000000000444e-01,4.010040126685306128e-02,7.832109622432238531e-05,6.066193008801287414e-05,6.301249465083447914e-05,2.000000000000000000e+00,9.642153514690707813e-16,1.037665716618146661e+00,6.066472627685580188e-05
6.400000000000000000e+01,8.000000000000000444e-01,4.245003591409328425e-02,8.291022639471344580e-05,6.408032648377386370e-05,6.670463577569207912e-05,2.000000000000000000e+00,8.927073394806642210e-16,1.039743754474873327e+00,6.408361480122233154e-05
6.400000000000000000e+01,8.000000000000000444e-01,4.493734456960023216e-02,8.776825111250045343e-05,6.768375960700054588e-05,7.061311345667876775e-05,2.000000000000000000e+00,1.079906200636513645e-15,1.041929074094909424e+00,6.768762488970620069e-05
6.400000000000000000e+01,8.000000000000000444e-01,4.757039407584002372e-02,9.291092592937504632e-05,7.148142592708139420e-05,7.475060367337798314e-05,2.000000000000000000e+00,4.783894855343035408e-16,1.044226400034464319e+00,7.148596722278111298e-05
6.400000000000000000e+01,8.000000000000000444e-01,5.035772394218369225e-02,9.835492957457752392e-05,7.548289439289177264e-05,7.913052513910836909e-05,2.000000000000000000e+00,1.074936502280209851e-15,1.046640576271940404e+00,7.548822724538188785e-05
6.400000000000000000e+01,8.000000000000000444e-01,5.330837404025447201e-02,1.041179180473720157e-04,7.969811321738579232e-05,8.376708282051133984e-05,2.000000000000000000e+00,4.136440942644147713e-16,1.049176559162717126e+00,7.970437230015097547e-05
6.400000000000000000e+01,8.000000000000000444e-01,5.643191392205009621e-02,1.102185818790040942e-04,8.413741598161397989e-05,8.867531400711565223e-05,2.000000000000000000e+00,7.371882990530650407e-16,1.051839408891069638e+00,8.414475812483557303e-05
6.400000000000000000e+01,8.000000000000000444e-01,5.973847385592609416e-02,1.166767067498556527e-04,8.881152697636589244e-05,9.387113708029398446e-05,2.000000000000000000e+00,1.210934917065616147e-15,1.054634279749311787e+00,8.882013464378483005e-05
6.400000000000000000e+01,8.000000000000000444e-01,6.323877768109410769e-02,1.235132376583869291e-04,9.373156571051848333e-05,9.937140313977633024e-05,2.000000000000000000e+00,4.253022590909152786e-16,1.057566408514858836e+00,9.374165098505170821e-05
6.400000000000000000e+01,8.000000000000000444e-01,6.694417758719040101e-02,1.307503468499812520e-04,9.890905051250753173e-05,1.051939506551573039e-04,2.000000000000000000e+00,1.251124320107893015e-15,1.060641101360289440e+00,9.892085965742374585e-05
6.400000000000000000e+01,8.000000000000000444e-01,7.086669093171107936e-02,1.384115057259982019e-04,1.043559011560011792e-04,1.113576633196423888e-04,2.000000000000000000e+00,4.142807048762065925e-16,1.063863719113275152e+00,1.043697198259105645e-04
6.400000000000000000e+01,8.000000000000000444e-01,7.501903921472066750e-02,1.465215609662513037e-04,1.100844404455170519e-04,1.178825312936649538e-04,2.000000000000000000e+00,5.814235821551441650e-16,1.067239660715884497e+00,1.101005996299305134e-04
6.400000000000000000e+01,8.000000000000000444e-01,7.941468933723659640e-02,1.551068151117902273e-04,1.161073947057151114e-04,1.247897160369988592e-04,2.000000000000000000e+00,8.532711827183971701e-16,1.070774344512035015e+00,1.161262774957698310e-04
6.400000000000000000e+01,8.000000000000000444e-01,8.406789727709901294e-02,1.641951118693340097e-04,1.224378931291981011e-04,1.321016189396306145e-04,2.000000000000000000e+00,9.511848262051084158e-16,1.074473187918631112e+00,1.224599424039103353e-04
6.400000000000000000e+01,8.000000000000000444e-01,8.899375432397552133e-02,1.738159264140146901e-04,1.290894659392002105e-04,1.398419539739747717e-04,2.000000000000000000e+00,7.977402109663041055e-16,1.078341585314401385e+00,1.291151930825922998e-04
6.400000000000000000e+01,8.000000000000000444e-01,9.420823602345042291e-02,1.840004609833016073e-04,1.360760413455230911e-04,1.480358246040584043e-04,2.000000000000000000e+00,6.846320842609143081e-16,1.082384883687407040e+00,1.361060361115037486e-04
6.400000000000000000e+01,8.000000000000000444e-01,9.972825398893286897e-02,1.947817460721345097e-04,1.434119412813974169e-04,1.567098052011051666e-04,2.000000000000000000e+00,4.742521441260809303e-16,1.086608356480933679e+00,1.434468829337418884e-04
6.400000000000000000e+01,8.000000000000000444e-01,1.055717107494232310e-01,2.061947475574672480e-04,1.511118759249294825e-04,1.658920272295701104e-04,2.000000000000000000e+00,1.017526163114898626e-15,1.091017175679535711e+00,1.511525457900937761e-04
6.400000000000000000e+01,8.000000000000000444e-01,1.117575578110163587e-01,2.182764800996413255e-04,1.591909370254378990e-04,1.756122704831385845e-04,2.000000000000000000e+00,5.861396415668979097e-16,1.095616382021454172e+00,1.592382326070869620e-04
6.400000000000000000e+01,8.000000000000000444e-01,1.183058571204492621e-01,2.310661271883774649e-04,1.676645900769619421e-04,1.859020596665894554e-04,2.000000000000000000e+00,1.371962153634772585e-15,1.100410853707373349e+00,1.677195408889884493e-04
6.400000000000000000e+01,8.000000000000000444e-01,1.252378461300314161e-01,2.446051682227176095e-04,1.765486653940929920e-04,1.967947666367563290e-04,2.000000000000000000e+00,1.101364444817537460e-15,1.105405273413616385e+00,1.766124506837025792e-04
6.400000000000000000e+01,8.000000000000000444e-01,1.325760066749758770e-01,2.589375130370622597e-04,1.858593481783615191e-04,2.083257186341742038e-04,2.000000000000000000e+00,8.575280546675718533e-16,1.110604094051478086e+00,1.859333167130293343e-04
6.400000000000000000e+01,8.000000000000000444e-01,1.403441378865147304e-01,2.741096443095990829e-04,1.956131676685106391e-04,2.205323128564291130e-04,2.000000000000000000e+00,5.274479552716545031e-16,1.116011503681043848e+00,1.956988597786014862e-04
6.400000000000000000e+01,8.000000000000000444e-01,1.485674333772706301e-01,2.901707683149816995e-04,2.058269855024021143e-04,2.334541377447951619e-04,2.000000000000000000e+00,9.116545870225215207e-16,1.121631389363521691e+00,2.059261575755897225e-04
6.400000000000000000e+01,8.000000000000000444e-01,1.572725629492117694e-01,3.071729745101792371e-04,2.165179834336191538e-04,2.471331013775151814e-04,2.000000000000000000e+00,1.433616455668088529e-15,1.127467300467614564e+00,2.166326350664619785e-04
6.400000000000000000e+01,8.000000000000000444e-01,1.664877590891867265e-01,3.251714044710678252e-04,2.277036505689236819e-04,2.616135673861320595e-04,2.000000000000000000e+00,8.385496174111741222e-16,1.133522412097740073e+00,2.278360545861810938e-04
6.400000000000000000e+01,8.000000000000000444e-01,1.762429085325587508e-01,3.442244307276538101e-04,2.394017703016077176e-04,2.769424988356703810e-04,2.000000000000000000e+00,6.362175839972355684e-16,1.139799488787851089e+00,2.395545058676766905e-04
6.400000000000000000e+01,8.000000000000000444e-01,1.865696491919044409e-01,3.643938460779383610e-04,2.516304071455425151e-04,2.931696105353095083e-04,2.000000000000000000e+00,1.321733109760456188e-15,1.146300848513547521e+00,2.518063961917029066e-04
6.400000000000000000e+01,8.000000000000000444e-01,1.975014727651291102e-01,3.857450639943927934e-04,2.644078936827297930e-04,3.103475302735112331e-04,2.000000000000000000e+00,9.176399063892929908e-16,1.153028328208250741e+00,2.646104408777105082e-04
6.400000000000000000e+01,8.000000000000000444e-01,2.090738333557825290e-01,4.083473307730127520e-04,2.777528178387266250e-04,3.285319695005280518e-04,2.000000000000000000e+00,7.231843148635086842e-16,1.159983250887492545e+00,2.779856543416855063e-04
6.400000000000000000e+01,8.000000000000000444e-01,2.213242624578508622e-01,4.322739501129899652e-04,2.916840107227614454e-04,3.477819040118463613e-04,2.000000000000000000e+00,8.824736692227537404e-16,1.167166394597961343e+00,2.919513419525347395e-04
6.400000000000000000e+01,8.000000000000000444e-01,2.342924906779438321e-01,4.576025208553590471e-04,3.062205352629406387e-04,3.681597652185588298e-04,2.000000000000000000e+00,1.561012466259081611e-15,1.174577964252961237e+00,3.065270929202058327e-04
6.400000000000000000e+01,8.000000000000000444e-01,2.480205765896463799e-01,4.844151886516530857e-04,3.213816758620841583e-04,3.897316426249925391e-04,2.000000000000000000e+00,8.550345628935872380e-16,1.182217566609804038e+00,3.217327744460368971e-04
6.400000000000000000e+01,8.000000000000000444e-01,2.625530431379359264e-01,5.127989123787811063e-04,3.371869293013152148e-04,4.125674981702701950e-04,2.000000000000000000e+00,1.160082432437274183e-15,1.190084188633642626e+00,3.375885273587036833e-04
6.400000000000000000e+01,8.000000000000000444e-01,2.779370220360519173e-01,5.428457461641639009e-04,3.536559971061289747e-04,4.367413931289566733e-04,2.000000000000000000e+00,1.054151895065642334e-15,1.198176180138474933e+00,3.541147634475424262e-04
6.400000000000000000e+01,8.000000000000000444e-01,2.942224066231261537e-01,5.746531379357932689e-04,3.708087795650514325e-04,4.623317283066756718e-04,2.000000000000000000e+00,1.342866551863876861e-15,1.206491240817356925e+00,3.713321646891201851e-04
6.400000000000000000e+01,8.000000000000000444e-01,3.114620136783188831e-01,6.083242454654665685e-04,3.886653715883827374e-04,4.894214983096946978e-04,2.000000000000000000e+00,9.469971530703224978e-16,1.215026412213223495e+00,3.892616845429372127e-04
6.400000000000000000e+01,8.000000000000000444e-01,3.297117547162647933e-01,6.439682709302046743e-04,4.072460605488122717e-04,5.180985607131383943e-04,2.000000000000000000e+00,8.800796330239952966e-16,1.223778075001234811e+00,4.079245514685416146e-04
6.400000000000000000e+01,8.000000000000000444e-01,3.490308173193633068e-01,6.817008150768814586e-04,4.265713262388613845e-04,5.484559210007806246e-04,2.000000000000000000e+00,1.032347487858837010e-15,1.232741951471583164e+00,4.273422747895650603e-04
6.400000000000000000e+01,8.000000000000000444e-01,3.694818570950185732e-01,7.216442521387081508e-04,4.466618430404072299e-04,5.805920342005428973e-04,2.000000000000000000e+00,1.032760903306498729e-15,1.241913113922056056e+00,4.475366530009958384e-04
6.400000000000000000e+01,8.000000000000000444e-01,3.911312008803817797e-01,7.639281267194956634e-04,4.675384843633910653e-04,6.146111241939615803e-04,2.000000000000000000e+00,1.070044458274082893e-15,1.251285998692415191e+00,4.685297845850552628e-04
6.400000000000000000e+01,8.000000000000000444e-01,4.140490618536304401e-01,8.086895739328719534e-04,4.892223293937708172e-04,6.506235217352076845e-04,2.000000000000000000e+00,6.976402834369041443e-16,1.260854425881886343e+00,4.903440813691682188e-04
6.400000000000000000e+01,8.000000000000000444e-01,4.383097672494332686e-01,8.560737641590493528e-04,5.117346721395222252e-04,6.887460222759227060e-04,2.000000000000000000e+00,1.289674658546551845e-15,1.270611624858281274e+00,5.130022844275539161e-04
6.400000000000000000e+01,8.000000000000000444e-01,4.639919994171286532e-01,9.062343738615794009e-04,5.350970327406671685e-04,7.291022647563709337e-04,2.000000000000000000e+00,1.047343195327041213e-15,1.280550265067121884e+00,5.365274824967278689e-04
6.400000000000000000e+01,8.000000000000000444e-01,4.911790510034159118e-01,9.593340839910467028e-04,5.593311709764906036e-04,7.718231325914005729e-04,2.000000000000000000e+00,1.108135372291274841e-15,1.290662492140527640e+00,5.609431328455240229e-04
6.400000000000000000e+01,8.000000000000000444e-01,5.199590950871684214e-01,1.015545107592125823e-03,5.844591018638296094e-04,8.170471781516946757e-04,2.000000000000000000e+00,1.078809186678308301e-15,1.300939968771994693e+00,5.862730845128227408e-04
6.400000000000000000e+01,8.000000000000000444e-01,5.504254711424723112e-01,1.075049748325141233e-03,6.105031132274915976e-04,8.649210721169907053e-04,2.000000000000000000e+00,7.853231617084668597e-16,1.311373919912337094e+00,6.125416038017030560e-04
6.400000000000000000e+01,8.000000000000000444e-01,5.826769877573176881e-01,1.138040991713511110e-03,6.374857850847900648e-04,9.156000791586010358e-04,2.000000000000000000e+00,1.249064948226655992e-15,1.321955181839961746e+00,6.397734018977057095e-04
6.400000000000000000e+01,8.000000000000000444e-01,6.168182430897385382e-01,1.204723131034645582e-03,6.654300106777929092e-04,9.692485614939941232e-04,2.000000000000000000e+00,1.073635743812587441e-15,1.332674254454828677e+00,6.679936644617797325e-04
6.400000000000000000e+01,8.000000000000000444e-01,6.529599641006821331e-01,1.275312429884144791e-03,6.943590189606856393e-04,1.026040511946532674e-03,2.000000000000000000e+00,1.235736410781973060e-15,1.343521356139881107e+00,6.972280830354506262e-04
6.400000000000000000e+01,8.000000000000000444e-01,6.912193656638249140e-01,1.350037823562158035e-03,7.242963983485750787e-04,1.086160118239211901e-03,2.000000000000000000e+00,1.444520612807968675e-15,1.354486480522377967e+00,7.275028880870586332e-04
6.400000000000000000e+01,8.000000000000000444e-01,7.317205307169941664e-01,1.429141661556629231e-03,7.552661215154129548e-04,1.149802360352508148e-03,2.000000000000000000e+00,1.045742362018265598e-15,1.365559454504296166e+00,7.588448835234235315e-04
6.400000000000000000e+01,8.000000000000000444e-01,7.745948126881027074e-01,1.512880493531450600e-03,7.872925710336275930e-04,1.217173642883688121e-03,2.000000000000000000e+00,8.908641865312063118e-16,1.376729996769711306e+00,7.912814824909460837e-04
6.400000000000000000e+01,8.000000000000000444e-01,8.199812615007467942e-01,1.601525901368646082e-03,8.204005656442842249e-04,1.288492464458451539e-03,2.000000000000000000e+00,1.344190054287053198e-15,1.387987776147997065e+00,8.248407442936509871e-04
6.400000000000000000e+01,8.000000000000000444e-01,8.680270745410885169e-01,1.695365379963063510e-03,8.546153869523785349e-04,1.363990126365940752e-03,2.000000000000000000e+00,9.049731817619080229e-16,1.399322469079798736e+00,8.595514122626731748e-04
6.400000000000000000e+01,8.000000000000000444e-01,9.188880740485970700e-01,1.794703269626166152e-03,8.899628063520989172e-04,1.443911482715362887e-03,2.000000000000000000e+00,1.364025599483343442e-15,1.410723815609492782e+00,8.954429524217528838e-04
6.400000000000000000e+01,8.000000000000000444e-01,9.727292124789292949e-01,1.899861743122908779e-03,9.264691119924411142e-04,1.528515734547139949e-03,2.000000000000000000e+00,9.779847275731186345e-16,1.422181673390426448e+00,9.325455928059321739e-04
6.400000000000000000e+01,8.000000000000000444e-01,1.029725107477926116e+00,2.011181850542824445e-03,9.641611356075658126e-04,1.618077270474026089e-03,2.000000000000000000e+00,9.428584942509426258e-16,1.433686069007132691e+00,9.708903633053419429e-04
6.400000000000000000e+01,8.000000000000000444e-01,1.090060608201786296e+00,2.129024625394113860e-03,1.003066279058059153e-03,1.712886556578609209e-03,2.000000000000000000e+00,1.253954631421004877e-15,1.445227246288409262e+00,1.010509135922208531e-03
6.400000000000000000e+01,8.000000000000000444e-01,1.153931394820068457e+00,2.253772255507946205e-03,1.043212540431255261e-03,1.813251078453253541e-03,2.000000000000000000e+00,9.708004590317044320e-16,1.456795711251624548e+00,1.051434665346399682e-03
6.400000000000000000e+01,8.000000000000000444e-01,1.221544613145857161e+00,2.385829322550502268e-03,1.084628539576998991e-03,1.919496338437750834e-03,2.000000000000000000e+00,1.135844629705898739e-15,1.468382273160116824e+00,1.093700629772626593e-03
6.400000000000000000e+01,8.000000000000000444e-01,1.293119546451316548e+00,2.525624114162727633e-03,1.127343542971225975e-03,2.031966911288904647e-03,2.000000000000000000e+00,1.134036510853888900e-15,1.479978081756574415e+00,1.137341671900200238e-03
6.400000000000000000e+01,8.000000000000000444e-01,1.368888326647465625e+00,2.673610012983331299e-03,1.171387487800399762e-03,2.151027561705801897e-03,2.000000000000000000e+00,1.217982367896958249e-15,1.491574660279350262e+00,1.182393440073756631e-03
6.400000000000000000e+01,8.000000000000000444e-01,1.449096687134677097e+00,2.830266967059916206e-03,1.216791005203851075e-03,2.277064427335133076e-03,2.000000000000000000e+00,1.270500096119288330e-15,1.503163934246977362e+00,1.228892629540156425e-03
6.400000000000000000e+01,8.000000000000000444e-01,1.534004759765539072e+00,2.996103046417068500e-03,1.263585442593727305e-03,2.410486271093274444e-03,2.000000000000000000e+00,1.269186823925022795e-15,1.514738256069932731e+00,1.276877023812644611e-03
6.400000000000000000e+01,8.000000000000000444e-01,1.623887918504797634e+00,3.171656090829682879e-03,1.311802885013382391e-03,2.551725806866680588e-03,2.000000000000000000e+00,9.730543649668762312e-16,1.526290425373852955e+00,1.326385536148046336e-03
6.400000000000000000e+01,8.000000000000000444e-01,1.719037672522539584e+00,3.357495454145585125e-03,1.361476175489257159e-03,2.701241102890093639e-03,2.000000000000000000e+00,1.274389255648091756e-15,1.537813705318368029e+00,1.377458251156159696e-03
6.400000000000000000e+01,8.000000000000000444e-01,1.819762611617073755e+00,3.554223850814597178e-03,1.412638934349091284e-03,2.859517067353978519e-03,2.000000000000000000e+00,1.421163686771197176e-15,1.549301834918969334e+00,1.430136466572439575e-03
6.400000000000000000e+01,8.000000000000000444e-01,1.926389407033761714e+00,3.762479310612815847e-03,1.465325577490202104e-03,3.027067021059390815e-03,2.000000000000000000e+00,1.189674265343478009e-15,1.560749037652380267e+00,1.484462735235607400e-03
6.400000000000000000e+01,8.000000000000000444e-01,2.039263870925586364e+00,3.982937247901535867e-03,1.519571333582017420e-03,3.204434362220602399e-03,2.000000000000000000e+00,1.144154230691657752e-15,1.572150026525493516e+00,1.540480907320788918e-03
6.400000000000000000e+01,8.000000000000000444e-01,2.158752077891551213e+00,4.216312652131935963e-03,1.575412260203284693e-03,3.392194328814860174e-03,2.000000000000000000e+00,1.035963130403992239e-15,1.583500005915299269e+00,1.598236172886425286e-03
6.400000000000000000e+01,8.000000000000000444e-01,2.285241552230266482e+00,4.463362406699739222e-03,1.632885258905045558e-03,3.590955864194893873e-03,2.000000000000000000e+00,1.133097548142561976e-15,1.594794670371026513e+00,1.657775104799434325e-03
6.400000000000000000e+01,8.000000000000000444e-01,2.419142524759229307e+00,4.724887743670369740e-03,1.692028089213155461e-03,3.801363592014743963e-03,2.000000000000000000e+00,1.045068129470038295e-15,1.606030200735375502e+00,1.719145702108061408e-03
6.400000000000000000e+01,8.000000000000000444e-01,2.560889263275906824e+00,5.001736842335755516e-03,1.752879381561446440e-03,4.024099906873977554e-03,2.000000000000000000e+00,1.280306044356055224e-15,1.617203257928704119e+00,1.782397433935703143e-03
6.400000000000000000e+01,8.000000000000000444e-01,2.710941480975591844e+00,5.294807580030452820e-03,1.815478649167539095e-03,4.259887187460689728e-03,2.000000000000000000e+00,1.267310110293937519e-15,1.628310974453354376e+00,1.847581283971743522e-03
6.400000000000000000e+01,8.000000000000000444e-01,2.869785827393795508e+00,5.605050444128506851e-03,1.879866298859982337e-03,4.509490139370947621e-03,2.000000000000000000e+00,1.763661857334382408e-15,1.639350944217921935e+00,1.914749795637356224e-03
6.400000000000000000e+01,8.000000000000000444e-01,3.037937466708621415e+00,5.933471614665276200e-03,1.946083640843816959e-03,4.773718275202916590e-03,2.000000000000000000e+00,1.332372720541768466e-15,1.650321210801012128e+00,1.983957118005286267e-03
6.400000000000000000e+01,8.000000000000000444e-01,3.215941748521832455e+00,6.281136227581704014e-03,2.014172897420794632e-03,5.053428539969073360e-03,2.000000000000000000e+00,8.801656251480343449e-16,1.661220254304510036e+00,2.055259052553091905e-03
6.400000000000000000e+01,8.000000000000000444e-01,3.404375976537381554e+00,6.649171829174573348e-03,2.084177210656014759e-03,5.349528090341370765e-03,2.000000000000000000e+00,1.399764690913234918e-15,1.672046977317222627e+00,2.128713100829249423e-03
6.400000000000000000e+01,8.000000000000000444e-01,3.603851280873462848e+00,7.038772032955982125e-03,2.156140648979601795e-03,5.662977236742825458e-03,2.000000000000000000e+00,1.412125633965823005e-15,1.682800690033673163e+00,2.204378513110962466e-03
6.400000000000000000e+01,8.000000000000000444e-01,3.815014600080465001e+00,7.451200390782158206e-03,2.230108212722498647e-03,5.994792557827463564e-03,2.000000000000000000e+00,1.547471712952867065e-15,1.693481094752829819e+00,2.282316338131734363e-03
6.400000000000000000e+01,8.000000000000000444e-01,4.038550779292863879e+00,7.887794490806374764e-03,2.306125838566721719e-03,6.346050197449448933e-03,2.000000000000000000e+00,1.499236118970755418e-15,1.704088270040166719e+00,2.362589473955675062e-03
6.400000000000000000e+01,8.000000000000000444e-01,4.275184791319801114e+00,8.349970295546486551e-03,2.384240402893305234e-03,6.717889354814146272e-03,2.000000000000000000e+00,1.168271831303116978e-15,1.714622654694778703e+00,2.445262720074297194e-03
6.400000000000000000e+01,8.000000000000000444e-01,4.525684087877782424e+00,8.839226734136293798e-03,2.464499724001753718e-03,7.111515979130374546e-03,2.000000000000000000e+00,1.709134001086172814e-15,1.725085031612437092e+00,2.530402830800330613e-03
6.400000000000000000e+01,8.000000000000000444e-01,4.790861088591019445e+00,9.357150563654334854e-03,2.546952563181250663e-03,7.528206680746350743e-03,2.000000000000000000e+00,1.045616762681224236e-15,1.735476511775239317e+00,2.618078570031700473e-03
6.400000000000000000e+01,8.000000000000000444e-01,5.071575815831748990e+00,9.905421515296384746e-03,2.631648624589982919e-03,7.969312871453930816e-03,2.000000000000000000e+00,1.005510623732897229e-15,1.745798518489507956e+00,2.708360767457655086e-03
6.400000000000000000e+01,8.000000000000000444e-01,5.368738683945838197e+00,1.048581774208171523e-02,2.718638553912910115e-03,8.436265147388976107e-03,2.000000000000000000e+00,1.604017346926230959e-15,1.756052771853291006e+00,2.801322376277773883e-03
6.400000000000000000e+01,8.000000000000000444e-01,5.683313451909710601e+00,1.110022158576115352e-02,2.807973935756860953e-03,8.930577928742513757e-03,2.000000000000000000e+00,1.713875755420070927e-15,1.766241273694735270e+00,2.897038532503587449e-03
6.400000000000000000e+01,8.000000000000000444e-01,6.016320348994595335e+00,1.175062568163006901e-02,2.899707289729751107e-03,9.453854371330066772e-03,2.000000000000000000e+00,1.230460060705794709e-15,1.776366292982256567e+00,2.995586615911545025e-03
6.400000000000000000e+01,8.000000000000000444e-01,6.368839383575402913e+00,1.243913942104570881e-02,2.993892065160605378e-03,1.000779156594865972e-02,2.000000000000000000e+00,1.112719195409928031e-15,1.786430351733969246e+00,3.097046312715403919e-03
6.400000000000000000e+01,8.000000000000000444e-01,6.742013845815172601e+00,1.316799579260775899e-02,3.090582634402059235e-03,1.059418604238370441e-02,2.000000000000000000e+00,9.864587024618937748e-16,1.796436211517661974e+00,3.201499680025405789e-03
6.400000000000000000e+01,8.000000000000000444e-01,7.137054015585119870e+00,1.393955862418968725e-02,3.189834284659760506e-03,1.121493959591658707e-02,2.000000000000000000e+00,1.716300290843152137e-15,1.806386860595146970e+00,3.309031212161268626e-03
6.400000000000000000e+01,8.000000000000000444e-01,7.555241087645802267e+00,1.475633024930820755e-02,3.291703208280480960e-03,1.187206545522946112e-02,2.000000000000000000e+00,1.343502469291732269e-15,1.816285501695492854e+00,3.419727908885799098e-03
6.400000000000000000e+01,8.000000000000000444e-01,7.997931326819526454e+00,1.562095962269438761e-02,3.396246491440393055e-03,1.256769481171096138e-02,2.000000000000000000e+00,1.661619563538578029e-15,1.826135540395348755e+00,3.533679345625862639e-03
6.400000000000000000e+01,8.000000000000000444e-01,8.466560466630074444e+00,1.653625091138686415e-02,3.503522101163414251e-03,1.330408373133871482e-02,2.000000000000000000e+00,1.537614688320538893e-15,1.835940574220437327e+00,3.650977745747611795e-03
6.400000000000000000e+01,8.000000000000000444e-01,8.962648365675416784e+00,1.750517258920979841e-02,3.613588870593322303e-03,1.408362047155526861e-02,2.000000000000000000e+00,1.212673480375083250e-15,1.845704382411454958e+00,3.771718054953249275e-03
6.400000000000000000e+01,8.000000000000000444e-01,9.487803936834980689e+00,1.853086706413082166e-02,3.726506482450252580e-03,1.490883322686755059e-02,2.000000000000000000e+00,1.536633969329244548e-15,1.855430916325786939e+00,3.895998017867047594e-03
6.400000000000000000e+01,8.000000000000000444e-01,1.004373036529787377e+01,1.961666086972240972e-02,3.842335450593487543e-03,1.578239832829040137e-02,2.000000000000000000e+00,1.520674593449253562e-15,1.865124290506031457e+00,4.023918256879129539e-03
6.400000000000000000e+01,8.000000000000000444e-01,1.063223063233509258e+01,2.076607545377947769e-02,3.961137099612415530e-03,1.670714892322646902e-02,2.000000000000000000e+00,1.536568652450790152e-15,1.874788774391610957e+00,4.155582353316272619e-03
6.400000000000000000e+01,8.000000000000000444e-01,1.125521336273069295e+01,2.198283859908338467e-02,4.082973542365261367e-03,1.768608416393349300e-02,2.000000000000000000e+00,9.988253513392660705e-16,1.884428784668180867e+00,4.291096931010204146e-03
6.400000000000000000e+01,8.000000000000000444e-01,1.191469901483595351e+01,2.327089651335147169e-02,4.207907655383095330e-03,1.872237893437846828e-02,2.000000000000000000e+00,1.142985496032082385e-15,1.894048878230790933e+00,4.430571742334746092e-03
6.400000000000000000e+01,8.000000000000000444e-01,1.261282643332237008e+01,2.463442662758275406e-02,4.336003052056988660e-03,1.981939414702520164e-02,2.000000000000000000e+00,1.567880027810845654e-15,1.903653745703692834e+00,4.574119756784831604e-03
6.400000000000000000e+01,8.000000000000000444e-01,1.335185978588530809e+01,2.607785114430724235e-02,4.467324053529402213e-03,2.098068764294973645e-02,2.000000000000000000e+00,1.685505925576884113e-15,1.913248205587343875e+00,4.721857252171612895e-03
6.400000000000000000e+01,8.000000000000000444e-01,1.413419590639544232e+01,2.760585137967859828e-02,4.601935657194471292e-03,2.221002573063486293e-02,2.000000000000000000e+00,1.193945348412415312e-15,1.922837198920397839e+00,4.873903908509696903e-03
6.400000000000000000e+01,8.000000000000000444e-01,1.496237206831328415e+01,2.922338294592438310e-02,4.739903502740006914e-03,2.351139540086639307e-02,2.000000000000000000e+00,1.719837412179806910e-15,1.932425784471391239e+00,5.030382904674055196e-03
6.400000000000000000e+01,8.000000000000000444e-01,1.583907421357755752e+01,3.093569182339366702e-02,4.881293835631494646e-03,2.488901725734652196e-02,2.000000000000000000e+00,1.398129102702348803e-15,1.942019134464558761e+00,5.191421017906295253e-03
6.400000000000000000e+01,8.000000000000000444e-01,1.676714566365538417e+01,3.274833137432692221e-02,5.026173467968493049e-03,2.634735920496091705e-02,2.000000000000000000e+00,2.268903945622266822e-15,1.951622530751137674e+00,5.357148726251708890e-03
6.400000000000000000e+01,8.000000000000000444e-01,1.774959634100596162e+01,3.466718035352726879e-02,5.174609736625080531e-03,2.789115094009335036e-02,2.000000000000000000e+00,1.509093966568174138e-15,1.961241361481512513e+00,5.527700314010751403e-03
6.400000000000000000e+01,8.000000000000000444e-01,1.878961253086462335e+01,3.669846197434496748e-02,5.326670458596655805e-03,2.952539928998256999e-02,2.000000000000000000e+00,1.934757218561639949e-15,1.970881118213604566e+00,5.703213980290734383e-03
6.400000000000000000e+01,8.000000000000000444e-01,1.989056721500719505e+01,3.884876409181092782e-02,5.482423883474651233e-03,3.125540445087080649e-02,2.000000000000000000e+00,2.242806177451058035e-15,1.980547393399127998e+00,5.883831950745989706e-03
6.400000000000000000e+01,8.000000000000000444e-01,2.105603101100847852e+01,4.112506056837593460e-02,5.641938642982251631e-03,3.308677717760649672e-02,2.000000000000000000e+00,3.010438816906066506e-15,1.990245878335045404e+00,6.069700592596865597e-03
6.400000000000000000e+01,8.000000000000000444e-01,2.228978375247357135e+01,4.353473389154994405e-02,5.805283697481750799e-03,3.502545698045133465e-02,2.000000000000000000e+00,2.439112976084702051e-15,1.999982361471182912e+00,6.260970533020835185e-03
6.400000000000000000e+01,8.000000000000000444e-01,2.359582674779879241e+01,4.608559911679451643e-02,5.972528279407128896e-03,3.707773138810712549e-02,2.000000000000000000e+00,3.588787238258683612e-15,2.009762727064462240e+00,6.457796781011263497e-03
6.400000000000000000e+01,8.000000000000000444e-01,2.497839575721999594e+01,4.878592921332030458e-02,6.143741833538871044e-03,3.925025633943662190e-02,2.000000000000000000e+00,4.076069102384415065e-15,2.019592954215980285e+00,6.660338852802378216e-03
6.400000000000000000e+01,8.000000000000000444e-01,2.644197473023529099e+01,5.164448189499080272e-02,6.318993954074945962e-03,4.155007777001248209e-02,2.000000000000000000e+00,2.606840375315603828e-15,2.029479116200946009e+00,6.868760900961620210e-03
6.400000000000000000e+01,8.000000000000000444e-01,2.799131034795558293e+01,5.467052802335074790e-02,6.498354318436677657e-03,4.398465446350422609e-02,2.000000000000000000e+00,2.401779771188538656e-15,2.039427380161853876e+00,7.083231847253589931e-03
6.400000000000000000e+01,8.000000000000000444e-01,2.963142741754648668e+01,5.787388167489548180e-02,6.681892617760079242e-03,4.656188224201442127e-02,2.000000000000000000e+00,3.083370423916838136e-15,2.049444007087949160e+00,7.303925519382712360e-03
6.400000000000000000e+01,8.000000000000000444e-01,3.136764516868914043e+01,6.126493197009597741e-02,6.869678484033719945e-03,4.929011957381870118e-02,2.000000000000000000e+00,2.742061554539835293e-15,2.059535352078725623e+00,7.531020791725069434e-03
6.400000000000000000e+01,8.000000000000000444e-01,3.320559450491216325e+01,6.485467676740656884e-02,7.061781413845268432e-03,5.217821468155992015e-02,2.000000000000000000e+00,3.656734122388923067e-15,2.069707864926066065e+00,7.764701730162719938e-03
6.400000000000000000e+01,8.000000000000000444e-01,3.515123626574519022e+01,6.865475833153357466e-02,7.258270688703498570e-03,5.523553423881512325e-02,2.000000000000000000e+00,3.065720534228067211e-15,2.079968090999273045e+00,8.005157741137582453e-03
6.400000000000000000e+01,8.000000000000000444e-01,3.721088055892070656e+01,7.267750109164200500e-02,7.459215291913455156e-03,5.847199374810244793e-02,2.000000000000000000e+00,3.278110397674183506e-15,2.090322672434808737e+00,8.252583725044971077e-03
6.400000000000000000e+01,8.000000000000000444e-01,3.939120722532314289e+01,7.693595161195926346e-02,7.664683821984634264e-03,6.189808969885094575e-02,2.000000000000000000e+00,4.573125440157422966e-15,2.100778349677923984e+00,8.507180234090605878e-03
6.400000000000000000e+01,8.000000000000000444e-01,4.169928750305703602e+01,8.144392090440827348e-02,7.874744402555540479e-03,6.552493360962802216e-02,2.000000000000000000e+00,4.532493047064410986e-15,2.111341963456325743e+00,8.769153634738610648e-03
6.400000000000000000e+01,8.000000000000000444e-01,4.414260696089504421e+01,8.621602922049813322e-02,8.089464588812518911e-03,6.936428806502994981e-02,2.000000000000000000e+00,4.441085587952358240e-15,2.122020457262152604e+00,9.038716274881512108e-03
6.400000000000000000e+01,8.000000000000000444e-01,4.672908977548375020e+01,9.126775346774169961e-02,8.308911270383549305e-03,7.342860486411061094e-02,2.000000000000000000e+00,5.212277274885374627e-15,2.132820880511800965e+00,9.316086655867313049e-03
6.400000000000000000e+01,8.000000000000000444e-01,4.946712443104298984e+01,9.661547740438083953e-02,8.533150570661172593e-03,7.773106540407132004e-02,2.000000000000000000e+00,4.040890277127569719e-15,2.143750392647064018e+00,9.601489609522563876e-03
6.400000000000000000e+01,8.000000000000000444e-01,5.236559092490815459e+01,1.022765447752112394e-01,8.762247742486545254e-03,8.228562343018443193e-02,2.000000000000000000e+00,5.073297585553458759e-15,2.154816268542617763e+00,9.895156480314507355e-03
6.400000000000000000e+01,8.000000000000000444e-01,5.543388956714836269e+01,1.082693155608366459e-01,8.996267060070192376e-03,8.710705029059689908e-02,2.000000000000000000e+00,4.891286684540668831e-15,2.166025905734002777e+00,1.019732531279930396e-02
6.400000000000000000e+01,8.000000000000000444e-01,5.868197146766362948e+01,1.146132255227805263e-01,9.235271706958297216e-03,9.221098284278485269e-02,2.000000000000000000e+00,6.189060378093563364e-15,2.177386834230716772e+00,1.050824104450816948e-02
6.400000000000000000e+01,8.000000000000000444e-01,6.212037080963622770e+01,1.213288492375707572e-01,9.479323659723808138e-03,9.761397416702813357e-02,2.000000000000000000e+00,6.170550868473520912e-15,2.188906729916737959e+00,1.082815570442700361e-02
6.400000000000000000e+01,8.000000000000000444e-01,6.576023901400708382e+01,1.284379668242325856e-01,9.728483566915925237e-03,1.033335472513814690e-01,2.000000000000000000e+00,5.642863596023593267e-15,2.200593432907481883e+00,1.115732861723035818e-02
6.400000000000000000e+01,8.000000000000000444e-01,6.961338090577736182e+01,1.359636345815964098e-01,9.982810622553111440e-03,1.093882518222500794e-01,2.000000000000000000e+00,5.622541037119014359e-15,2.212454972665469199e+00,1.149602661343461334e-02
6.400000000000000000e+01,8.000000000000000444e-01,7.369229299943135914e+01,1.439302597645143733e-01,1.024236243315200523e-02,1.157977245048850828e-01,2.000000000000000000e+00,4.466212175311040809e-15,2.224499602082403271e+00,1.184452424564050137e-02
6.400000000000000000e+01,8.000000000000000444e-01,7.801020402764763162e+01,1.523636797414992805e-01,1.050719487687967919e-02,1.225827525089105696e-01,2.000000000000000000e+00,5.717862620787936073e-15,2.236735843451981509e+00,1.220310401104010394e-02
6.400000000000000000e+01,8.000000000000000444e-01,8.258111784474081674e+01,1.612912457905094077e-01,1.077736195287825813e-02,1.297653410454270573e-01,2.000000000000000000e+00,4.269835237403697880e-15,2.249172549723311931e+00,1.257205658036792024e-02
6.400000000000000000e+01,8.000000000000000444e-01,8.741985884397915640e+01,1.707419118046467899e-01,1.105291561819739428e-02,1.373687846943391078e-01,2.000000000000000000e+00,4.914637271976539337e-15,2.261818985150767958e+00,1.295168103348187313e-02
6.400000000000000000e+01,8.000000000000000444e-01,9.254212003607476333e+01,1.807463281954585221e-01,1.133390560894417289e-02,1.454177429533653199e-01,2.000000000000000000e+00,4.342797348101709541e-15,2.274684930114702297e+00,1.334228510176449674e-02
6.400000000000000000e+01,8.000000000000000444e-01,9.796451394477513475e+01,1.913369412983889351e-01,1.162037924135565954e-02,1.539383202137512563e-01,2.000000000000000000e+00,3.957462556916127906e-15,2.287780815406108559e+00,1.374418541754069203e-02
6.400000000000000000e+01,8.000000000000000444e-01,1.037046264846206611e+02,2.025480986027747288e-01,1.191238118740091043e-02,1.629581504220634913e-01,2.000000000000000000e+00,3.335511405080689212e-15,2.301117891837677121e+00,1.415770777071423923e-02
6.400000000000000000e+01,8.000000000000000444e-01,1.097810739956032080e+02,2.144161601476625156e-01,1.220995321832350766e-02,1.725064867026373794e-01,2.000000000000000000e+00,3.217012914105044456e-15,2.314708441292566476e+00,1.458318737283021381e-02
6.400000000000000000e+01,8.000000000000000444e-01,1.162135636197040327e+02,2.269796164447344389e-01,1.251313390822538819e-02,1.826142962313476170e-01,2.000000000000000000e+00,5.369273673591522682e-15,2.328566035463310868e+00,1.502096912877809096e-02
6.400000000000000000e+01,8.000000000000000444e-01,1.230229572151198312e+02,2.402792133107809203e-01,1.282195828842779863e-02,1.933143606683895288e-01,2.000000000000000000e+00,7.954889792262803539e-15,2.342705848252492729e+00,1.547140791635473120e-02
6.400000000000000000e+01,8.000000000000000444e-01,1.302313390154668866e+02,2.543580840145837629e-01,1.313645744200429323e-02,2.046413824757996602e-01,2.000000000000000000e+00,1.135083310432625532e-14,2.357145027226948741e+00,1.593486887391417153e-02
6.400000000000000000e+01,8.000000000000000444e-01,1.378620872533944635e+02,2.692618891667860614e-01,1.345665802661712152e-02,2.166320974645230268e-01,2.000000000000000000e+00,1.395753848569626311e-14,2.371903128609858413e+00,1.641172769633710699e-02
6.400000000000000000e+01,8.000000000000000444e-01,1.459399499808975804e+02,2.850389648064405868e-01,1.378258171270974053e-02,2.293253939360400950e-01,2.000000000000000000e+00,1.741692710249235330e-14,2.387002618815458277e+00,1.690237093955977016e-02
6.400000000000000000e+01,8.000000000000000444e-01,1.544911253322291884e+02,3.017404791645101336e-01,1.411424452336222657e-02,2.427624388049533510e-01,2.000000000000000000e+00,2.216886381230824762e-14,2.394615772590742431e+00,1.740719633390900786e-02
2.560000000000000000e+02,8.000000000000000444e-01,1.006676891394679829e-06,2.457707254381542552e-10,8.537819344048702870e-10,8.537840308299638530e-10,1.000000000000000000e+00,8.102542311580941837e-16,9.999962892939457948e-01,8.537824299902421554e-10
2.560000000000000000e+02,8.000000000000000444e-01,1.074935282359751781e-06,2.624353716698612747e-10,9.116734038520268407e-10,9.116754204846788980e-10,1.000000000000000000e+00,9.271886790418428648e-17,1.000000390802114225e+00,9.116735951933496472e-10
2.560000000000000000e+02,8.000000000000000444e-01,1.147821978570499923e-06,2.802299752369384578e-10,9.734897337430027693e-10,9.734921740196457898e-10,1.000000000000000000e+00,3.990763749804278977e-16,9.999991800627014982e-01,9.734900928066795533e-10
2.560000000000000000e+02,8.000000000000000444e-01,1.225650805318498287e-06,2.992311536422114958e-10,1.039498265783133662e-09,1.039500453323258823e-09,1.000000000000000000e+00,3.327473894714420026e-16,9.999986291617233292e-01,1.039498080306266420e-09
2.560000000000000000e+02,8.000000000000000444e-01,1.308756867026321117e-06,3.195207194888479290e-10,1.109981884800237896e-09,1.109984467566405051e-09,1.000000000000000000e+00,6.232358604632840095e-16,1.000002641205696818e+00,1.109981761831989483e-09
2.560000000000000000e+02,8.000000000000000444e-01,1.397497990093067826e-06,3.411860327375653872e-10,1.185244791904369710e-09,1.185247696910367406e-09,1.000000000000000000e+00,2.536487582709648725e-16,1.000003168484539628e+00,1.185244611808738558e-09
2.560000000000000000e+02,8.000000000000000444e-01,1.492256263572973260e-06,3.643203768488704247e-10,1.265610728130998311e-09,1.265614199189044154e-09,1.000000000000000000e+00,3.783062008234260507e-16,1.000005943450858581e+00,1.265610681529728129e-09
2.560000000000000000e+02,8.000000000000000444e-01,1.593439684320742815e-06,3.890233604298688512e-10,1.351425638976295100e-09,1.351430005191612953e-09,1.000000000000000000e+00,6.003641751713626717e-16,1.000003992615177140e+00,1.351425994326401392e-09
2.560000000000000000e+02,8.000000000000000444e-01,1.701483913687068360e-06,4.154013461150069237e-10,1.443059894843212078e-09,1.443064608553271076e-09,1.000000000000000000e+00,2.396920145829546189e-16,1.000000867564779128e+00,1.443060035330586278e-09
2.560000000000000000e+02,8.000000000000000444e-01,1.816854153328040346e-06,4.435679085273536001e-10,1.540907402863092756e-09,1.540912556668998098e-09,1.000000000000000000e+00,5.941816723116054397e-16,1.000004906837943963e+00,1.540907342241657750e-09
2.560000000000000000e+02,8.000000000000000444e-01,1.940047148205045066e-06,4.736443232922473306e-10,1.645388715520181013e-09,1.645395149480266942e-09,1.000000000000000000e+00,2.698613413563844170e-16,1.000003927872143095e+00,1.645389203946088268e-09
2.560000000000000000e+02,8.000000000000000444e-01,2.071593325399390462e-06,5.057600892088355620e-10,1.756955471543767160e-09,1.756962253449108849e-09,1.000000000000000000e+00,3.937376153598435363e-16,1.000002044857922101e+00,1.756955474300912343e-09
2.560000000000000000e+02,8.000000000000000444e-01,2.212059077950678926e-06,5.400534858278024722e-10,1.876086399105338791e-09,1.876094238529895064e-09,1.000000000000000000e+00,1.843676384515390197e-16,1.000005510111165563e+00,1.876086508888196719e-09
2.560000000000000000e+02,8.000000000000000444e-01,2.362049203552355981e-06,5.766721688360244094e-10,2.003294865335214609e-09,2.003304046478774797e-09,1.000000000000000000e+00,2.590563378952260008e-16,1.000004063081817662e+00,2.003295233076681692e-09
2.560000000000000000e+02,8.000000000000000444e-01,2.522209508604602317e-06,6.157738058116704876e-10,2.139129320411815285e-09,2.139139399406183926e-09,1.000000000000000000e+00,7.019781363252097621e-16,1.000004644854115554e+00,2.139129350291766904e-09
2.560000000000000000e+02,8.000000000000000444e-01,2.693229588836743268e-06,6.575267550870955244e-10,2.284173297561730668e-09,2.284185158081709529e-09,1.000000000000000000e+00,6.057145832639818087e-16,1.000005716652012211e+00,2.284173699998227272e-09
2.560000000000000000e+02,8.000000000000000444e-01,2.875845798471621556e-06,7.021107906424857315e-10,2.439052518487173747e-09,2.439065840145392722e-09,1.000000000000000000e+00,6.523652140206459859e-17,1.000004882767584036e+00,2.439052775544213938e-09
2.560000000000000000e+02,8.000000000000000444e-01,3.070844420716119009e-06,7.497178761513962426e-10,2.604433117009223973e-09,2.604448309068008734e-09,1.000000000000000000e+00,1.328078061178764313e-16,1.000005600799283911e+00,2.604433412702730721e-09
2.560000000000000000e+02,8.000000000000000444e-01,3.279065053228857127e-06,8.005529915109514470e-10,2.781027412227671115e-09,2.781044645438057953e-09,1.000000000000000000e+00,1.153662497215493014e-15,1.000005661435579896e+00,2.781027660481092152e-09
2.560000000000000000e+02,8.000000000000000444e-01,3.501404223141772794e-06,8.548350154154718735e-10,2.969595684877977906e-09,2.969615212938263297e-09,1.000000000000000000e+00,9.937418601972393970e-16,1.000006135390435702e+00,2.969595846552956493e-09
2.560000000000000000e+02,8.000000000000000444e-01,3.738819247200631757e-06,9.127976677735917375e-10,3.170949730045096575e-09,3.170971932212644421e-09,1.000000000000000000e+00,4.986314511535324815e-16,1.000006979426046883e+00,3.170949850504586428e-09
2.560000000000000000e+02,8.000000000000000444e-01,3.992332353644932396e-06,9.746905160265948233e-10,3.385956409877313495e-09,3.385981776720320269e-09,1.000000000000000000e+00,5.375411229386695247e-16,1.000007462370319899e+00,3.385956598980794693e-09
2.560000000000000000e+02,8.000000000000000444e-01,4.263035083574559376e-06,1.040780049700820160e-09,3.615541650389318982e-09,3.615570505627953574e-09,1.000000000000000000e+00,5.065410217363417773e-16,1.000007367551447146e+00,3.615541797770306806e-09
2.560000000000000000e+02,8.000000000000000444e-01,4.552092990754008600e-06,1.111350827820802881e-09,3.860693994176096620e-09,3.860726649813432238e-09,1.000000000000000000e+00,6.084961268658571361e-16,1.000008714962078216e+00,3.860693916889186634e-09
2.560000000000000000e+02,8.000000000000000444e-01,4.860750660089968734e-06,1.186706704123527523e-09,4.122468153126836975e-09,4.122505768143188016e-09,1.000000000000000000e+00,2.831538045458671551e-16,1.000009003245281747e+00,4.122468445808885170e-09
2.560000000000000000e+02,8.000000000000000444e-01,5.190337066390092215e-06,1.267172135349143607e-09,4.401992557941788773e-09,4.402034992349207049e-09,1.000000000000000000e+00,8.219169934680429698e-16,1.000009133299343489e+00,4.401992437136886082e-09
2.560000000000000000e+02,8.000000000000000444e-01,5.542271296475910887e-06,1.353093578241189181e-09,4.700469358132551719e-09,4.700517880074405603e-09,1.000000000000000000e+00,7.358573674058412377e-16,1.000010660865129353e+00,4.700469358297953100e-09
2.560000000000000000e+02,8.000000000000000444e-01,5.918068659287372927e-06,1.444840981271331281e-09,5.019184191985062536e-09,5.019239596981928557e-09,1.000000000000000000e+00,8.853994734854145204e-16,1.000011134328758544e+00,5.019184272088084102e-09
2.560000000000000000e+02,8.000000000000000444e-01,6.319347210287110018e-06,1.542809377511501469e-09,5.359509295184464271e-09,5.359572450240840136e-09,1.000000000000000000e+00,7.402677817758234227e-16,1.000011860218052107e+00,5.359509368386789479e-09
2.560000000000000000e+02,8.000000000000000444e-01,6.747834718256237580e-06,1.647420585511776753e-09,5.722909718064497490e-09,5.722981797213460308e-09,1.000000000000000000e+00,4.572126721864334111e-16,1.000012364143842092e+00,5.722909870822362368e-09
2.560000000000000000e+02,8.000000000000000444e-01,7.205376104478296854e-06,1.759125025507396693e-09,6.110950431035393893e-09,6.111032354785107975e-09,1.000000000000000000e+00,3.396065227746314671e-16,1.000013480339532634e+00,6.110950343796109820e-09
2.560000000000000000e+02,8.000000000000000444e-01,7.693941386341965973e-06,1.878403658774894036e-09,6.525301209565766998e-09,6.525394936502105507e-09,1.000000000000000000e+00,4.240553458043109747e-16,1.000014644028809130e+00,6.525301426991574881e-09
2.560000000000000000e+02,8.000000000000000444e-01,8.215634159565043490e-06,2.005770058487559446e-09,6.967746848235145109e-09,6.967853646525908025e-09,1.000000000000000000e+00,3.971278323931082153e-16,1.000015004092190907e+00,6.967747026331376909e-09
2.560000000000000000e+02,8.000000000000000444e-01,8.772700655561252746e-06,2.141772620986633971e-09,7.440192045716034048e-09,7.440313561378067661e-09,1.000000000000000000e+00,8.320012773839101219e-16,1.000016187032343851e+00,7.440191992304657641e-09
2.560000000000000000e+02,8.000000000000000444e-01,9.367539412947699341e-06,2.286996926989184409e-09,7.944670286559011656e-09,7.944808932550914973e-09,1.000000000000000000e+00,9.633858890655743508e-16,1.000017771079967588e+00,7.944670318681128142e-09
2.560000000000000000e+02,8.000000000000000444e-01,1.000271160483527202e-05,2.442068262899236334e-09,8.483353611156357784e-09,8.483511945301666234e-09,1.000000000000000000e+00,3.607479835281036459e-16,1.000018920621187135e+00,8.483353896862263305e-09
2.560000000000000000e+02,8.000000000000000444e-01,1.068095206636785060e-05,2.607654313078088525e-09,9.058561497527404386e-09,9.058742071342404539e-09,1.000000000000000000e+00,9.370480094930908751e-16,1.000019611784750850e+00,9.058561863505532094e-09
2.560000000000000000e+02,8.000000000000000444e-01,1.140518106999112206e-05,2.784468034665801285e-09,9.672770631282468267e-09,9.672976055695403020e-09,1.000000000000000000e+00,7.151699365214816042e-16,1.000020998508475145e+00,9.672770581603736102e-09
2.560000000000000000e+02,8.000000000000000444e-01,1.217851689915111063e-05,2.973270727331814117e-09,1.032862423149773610e-08,1.032885858071363614e-08,1.000000000000000000e+00,4.018539890055190323e-16,1.000022611362652469e+00,1.032862429791986118e-08
2.560000000000000000e+02,8.000000000000000444e-01,1.300428927456078155e-05,3.174875311172065809e-09,1.102894670566093980e-08,1.102921365318235255e-08,1.000000000000000000e+00,3.763362623913308112e-16,1.000024248540213989e+00,1.102894652257973630e-08
2.560000000000000000e+02,8.000000000000000444e-01,1.388605369084344519e-05,3.390149826866075486e-09,1.177675208736825116e-08,1.177705676353053993e-08,1.000000000000000000e+00,4.346965122773797844e-16,1.000025807501927488e+00,1.177675217972190445e-08
2.560000000000000000e+02,8.000000000000000444e-01,1.482760672528175605e-05,3.620021173164491223e-09,1.257526091171652093e-08,1.257560786950576701e-08,1.000000000000000000e+00,5.214720671646077927e-16,1.000027680354705240e+00,1.257526058141069280e-08
2.560000000000000000e+02,8.000000000000000444e-01,1.583300238458652546e-05,3.865479097799444692e-09,1.342790909708994917e-08,1.342830526021564589e-08,1.000000000000000000e+00,4.543840993458142677e-16,1.000029969917790140e+00,1.342790928054742555e-08
2.560000000000000000e+02,8.000000000000000444e-01,1.690656956006897618e-05,4.127580459001214887e-09,1.433836837326670453e-08,1.433882036022978071e-08,1.000000000000000000e+00,4.708084387405040252e-16,1.000031417196680650e+00,1.433836886228189008e-08
2.560000000000000000e+02,8.000000000000000444e-01,1.805293066637249846e-05,4.407453775969848257e-09,1.531055871592004433e-08,1.531107353748364233e-08,1.000000000000000000e+00,1.265091008517095946e-15,1.000033441275718360e+00,1.531055873744671832e-08
2.560000000000000000e+02,8.000000000000000444e-01,1.927702154401586456e-05,4.706304087894498184e-09,1.634866388974440309e-08,1.634925098304774427e-08,1.000000000000000000e+00,8.462555268969549713e-16,1.000036028110201869e+00,1.634866400582878620e-08
2.560000000000000000e+02,8.000000000000000444e-01,2.058411271144158796e-05,5.025418142441793937e-09,1.745715320883099803e-08,1.745782273544078623e-08,1.000000000000000000e+00,5.686173935324578339e-16,1.000038476585515923e+00,1.745715346167197061e-08
2.560000000000000000e+02,8.000000000000000444e-01,2.197983205807338869e-05,5.366169936053073411e-09,1.864079841206266557e-08,1.864156192709315953e-08,1.000000000000000000e+00,1.087518992831451104e-15,1.000040953891982554e+00,1.864079881869349438e-08
2.560000000000000000e+02,8.000000000000000444e-01,2.347018907609140328e-05,5.730026629905127753e-09,1.990469497940151591e-08,1.990556533582966417e-08,1.000000000000000000e+00,1.668153900561287340e-15,1.000043661720141586e+00,1.990469523711322572e-08
2.560000000000000000e+02,8.000000000000000444e-01,2.506160073525895123e-05,6.118554867006579890e-09,2.125428300408810905e-08,2.125527532985908680e-08,1.000000000000000000e+00,1.301855118455546138e-15,1.000046629262072884e+00,2.125428324076217073e-08
2.560000000000000000e+02,8.000000000000000444e-01,2.676091911220893990e-05,6.533427517629135719e-09,2.269537206164447895e-08,2.269650330075821047e-08,1.000000000000000000e+00,1.828780995555048771e-15,1.000049841926426097e+00,2.269537211827739297e-08
2.560000000000000000e+02,8.000000000000000444e-01,2.857546089315232422e-05,6.976430882117266655e-09,2.423416474661048109e-08,2.423545468534485695e-08,1.000000000000000000e+00,1.255945841555966196e-15,1.000053233817240539e+00,2.423416490873021484e-08
2.560000000000000000e+02,8.000000000000000444e-01,3.051303887703714940e-05,7.449472382089147802e-09,2.587728509426266594e-08,2.587875568417547855e-08,1.000000000000000000e+00,2.566239913821344068e-15,1.000056879005654764e+00,2.587728507879895452e-08
2.560000000000000000e+02,8.000000000000000444e-01,3.258199561480009494e-05,7.954588773144554428e-09,2.763180478188833407e-08,2.763348179170813449e-08,1.000000000000000000e+00,2.403283708218634139e-15,1.000060831041963638e+00,2.763180500581486091e-08
2.560000000000000000e+02,8.000000000000000444e-01,3.479123932954965380e-05,8.493954914440833446e-09,2.950527599139935034e-08,2.950718826097199040e-08,1.000000000000000000e+00,2.625787758711466733e-15,1.000064725236498475e+00,2.950527638871104326e-08
2.560000000000000000e+02,8.000000000000000444e-01,3.715028227234107555e-05,9.069893132895770397e-09,3.150576293967998290e-08,3.150794263391386732e-08,1.000000000000000000e+00,3.161636061379730893e-15,1.000069153485270590e+00,3.150576271711926360e-08
2.560000000000000000e+02,8.000000000000000444e-01,3.966928167868990373e-05,9.684883222336402278e-09,3.364187385302579168e-08,3.364435947748635444e-08,1.000000000000000000e+00,3.125365116056319297e-15,1.000073956444111900e+00,3.364187393762453078e-08
2.560000000000000000e+02,8.000000000000000444e-01,4.235908350216895042e-05,1.034157312064671641e-08,3.592280359972612420e-08,3.592563747503935069e-08,1.000000000000000000e+00,4.005237705984899937e-15,1.000078887581736353e+00,3.592280346553621993e-08
2.560000000000000000e+02,8.000000000000000444e-01,4.523126911339068481e-05,1.104279031088639766e-08,3.835836788495371857e-08,3.836159903271782968e-08,1.000000000000000000e+00,4.472233093386037066e-15,1.000084344673666692e+00,3.835836770050762901e-08
2.560000000000000000e+02,8.000000000000000444e-01,4.829820516544495350e-05,1.179155399546995935e-08,4.095904810379857895e-08,4.096273257139763468e-08,1.000000000000000000e+00,4.188246367750187661e-15,1.000090074491822634e+00,4.095904821497238120e-08
2.560000000000000000e+02,8.000000000000000444e-01,5.157309684049555203e-05,1.259108809582410938e-08,4.373603663839424038e-08,4.374023768625376493e-08,1.000000000000000000e+00,5.693650837741520792e-15,1.000096099155285856e+00,4.373603679571016243e-08
2.560000000000000000e+02,8.000000000000000444e-01,5.507004470679751517e-05,1.344483513349548710e-08,4.670128348731538893e-08,4.670607336840311843e-08,1.000000000000000000e+00,6.872489754620915082e-15,1.000102589675464060e+00,4.670128353095184631e-08
2.560000000000000000e+02,8.000000000000000444e-01,5.880410543094189850e-05,1.435647105247604944e-08,4.986754822405034100e-08,4.987300949624745944e-08,1.000000000000000000e+00,7.323822907786595361e-15,1.000109544613621892e+00,4.986754814833388717e-08
2.560000000000000000e+02,8.000000000000000444e-01,6.279135660673443287e-05,1.532992104656602365e-08,5.324845506410289514e-08,5.325468181822091341e-08,1.000000000000000000e+00,8.313648867393075738e-15,1.000117039318851653e+00,5.324845482276560607e-08
2.560000000000000000e+02,8.000000000000000444e-01,6.704896597983905893e-05,1.636937645992164525e-08,5.685855059663493544e-08,5.686565066367892343e-08,1.000000000000000000e+00,9.732165451887671338e-15,1.000124998311989089e+00,5.685855068793649109e-08
2.560000000000000000e+02,8.000000000000000444e-01,7.159526536624405597e-05,1.747931283355567773e-08,6.071336817745374055e-08,6.072146363471775014e-08,1.000000000000000000e+00,1.039015743946651592e-14,1.000133406846131834e+00,6.071336830082096588e-08
2.560000000000000000e+02,8.000000000000000444e-01,7.644982958281873974e-05,1.866450917549285638e-08,6.482949232200627410e-08,6.483872254885432095e-08,1.000000000000000000e+00,1.212030128752141236e-14,1.000142455475511838e+00,6.482949232519904568e-08
2.560000000000000000e+02,8.000000000000000444e-01,8.163356072980832508e-05,1.993006853755086061e-08,6.922463064789844677e-08,6.923515492079838678e-08,1.000000000000000000e+00,1.486776919942612099e-14,1.000152122310154823e+00,6.922463071796547539e-08
2.560000000000000000e+02,8.000000000000000444e-01,8.716877818815927325e-05,2.128143998734357257e-08,7.391769070240516947e-08,7.392969029109371306e-08,1.000000000000000000e+00,1.631913578965592680e-14,1.000162433048771504e+00,7.391769072092165380e-08
2.560000000000000000e+02,8.000000000000000444e-01,9.307931471917252429e-05,2.272444207011047956e-08,7.892885989861547657e-08,7.894254173027289338e-08,1.000000000000000000e+00,1.850769724210539350e-14,1.000173454592058420e+00,7.892885998090017459e-08
2.560000000000000000e+02,8.000000000000000444e-01,9.939061908025715990e-05,2.426528786139090818e-08,8.427969300110655164e-08,8.429529286945539353e-08,1.000000000000000000e+00,2.061512183494899863e-14,1.000185212185613182e+00,8.427969314254747483e-08
2.560000000000000000e+02,8.000000000000000444e-01,1.061298655986129554e-04,2.591061171841136607e-08,8.999320405252374816e-08,9.001099083211254254e-08,1.000000000000000000e+00,2.373293018483877146e-14,1.000197754484389634e+00,8.999320428095998430e-08
2.560000000000000000e+02,8.000000000000000444e-01,1.133260711746289132e-04,2.766749784536838702e-08,9.609396540560391601e-08,9.611424546713240859e-08,1.000000000000000000e+00,2.694745221847470834e-14,1.000211143071993547e+00,9.609396556572526412e-08
2.560000000000000000e+02,8.000000000000000444e-01,1.210102202187741331e-04,2.954351079559915358e-08,1.026082125283766009e-07,1.026313353104477381e-07,1.000000000000000000e+00,3.127574422388433817e-14,1.000225451694873868e+00,1.026082125738511661e-07
2.560000000000000000e+02,8.000000000000000444e-01,1.292153980599174818e-04,3.154672804197204144e-08,1.095639568029915487e-07,1.095903207314625279e-07,1.000000000000000000e+00,3.534968127018199763e-14,1.000240759379465771e+00,1.095639566966698953e-07
2.560000000000000000e+02,8.000000000000000444e-01,1.379769333994859259e-04,3.368577475573386862e-08,1.169911049859081401e-07,1.170211647514462176e-07,1.000000000000000000e+00,4.048265912122309013e-14,1.000257077713115450e+00,1.169911051151805747e-07
2.560000000000000000e+02,8.000000000000000444e-01,1.473325504248214899e-04,3.596986094355993406e-08,1.249215888821634265e-07,1.249558620540991735e-07,1.000000000000000000e+00,4.588416454113012891e-14,1.000274510556963037e+00,1.249215888495519434e-07
2.560000000000000000e+02,8.000000000000000444e-01,1.573225312366845479e-04,3.840882110270618845e-08,1.333894990164733758e-07,1.334285767437646164e-07,1.000000000000000000e+00,5.275917456058156496e-14,1.000293123848962296e+00,1.333894994217568035e-07
2.560000000000000000e+02,8.000000000000000444e-01,1.679898892902611748e-04,4.101315656500516963e-08,1.424312342915812074e-07,1.424757894444268454e-07,1.000000000000000000e+00,5.904216558833627648e-14,1.000312953958228945e+00,1.424312347056678221e-07
2.560000000000000000e+02,8.000000000000000444e-01,1.793805545964525909e-04,4.379408071202455832e-08,1.520856543111800442e-07,1.521364543728544659e-07,1.000000000000000000e+00,6.897073196229672997e-14,1.000334161183531023e+00,1.520856545765387642e-07
2.560000000000000000e+02,8.000000000000000444e-01,1.915435714808600494e-04,4.676356725606934800e-08,1.623942468019143184e-07,1.624521670621913574e-07,1.000000000000000000e+00,7.849044482271474865e-14,1.000356810315196299e+00,1.623942470117460052e-07
2.560000000000000000e+02,8.000000000000000444e-01,2.045313097519484667e-04,4.993440179490929363e-08,1.734013052494848196e-07,1.734673434581567075e-07,1.000000000000000000e+00,8.792681554373624681e-14,1.000380996770658726e+00,1.734013053371150102e-07
2.560000000000000000e+02,8.000000000000000444e-01,2.183996901876064287e-04,5.332023686220860076e-08,1.851541171929533302e-07,1.852294111589809167e-07,1.000000000000000000e+00,1.012262972288652021e-13,1.000406830291971971e+00,1.851541173582409043e-07
2.560000000000000000e+02,8.000000000000000444e-01,2.332084253109716022e-04,5.693565071068642632e-08,1.977031667299692884e-07,1.977890136224916789e-07,1.000000000000000000e+00,1.150564250661645512e-13,1.000434395974409085e+00,1.977031671640738856e-07
2.560000000000000000e+02,8.000000000000000444e-01,2.490212764922195140e-04,6.079621008110827979e-08,2.111023499006598757e-07,2.112002282195962481e-07,1.000000000000000000e+00,1.318579214698138947e-13,1.000463825760363079e+00,2.111023504408360531e-07
2.560000000000000000e+02,8.000000000000000444e-01,2.659063284833089653e-04,6.491853722737035285e-08,2.254092033942834596e-07,2.255207990730239647e-07,1.000000000000000000e+00,1.495954475509376863e-13,1.000495245520411913e+00,2.254092041882154614e-07
2.560000000000000000e+02,8.000000000000000444e-01,2.839362825677370990e-04,6.932038148626394018e-08,2.406851510195507970e-07,2.408123856838533400e-07,1.000000000000000000e+00,1.707996392481481605e-13,1.000528793917943915e+00,2.406851517869094429e-07
2.560000000000000000e+02,8.000000000000000444e-01,3.031887695875066483e-04,7.402069570007486530e-08,2.569957634977353213e-07,2.571408284163247645e-07,1.000000000000000000e+00,1.952504852396955081e-13,1.000564628333634687e+00,2.569957644271225821e-07
2.560000000000000000e+02,8.000000000000000444e-01,3.237466841950941625e-04,7.903971782106791076e-08,2.744110386840166789e-07,2.745764319840268001e-07,1.000000000000000000e+00,2.218734502257267951e-13,1.000602871070974231e+00,2.744110399717413869e-07
2.560000000000000000e+02,8.000000000000000444e-01,3.456985417695925358e-04,8.439905804921692768e-08,2.930056991084495094e-07,2.931942681580494303e-07,1.000000000000000000e+00,2.535393884618153118e-13,1.000643708349358008e+00,2.930057003957622946e-07
2.560000000000000000e+02,8.000000000000000444e-01,3.691388595337887369e-04,9.012179187836639085e-08,3.128595072806677241e-07,3.130744990004640666e-07,1.000000000000000000e+00,2.886327387782594248e-13,1.000687304789451559e+00,3.128595090153349783e-07
2.560000000000000000e+02,8.000000000000000444e-01,3.941685635131361894e-04,9.623255945144926498e-08,3.340576071960442567e-07,3.343027220148629367e-07,1.000000000000000000e+00,3.288419028657568587e-13,1.000733855518085136e+00,3.340576087956535368e-07
2.560000000000000000e+02,8.000000000000000444e-01,4.208954230888492347e-04,1.027576716525510827e-07,3.566908809410983539e-07,3.569703387000583924e-07,1.000000000000000000e+00,3.759276080201132229e-13,1.000783566953131754e+00,3.566908831070630322e-07
2.560000000000000000e+02,8.000000000000000444e-01,4.494345150161562614e-04,1.097252233926162747e-07,3.808563377176655365e-07,3.811749480938087072e-07,1.000000000000000000e+00,4.275549699867379301e-13,1.000836622797017128e+00,3.808563403833244907e-07
2.560000000000000000e+02,8.000000000000000444e-01,4.799087189056178431e-04,1.171652145765668562e-07,4.066575210750042087e-07,4.070207670010372753e-07,1.000000000000000000e+00,4.875350635826727303e-13,1.000893271443445087e+00,4.066575242251459976e-07
2.560000000000000000e+02,8.000000000000000444e-01,5.124492463008811652e-04,1.251096792726760657e-07,4.342049467843797254e-07,4.346190787159013951e-07,1.000000000000000000e+00,5.557970436077430338e-13,1.000953746030198488e+00,4.342049505860192350e-07
2.560000000000000000e+02,8.000000000000000444e-01,5.471962056309018566e-04,1.335928236403568986e-07,4.636165695798124355e-07,4.640887121697588575e-07,1.000000000000000000e+00,6.336487974618534872e-13,1.001018316363932570e+00,4.636165737762292261e-07
2.560000000000000000e+02,8.000000000000000444e-01,5.842992054691238495e-04,1.426511732102353148e-07,4.950182778768607277e-07,4.955565535680779074e-07,1.000000000000000000e+00,7.224226601339295139e-13,1.001087256183609497e+00,4.950182831247790309e-07
2.560000000000000000e+02,8.000000000000000444e-01,6.239179986970457264e-04,1.523237301506459293e-07,5.285444257953731533e-07,5.291580927192255972e-07,1.000000000000000000e+00,8.236394005847873795e-13,1.001160847358569583e+00,5.285444322480067239e-07
2.560000000000000000e+02,8.000000000000000444e-01,6.662231703457231714e-04,1.626521411976863211e-07,5.643383949367553164e-07,5.650380064074403199e-07,1.000000000000000000e+00,9.383939282935155818e-13,1.001239406467490767e+00,5.643384029879547813e-07
2.560000000000000000e+02,8.000000000000000444e-01,7.113968720768177592e-04,1.736808769718793357e-07,6.025531965739691180e-07,6.033507813217927801e-07,1.000000000000000000e+00,1.070329539454096340e-12,1.001323268513054643e+00,6.025532062031784699e-07
2.560000000000000000e+02,8.000000000000000444e-01,7.596336064656192700e-04,1.854574234535203296e-07,6.433521102575460632e-07,6.442613792232586143e-07,1.000000000000000000e+00,1.219934462231900569e-12,1.001412800287965865e+00,6.433521217196604917e-07
2.560000000000000000e+02,8.000000000000000444e-01,8.111410644628941477e-04,1.980324864411362665e-07,6.869093659431377562e-07,6.879459472138800852e-07,1.000000000000000000e+00,1.389600620673606101e-12,1.001508374339479701e+00,6.869093798798543873e-07
2.560000000000000000e+02,8.000000000000000444e-01,8.661410196413888438e-04,2.114602098733859482e-07,7.334108705288941289e-07,7.345925761662000298e-07,1.000000000000000000e+00,1.584994557202985271e-12,1.001610402818187140e+00,7.334108872635573082e-07
2.560000000000000000e+02,8.000000000000000444e-01,9.248702830773066581e-04,2.257984089544205708e-07,7.830549783587000493e-07,7.844021105785023143e-07,1.000000000000000000e+00,1.806188066617989729e-12,1.001719309927665336e+00,7.830549992952093945e-07
2.560000000000000000e+02,8.000000000000000444e-01,9.875817229781534354e-04,2.411088190864632411e-07,8.360533172377396893e-07,8.375890133428215416e-07,1.000000000000000000e+00,2.058550347767883559e-12,1.001835550169737132e+00,8.360533425981738984e-07
2.560000000000000000e+02,8.000000000000000444e-01,1.054545353447121879e-03,2.574573616814262400e-07,8.926316597464873861e-07,8.943822891491188640e-07,1.000000000000000000e+00,2.346230009637104269e-12,1.001959634552029854e+00,8.926316901073079663e-07
2.560000000000000000e+02,8.000000000000000444e-01,1.126049497071864632e-03,2.749144279960607012e-07,9.530308553964393012e-07,9.550264705014873941e-07,1.000000000000000000e+00,2.675117013194699547e-12,1.002092088440306838e+00,9.530308921063957666e-07
2.560000000000000000e+02,8.000000000000000444e-01,1.202402026343364974e-03,2.935551822127355894e-07,1.017507821407344173e-06,1.019782670591836308e-06,1.000000000000000000e+00,3.047247391802776727e-12,1.002233458814174583e+00,1.017507866516287703e-06
2.560000000000000000e+02,8.000000000000000444e-01,1.283931689250033875e-03,3.134598850708090515e-07,1.086336596991152915e-06,1.088929707564370793e-06,1.000000000000000000e+00,3.473386256432586858e-12,1.002384340887701342e+00,1.086336651922396804e-06
2.560000000000000000e+02,8.000000000000000444e-01,1.370989524754589800e-03,3.347142394420385253e-07,1.159809460254769412e-06,1.162765305011566173e-06,1.000000000000000000e+00,3.958010944412860007e-12,1.002545377357108691e+00,1.159809526995772709e-06
2.560000000000000000e+02,8.000000000000000444e-01,1.463950374248281774e-03,3.574097593379594175e-07,1.238238119268236867e-06,1.241607373870564646e-06,1.000000000000000000e+00,4.511288489279605772e-12,1.002717249115917753e+00,1.238238200129517410e-06
2.560000000000000000e+02,8.000000000000000444e-01,1.563214495490264973e-03,3.816441639380529720e-07,1.321954974634158896e-06,1.325795381239403222e-06,1.000000000000000000e+00,5.139971248530345493e-12,1.002900676320287232e+00,1.321955073280788015e-06
2.560000000000000000e+02,8.000000000000000444e-01,1.669209285981199066e-03,4.075217983352536781e-07,1.411314463772811255e-06,1.415691812006727561e-06,1.000000000000000000e+00,5.857140715145043929e-12,1.003096416447412764e+00,1.411314584176778220e-06
2.560000000000000000e+02,8.000000000000000444e-01,1.782391123191332059e-03,4.351540828103838034e-07,1.506694485591106301e-06,1.511683729588276686e-06,1.000000000000000000e+00,6.674083684588512742e-12,1.003305304613341775e+00,1.506694631209496041e-06
2.560000000000000000e+02,8.000000000000000444e-01,1.903247329566461633e-03,4.646599925699369220e-07,1.608497907756360256e-06,1.614184442490129724e-06,1.000000000000000000e+00,7.604481037335470746e-12,1.003528210723168002e+00,1.608498085507088846e-06
2.560000000000000000e+02,8.000000000000000444e-01,2.032298270772427574e-03,4.961665700127997006e-07,1.717154178779917930e-06,1.723635283874381189e-06,1.000000000000000000e+00,8.663834944530695805e-12,1.003766055104179600e+00,1.717154394826904902e-06
2.560000000000000000e+02,8.000000000000000444e-01,2.170099596212447454e-03,5.298094717315545542e-07,1.833121021374507138e-06,1.840507511789429868e-06,1.000000000000000000e+00,9.870714178193508510e-12,1.004019838009057253e+00,1.833121284065131108e-06
2.560000000000000000e+02,8.000000000000000444e-01,2.317244631464221612e-03,5.657335526035697294e-07,1.956886237728249497e-06,1.965304338246651245e-06,1.000000000000000000e+00,1.124425182159774083e-11,1.004290607134734614e+00,1.956886557317006421e-06
2.560000000000000000e+02,8.000000000000000444e-01,2.474366932937802077e-03,6.040934894867680852e-07,2.088969618258436040e-06,2.098563095879938242e-06,1.000000000000000000e+00,1.281048426376113882e-11,1.004579487254659398e+00,2.088970006547113899e-06
2.560000000000000000e+02,8.000000000000000444e-01,2.642143015753732529e-03,6.450544472055011057e-07,2.229924959619162491e-06,2.240857551517030896e-06,1.000000000000000000e+00,1.459038088731760706e-11,1.004887670363110885e+00,2.229925432037760686e-06
2.560000000000000000e+02,8.000000000000000444e-01,2.821295266586763655e-03,6.887927896940340953e-07,2.380342205730653582e-06,2.392800376624076379e-06,1.000000000000000000e+00,1.662029699462600795e-11,1.005216424249567808e+00,2.380342779870705574e-06
2.560000000000000000e+02,8.000000000000000444e-01,3.012595054016856816e-03,7.354968393595841836e-07,2.540849703837846742e-06,2.555045785260307263e-06,1.000000000000000000e+00,1.892788392388898836e-11,1.005567102258289935e+00,2.540850401759214758e-06
2.560000000000000000e+02,8.000000000000000444e-01,3.216866049779594592e-03,7.853676879344713359e-07,2.712116594251338493e-06,2.728292350900983634e-06,1.000000000000000000e+00,2.155632880294150415e-11,1.005941138060357787e+00,2.712117442578293323e-06
2.560000000000000000e+02,8.000000000000000444e-01,3.434987775216160385e-03,8.386200623086329065e-07,2.894855329775395208e-06,2.913286014256870367e-06,1.000000000000000000e+00,2.454705320580636879e-11,1.006340058283001326e+00,2.894856360935425177e-06
2.560000000000000000e+02,8.000000000000000444e-01,3.667899388192707218e-03,8.954832490704851607e-07,3.089824334594705235e-06,3.110823295040899668e-06,1.000000000000000000e+00,2.795130476970135462e-11,1.006765482938149603e+00,3.089825588075805754e-06
2.560000000000000000e+02,8.000000000000000444e-01,3.916603726794289086e-03,9.562020817368869840e-07,3.297830807062683032e-06,3.321754721510793983e-06,1.000000000000000000e+00,3.182306169049086707e-11,1.007219134900438462e+00,3.297832330317791269e-06
2.560000000000000000e+02,8.000000000000000444e-01,4.182171627204126461e-03,1.021037994922882437e-06,3.519733669058012864e-06,3.546988492554085182e-06,1.000000000000000000e+00,3.622871954273016131e-11,1.007702842958103417e+00,3.519735520058530021e-06
2.560000000000000000e+02,8.000000000000000444e-01,4.465746534359528452e-03,1.090270149990119251e-06,3.756446671681844732e-06,3.787494388083228741e-06,1.000000000000000000e+00,4.124086429153490108e-11,1.008218549703485678e+00,3.756448920167780866e-06
2.560000000000000000e+02,8.000000000000000444e-01,4.768549425236381228e-03,1.164196637020600886e-06,4.008941654633805500e-06,4.044307944577638766e-06,1.000000000000000000e+00,4.693948783932478337e-11,1.008768314352110451e+00,4.008944386290654835e-06
2.560000000000000000e+02,8.000000000000000444e-01,5.091884065960190081e-03,1.243135758291062032e-06,4.278251973480776253e-06,4.318534913751107465e-06,1.000000000000000000e+00,5.342148574134402782e-11,1.009354320091581769e+00,4.278255291197467838e-06
2.560000000000000000e+02,8.000000000000000444e-01,5.437142625379003634e-03,1.327427398774170809e-06,4.565476085940033905e-06,4.611356023542104309e-06,1.000000000000000000e+00,6.078966098778508434e-11,1.009978884772628760e+00,4.565480114840229816e-06
2.560000000000000000e+02,8.000000000000000444e-01,5.805811669268357879e-03,1.417434489567470185e-06,4.871781311391483551e-06,4.924032061926177098e-06,1.000000000000000000e+00,6.916444965861487767e-11,1.010644461041266595e+00,4.871786203189334437e-06
2.560000000000000000e+02,8.000000000000000444e-01,6.199478560977239941e-03,1.513544570551083970e-06,5.198407760070537781e-06,5.257909305439595134e-06,1.000000000000000000e+00,7.868365801413007859e-11,1.011353648259607496e+00,5.198413698218711948e-06
2.560000000000000000e+02,8.000000000000000444e-01,6.619838296074074396e-03,1.616171459002459569e-06,5.546672433278679803e-06,5.614425315787627576e-06,1.000000000000000000e+00,8.949820691710203349e-11,1.012109197051294984e+00,5.546679640570591488e-06
2.560000000000000000e+02,8.000000000000000444e-01,7.068700800420399041e-03,1.725757031352636485e-06,5.917973499502058060e-06,5.995115129495675770e-06,1.000000000000000000e+00,1.017847052761827642e-10,1.012914014903564919e+00,5.917982245449525250e-06
2.560000000000000000e+02,8.000000000000000444e-01,7.547998723095223662e-03,1.842773125755669839e-06,6.313794741114933787e-06,6.401617867253764669e-06,1.000000000000000000e+00,1.157369433926800644e-10,1.013771178639643722e+00,6.313805351156491923e-06
2.560000000000000000e+02,8.000000000000000444e-01,8.059795757723796708e-03,1.967723573663036306e-06,6.735710169454124524e-06,6.835683791412034740e-06,1.000000000000000000e+00,1.315791079672029624e-10,1.014683937445269635e+00,6.735723038365248735e-06
2.560000000000000000e+02,8.000000000000000444e-01,8.606295528039528686e-03,2.101146369150275558e-06,7.185388811824506976e-06,7.299181842014332137e-06,1.000000000000000000e+00,1.495631963577110328e-10,1.015655719536177060e+00,7.185404416752292932e-06
2.560000000000000000e+02,8.000000000000000444e-01,9.189851075937335162e-03,2.243615985336263467e-06,7.664599655788654142e-06,7.794107683817568557e-06,1.000000000000000000e+00,1.699683359442579057e-10,1.016690141124904301e+00,7.664618573908232551e-06
2.560000000000000000e+02,8.000000000000000444e-01,9.812974992870671445e-03,2.395745847868816271e-06,8.175216751637777248e-06,8.322592298944505646e-06,1.000000000000000000e+00,1.931180704034220190e-10,1.017791013105423303e+00,8.175239679571637689e-06
2.560000000000000000e+02,8.000000000000000444e-01,1.047835023821464331e-02,2.558190976126621903e-06,8.719224457066532301e-06,8.886911162167052719e-06,1.000000000000000000e+00,2.193709155086555431e-10,1.018962349692920100e+00,8.719252236129856562e-06
2.560000000000000000e+02,8.000000000000000444e-01,1.118884169117540829e-02,2.731650803509621165e-06,9.298722817401232395e-06,9.489494038325726650e-06,1.000000000000000000e+00,2.491341079986858328e-10,1.020208370927583985e+00,9.298756464019623488e-06
2.560000000000000000e+02,8.000000000000000444e-01,1.194750848598429178e-02,2.916872188961008736e-06,9.915933068514734615e-06,1.013293544406951286e-05,1.000000000000000000e+00,2.828645595390760297e-10,1.021533513479106148e+00,9.915973808132295828e-06
2.560000000000000000e+02,8.000000000000000444e-01,1.275761718348800665e-02,3.114652632687501623e-06,1.057320323490738862e-05,1.082000581896099476e-05,2.000000000000000000e+00,9.780316051629756513e-16,1.022942428112685320e+00,1.057325254858890080e-05
2.560000000000000000e+02,8.000000000000000444e-01,1.362265583584724819e-02,3.325843709923644578e-06,1.127301383007386115e-05,1.155366345404564979e-05,2.000000000000000000e+00,2.855099567978881925e-16,1.024439993110007663e+00,1.127307349630647696e-05
2.560000000000000000e+02,8.000000000000000444e-01,1.454634900490137626e-02,3.551354737524750065e-06,1.201798358767241862e-05,1.233706722924559342e-05,2.000000000000000000e+00,7.591771848829461134e-16,1.026031321213181968e+00,1.201805575064658257e-05
2.560000000000000000e+02,8.000000000000000444e-01,1.553267379886318945e-02,3.792156689175583363e-06,1.281087525282380480e-05,1.317359021442067789e-05,2.000000000000000000e+00,7.562544521288886693e-16,1.027721751287202778e+00,1.281096249314336714e-05
2.560000000000000000e+02,8.000000000000000444e-01,1.658587699639249222e-02,4.049286376072385795e-06,1.365460136694400443e-05,1.406683419265860463e-05,2.000000000000000000e+00,1.196666365591583991e-15,1.029516858157737857e+00,1.365470678788505801e-05
2.560000000000000000e+02,8.000000000000000444e-01,1.771049333177878923e-02,4.323850911078805965e-06,1.455223002525824441e-05,1.502064516832635266e-05,2.000000000000000000e+00,4.492636679742593874e-16,1.031422451969746135e+00,1.455235735561325629e-05
2.560000000000000000e+02,8.000000000000000444e-01,1.891136501996273575e-02,4.617032475576839783e-06,1.550699056926945973e-05,1.603912992665512812e-05,2.000000000000000000e+00,7.008090431371729296e-16,1.033444579252446260e+00,1.550714428506537375e-05
2.560000000000000000e+02,8.000000000000000444e-01,2.019366260546452338e-02,4.930093409537237153e-06,1.652227916935038567e-05,1.712667371615889895e-05,2.000000000000000000e+00,8.273291950732835238e-16,1.035589518271940790e+00,1.652246464158528341e-05
2.560000000000000000e+02,8.000000000000000444e-01,2.156290722498776721e-02,5.264381646725529105e-06,1.760166426550866005e-05,1.828795913002111213e-05,2.000000000000000000e+00,4.600374678339978296e-16,1.037863775806744826e+00,1.760188792964945714e-05
2.560000000000000000e+02,8.000000000000000444e-01,2.302499437955396119e-02,5.621336518445791307e-06,1.874889180106852960e-05,1.952798626774630326e-05,2.000000000000000000e+00,1.095920587407623560e-15,1.040274083233828861e+00,1.874916136279674737e-05
2.560000000000000000e+02,8.000000000000000444e-01,2.458621931852203457e-02,6.002494950811043597e-06,1.996789021421265878e-05,2.085209426388567782e-05,2.000000000000000000e+00,8.958635973771460269e-16,1.042827384461364915e+00,1.996821489162334468e-05
2.560000000000000000e+02,8.000000000000000444e-01,2.625330414478807897e-02,6.409498082223652093e-06,2.126277513145628526e-05,2.226598427653210955e-05,2.000000000000000000e+00,6.922005290065481076e-16,1.045530826514035283e+00,2.126316593813746061e-05
2.560000000000000000e+02,8.000000000000000444e-01,2.803342675787120000e-02,6.844098329558398438e-06,2.263785370135380418e-05,2.377574403456533808e-05,2.000000000000000000e+00,9.604472224439926154e-16,1.048391746158547022e+00,2.263832378300036606e-05
2.560000000000000000e+02,8.000000000000000444e-01,2.993425175950448214e-02,7.308166933472773959e-06,2.409762852183826014e-05,2.538787404933942542e-05,2.000000000000000000e+00,5.581479964033095688e-16,1.051417650586305541e+00,2.409819355116567027e-05
2.560000000000000000e+02,8.000000000000000444e-01,3.196396345479970286e-02,7.803702015331958705e-06,2.564680110349251758e-05,2.710931560367073803e-05,2.000000000000000000e+00,4.377709878551212984e-16,1.054616198440363917e+00,2.564747974132667834e-05
2.560000000000000000e+02,8.000000000000000444e-01,3.413130109107773841e-02,8.332837180438900978e-06,2.729027480616643068e-05,2.894748063863771469e-05,2.000000000000000000e+00,6.914546872631230842e-16,1.057995174607562205e+00,2.729108924556180408e-05
2.560000000000000000e+02,8.000000000000000444e-01,3.644559648609139307e-02,8.897850704612156512e-06,2.903315721078014838e-05,3.091028366687500383e-05,2.000000000000000000e+00,5.318696342195833274e-16,1.061562461894734355e+00,2.903413380779261860e-05
2.560000000000000000e+02,8.000000000000000444e-01,3.891681420765479016e-02,9.501175343665720254e-06,3.088076185973135095e-05,3.300617584976969798e-05,2.000000000000000000e+00,1.342050743053976042e-15,1.065326009201960744e+00,3.088193187330084640e-05
2.560000000000000000e+02,8.000000000000000444e-01,4.155559447767866871e-02,1.014540880802701873e-05,3.283860933751666853e-05,3.524418138528393916e-05,2.000000000000000000e+00,3.993890806877553990e-16,1.069293793384218816e+00,3.284000978673173860e-05
2.560000000000000000e+02,8.000000000000000444e-01,4.437329898534216749e-02,1.083332494759330261e-05,3.491242764452480679e-05,3.763393636307801394e-05,2.000000000000000000e+00,6.024919395227444773e-16,1.073473779311232335e+00,3.491410230286586344e-05
2.560000000000000000e+02,8.000000000000000444e-01,4.738205980665719658e-02,1.156788569498466713e-05,3.710815183605430676e-05,4.018573025423079903e-05,2.000000000000000000e+00,5.995082615750583901e-16,1.077873874344327021e+00,3.711015238305533391e-05
2.560000000000000000e+02,8.000000000000000444e-01,5.059483164105626346e-02,1.235225381861725182e-05,3.943192290971051005e-05,4.291055021419825277e-05,2.000000000000000000e+00,7.285166964838219777e-16,1.082501876969821808e+00,3.943431026063840439e-05
2.560000000000000000e+02,8.000000000000000444e-01,5.402544758991619650e-02,1.318980654050688391e-05,4.189008593854607476e-05,4.582012838976286988e-05,2.000000000000000000e+00,9.742897767863727019e-16,1.087365422672011306e+00,4.189293177085727342e-05
2.560000000000000000e+02,8.000000000000000444e-01,5.768867871718145329e-02,1.408415007743687825e-05,4.448918744686379702e-05,4.892699243366204360e-05,2.000000000000000000e+00,7.712294531359263258e-16,1.092471926027926088e+00,4.449257595473517853e-05
2.560000000000000000e+02,8.000000000000000444e-01,6.160029764853523770e-02,1.503913516809942327e-05,4.723597205890660457e-05,5.224451944439449706e-05,2.000000000000000000e+00,7.595719900671463330e-16,1.097828516004959454e+00,4.724000196186661787e-05
2.560000000000000000e+02,8.000000000000000444e-01,6.577714648295433786e-02,1.605887365306502389e-05,5.013737846531329264e-05,5.578699356345087070e-05,2.000000000000000000e+00,5.108922198545888744e-16,1.103441970046421972e+00,5.014216529391123735e-05
2.560000000000000000e+02,8.000000000000000444e-01,7.023720930905150150e-02,1.714775617896765173e-05,5.320053474866414436e-05,5.956966747796230437e-05,2.000000000000000000e+00,7.301342555914915718e-16,1.109318645078914756e+00,5.320621344844173387e-05
2.560000000000000000e+02,8.000000000000000444e-01,7.499968963843588188e-02,1.831047110313376022e-05,5.643275315917900976e-05,6.360882809357639497e-05,2.000000000000000000e+00,6.009935475804771065e-16,1.115464403922132419e+00,5.643948104127799106e-05
2.560000000000000000e+02,8.000000000000000444e-01,8.008509308949444960e-02,1.955202468005235586e-05,5.984152443074132439e-05,6.792186666032652774e-05,2.000000000000000000e+00,1.053221041483977913e-15,1.121884541851738248e+00,5.984948450406332319e-05
2.560000000000000000e+02,8.000000000000000444e-01,8.551531567760162211e-02,2.087776261660195852e-05,6.343451174474106825e-05,7.252735365343201122e-05,2.000000000000000000e+00,6.937974392964081748e-16,1.128583711391740962e+00,6.344391647204930117e-05
2.560000000000000000e+02,8.000000000000000444e-01,9.131373809190430901e-02,2.229339308884382544e-05,6.721954448209432062e-05,7.744511873143976105e-05,2.000000000000000000e+00,7.661569593697696200e-16,1.135565846921785749e+00,6.723063999424586372e-05
2.560000000000000000e+02,8.000000000000000444e-01,9.750532636460650104e-02,2.380501131948400904e-05,7.120461190113333734e-05,8.269633611598054348e-05,2.000000000000000000e+00,6.430906368706341943e-16,1.142834091133384078e+00,7.121768271362556124e-05
2.560000000000000000e+02,8.000000000000000444e-01,1.041167393662017354e-01,2.541912582182659556e-05,7.539785690526616918e-05,8.830361576075638748e-05,2.000000000000000000e+00,1.531098611841392084e-15,1.150390723049909525e+00,7.541323117828691307e-05
2.560000000000000000e+02,8.000000000000000444e-01,1.111764435894909558e-01,2.714268642321556539e-05,7.980757007141428560e-05,9.429110070230159566e-05,2.000000000000000000e+00,1.082490541014133612e-15,1.158237090399598657e+00,7.982562545476103752e-05
2.560000000000000000e+02,8.000000000000000444e-01,1.187148357166056961e-01,2.898311418862443753e-05,8.444218411068538555e-05,1.006845710116756874e-04,2.000000000000000000e+00,9.572482399638575938e-16,1.166373546776437564e+00,8.446335422141307335e-05
2.560000000000000000e+02,8.000000000000000444e-01,1.267643734967688063e-01,3.094833337323457185e-05,8.931026894828983755e-05,1.075115547946691298e-04,2.000000000000000000e+00,7.335170881066511616e-16,1.174799394654730378e+00,8.933505052267042262e-05
2.560000000000000000e+02,8.000000000000000444e-01,1.353597154983092465e-01,3.304680554157940589e-05,9.442052759861393411e-05,1.148014467184523641e-04,2.000000000000000000e+00,1.184609718263781229e-15,1.183512836801799750e+00,9.444948836324385010e-05
2.560000000000000000e+02,8.000000000000000444e-01,1.445378703366545503e-01,3.528756600015980232e-05,9.978179300604372393e-05,1.225856345750023875e-04,2.000000000000000000e+00,9.715649131809412399e-16,1.192510936339310490e+00,9.981558031539433629e-05
2.560000000000000000e+02,8.000000000000000444e-01,1.543383560208247962e-01,3.768026270039667876e-05,1.054030260190357558e-04,1.308976344262452799e-04,2.000000000000000000e+00,1.268393230413957420e-15,1.201789587356973499e+00,1.054423763016104886e-04
2.560000000000000000e+02,8.000000000000000444e-01,1.648033701045204524e-01,4.023519777942393858e-05,1.112933146365199018e-04,1.397732349128039629e-04,2.000000000000000000e+00,1.226347302496869989e-15,1.211343496498123784e+00,1.113390636999686252e-04
2.560000000000000000e+02,8.000000000000000444e-01,1.759779713744183127e-01,4.296337191758259588e-05,1.174618746661784669e-04,1.492506513476970738e-04,2.000000000000000000e+00,1.269126123217803356e-15,1.221166176964802119e+00,1.175149689002991576e-04
2.560000000000000000e+02,8.000000000000000444e-01,1.879102738579625231e-01,4.587653170360413163e-05,1.239180518866389081e-04,1.593706902584627065e-04,2.000000000000000000e+00,1.022930784400414925e-15,1.231249955640262073e+00,1.239795604166270585e-04
2.560000000000000000e+02,8.000000000000000444e-01,2.006516539859803661e-01,4.898722021142098781e-05,1.306713258047464998e-04,1.701769250861685757e-04,2.000000000000000000e+00,7.380795011548224978e-16,1.241585993091511853e+00,1.307424536358953030e-04
2.560000000000000000e+02,8.000000000000000444e-01,2.142569718020959080e-01,5.230883100637107128e-05,1.377313150533544036e-04,1.817158837978091247e-04,2.000000000000000000e+00,8.111128362501902755e-16,1.252164317877429767e+00,1.378134172555715419e-04
2.560000000000000000e+02,8.000000000000000444e-01,2.287848071713951548e-01,5.585566581332889521e-05,1.451077844515470195e-04,1.940372492198861687e-04,2.000000000000000000e+00,6.773877248650686593e-16,1.262973874074653224e+00,1.452023814343010653e-04
2.560000000000000000e+02,8.000000000000000444e-01,2.442977120053763940e-01,5.964299609506259618e-05,1.528106537243592545e-04,2.071940729557410666e-04,2.000000000000000000e+00,9.930509886235904177e-16,1.274002581298548264e+00,1.529194476513021528e-04
2.560000000000000000e+02,8.000000000000000444e-01,2.608624795891773540e-01,6.368712880595150244e-05,1.608500078515342081e-04,2.212430038076903377e-04,2.000000000000000000e+00,8.398983026193684704e-16,1.285237407854253888e+00,1.609749002426775035e-04
2.560000000000000000e+02,8.000000000000000444e-01,2.785504321707129027e-01,6.800547660417795477e-05,1.692361089722424613e-04,2.362445316874754156e-04,2.000000000000000000e+00,1.093046313426924339e-15,1.296664455327025678e+00,1.693792195571697733e-04
2.560000000000000000e+02,8.000000000000000444e-01,2.974377280499860832e-01,7.261663282470363359e-05,1.779794097722572346e-04,2.522632480652230603e-04,2.000000000000000000e+00,6.539885126774844095e-16,1.308269052472192939e+00,1.781430966509529932e-04
2.560000000000000000e+02,8.000000000000000444e-01,3.176056894907924311e-01,7.754045153583799586e-05,1.870905682481180474e-04,2.693681240783190982e-04,2.000000000000000000e+00,1.177183974013957400e-15,1.320035858179242183e+00,1.872774494214992183e-04
2.560000000000000000e+02,8.000000000000000444e-01,3.391411528666919417e-01,8.279813302409471233e-05,1.965804637228429398e-04,2.876328074976366414e-04,2.000000000000000000e+00,1.283923236715768894e-15,1.331948971677341831e+00,1.967934400649376536e-04
2.560000000000000000e+02,8.000000000000000444e-01,3.621368425488589726e-01,8.841231507540502261e-05,2.064602139797685272e-04,3.071359398297545946e-04,2.000000000000000000e+00,1.016022098532886652e-15,1.343992047593308925e+00,2.067024937299417648e-04
2.560000000000000000e+02,8.000000000000000444e-01,3.866917701456477618e-01,9.440717044571478561e-05,2.167411933766686045e-04,3.279614949205039796e-04,2.000000000000000000e+00,1.365759547229629376e-15,1.356148414068618635e+00,2.170163182341976985e-04
2.560000000000000000e+02,8.000000000000000444e-01,4.129116608128597377e-01,1.008085109406395844e-04,2.274350517947646647e-04,3.501991405177509579e-04,2.000000000000000000e+00,9.949136840847063421e-16,1.368401192587372250e+00,2.277469247068591507e-04
2.560000000000000000e+02,8.000000000000000444e-01,4.409094084702579464e-01,1.076438985523090689e-04,2.385537342732542507e-04,3.739446243501813334e-04,2.000000000000000000e+00,1.488078412422995544e-15,1.380733416824270421e+00,2.389066490218700667e-04
2.560000000000000000e+02,8.000000000000000444e-01,4.708055618843359214e-01,1.149427641319179495e-04,2.501095012008722413e-04,3.993001863844101865e-04,2.000000000000000000e+00,1.402718060671121835e-15,1.393128149293844764e+00,2.505081738922716023e-04
2.560000000000000000e+02,8.000000000000000444e-01,5.027288437102539476e-01,1.227365341089487177e-04,2.621149489182434929e-04,4.263749990354610549e-04,2.000000000000000000e+00,1.087933895619492270e-15,1.405568594000690119e+00,2.625645515041112208e-04
2.560000000000000000e+02,8.000000000000000444e-01,5.368167047277562220e-01,1.310587658026748589e-04,2.745830306221073991e-04,4.552856372260065962e-04,2.000000000000000000e+00,1.354387362078691465e-15,1.418038203205933101e+00,2.750892265797712840e-04
2.560000000000000000e+02,8.000000000000000444e-01,5.732159156574168080e-01,1.399452919085490254e-04,2.875270774540685361e-04,4.861565803182837822e-04,2.000000000000000000e+00,1.370684472734458930e-15,1.430520777266172772e+00,2.880960597738325317e-04
2.560000000000000000e+02,8.000000000000000444e-01,6.120831991053755639e-01,1.494343747815858310e-04,3.009608196876319705e-04,5.191207480798328651e-04,2.000000000000000000e+00,1.280466262052025575e-15,1.443000556480525276e+00,3.015993513193511574e-04
2.560000000000000000e+02,8.000000000000000444e-01,6.535859043575082961e-01,1.595668711810322988e-04,3.148984079241865419e-04,5.543200729907504527e-04,2.000000000000000000e+00,8.149150150855592100e-16,1.455462304097395965e+00,3.156138648580527023e-04
2.560000000000000000e+02,8.000000000000000444e-01,6.979027279284628626e-01,1.703864081856598786e-04,3.293544342414852903e-04,5.919061113566152343e-04,2.000000000000000000e+00,1.056750240020957688e-15,1.467891379421776943e+00,3.301548514038646570e-04
2.560000000000000000e+02,8.000000000000000444e-01,7.452244829679911531e-01,1.819395710371072151e-04,3.443439532439627614e-04,6.320406958583233824e-04,2.000000000000000000e+00,1.121661645047223647e-15,1.480273801316410953e+00,3.452380734049285017e-04
2.560000000000000000e+02,8.000000000000000444e-01,7.957549208373859706e-01,1.942761037200649342e-04,3.598825029753519684e-04,6.748966323484960729e-04,2.000000000000000000e+00,1.003794292997636635e-15,1.492596301289605076e+00,3.608798288843329547e-04
2.560000000000000000e+02,8.000000000000000444e-01,8.497116083934556086e-01,2.074491231429334982e-04,3.759861256834033292e-04,7.206584438946328540e-04,2.000000000000000000e+00,9.782327183107940249e-16,1.504846366673984637e+00,3.770969756539420729e-04
2.560000000000000000e+02,8.000000000000000444e-01,9.073268647573181633e-01,2.215153478411421297e-04,3.926713884140900978e-04,7.695231652726011989e-04,2.000000000000000000e+00,1.021437182972782092e-15,1.517012274111029679e+00,3.939069556086076721e-04
2.560000000000000000e+02,8.000000000000000444e-01,9.688487616014154202e-01,2.365353421878455616e-04,4.099554034482490801e-04,8.217011913312771958e-04,2.000000000000000000e+00,1.138083834406990031e-15,1.529083113121346926e+00,4.113278191195788745e-04
2.560000000000000000e+02,8.000000000000000444e-01,1.034542191261647259e+00,2.525737771634881004e-04,4.278558485918544348e-04,8.774171828811094722e-04,2.000000000000000000e+00,1.110034489113777679e-15,1.541048801382500777e+00,4.293782495559777786e-04
2.560000000000000000e+02,8.000000000000000444e-01,1.104690007273561703e+00,2.696997088070219001e-04,4.463909873262640539e-04,9.369110340070612884e-04,2.000000000000000000e+00,1.252616445259089806e-15,1.552900091343798028e+00,4.480775879717390723e-04
2.560000000000000000e+02,8.000000000000000444e-01,1.179594242243353852e+00,2.879868755476938116e-04,4.655796888656830654e-04,1.000438904970844768e-03,2.000000000000000000e+00,1.274006305297478701e-15,1.564628569495673194e+00,4.674458580024720027e-04
2.560000000000000000e+02,8.000000000000000444e-01,1.259577408297405610e+00,3.075140156976087914e-04,4.854414481255824618e-04,1.068274325149768137e-03,2.000000000000000000e+00,1.150711880406310080e-15,1.576226648807237840e+00,4.875037910223370668e-04
2.560000000000000000e+02,8.000000000000000444e-01,1.344983885709660987e+00,3.283652064720852018e-04,5.059964056636051229e-04,1.140709370761076522e-03,2.000000000000000000e+00,1.243834151884344334e-15,1.587687555201930500e+00,5.082728516153964086e-04
2.560000000000000000e+02,8.000000000000000444e-01,1.436181405685807766e+00,3.506302259975116616e-04,5.272653675998828938e-04,1.218055922442676286e-03,2.000000000000000000e+00,1.595470847918431659e-15,1.599005309051820589e+00,5.297752634190653308e-04
2.560000000000000000e+02,8.000000000000000444e-01,1.533562633688621002e+00,3.744049398653859868e-04,5.492698255770447858e-04,1.300647008104954035e-03,2.000000000000000000e+00,9.159107509897715407e-16,1.610174702057778795e+00,5.520340353994542763e-04
2.560000000000000000e+02,8.000000000000000444e-01,1.637546860121714021e+00,3.997917138969028371e-04,5.720319767780335371e-04,1.388838236835538472e-03,2.000000000000000000e+00,9.249145335920148735e-16,1.621191270707768695e+00,5.750729886196694583e-04
2.560000000000000000e+02,8.000000000000000444e-01,1.748581805651217236e+00,4.268998548953167080e-04,5.955747440505487940e-04,1.483009330030919453e-03,2.000000000000000000e+00,1.382481520828689759e-15,1.632051266839259718e+00,5.989167835627151560e-04
2.560000000000000000e+02,8.000000000000000444e-01,1.867145548938493604e+00,4.558460812838119151e-04,6.199217961581082476e-04,1.583565756347466531e-03,2.000000000000000000e+00,1.204585347460225008e-15,1.642751625983188468e+00,6.235909480706255167e-04
2.560000000000000000e+02,8.000000000000000444e-01,1.993748585084050617e+00,4.867550256552857953e-04,6.450975682030920741e-04,1.690940477511386269e-03,2.000000000000000000e+00,1.146064193831956104e-15,1.653289934138556738e+00,6.491219059609903714e-04
2.560000000000000000e+02,8.000000000000000444e-01,2.128936023645580988e+00,5.197597713978469210e-04,6.711272822356446725e-04,1.805595812504458362e-03,2.000000000000000000e+00,1.550345066209671004e-15,1.663664393436476985e+00,6.755370063812696788e-04
2.560000000000000000e+02,8.000000000000000444e-01,2.273289935694066344e+00,5.550024257065591660e-04,6.980369680916924998e-04,1.928025428152116503e-03,2.000000000000000000e+00,1.011564940515660340e-15,1.673873787416109593e+00,7.028645539602960219e-04
2.560000000000000000e+02,8.000000000000000444e-01,2.427431860013586906e+00,5.926347314486296158e-04,7.258534844602907224e-04,2.058756464684682354e-03,2.000000000000000000e+00,1.382756794431106643e-15,1.683917446199803436e+00,7.311338398152568549e-04
2.560000000000000000e+02,8.000000000000000444e-01,2.592025479235663177e+00,6.328187205165193303e-04,7.546045402214558674e-04,2.198351805423681173e-03,2.000000000000000000e+00,1.201291979124185009e-15,1.693795211722434857e+00,7.603751734712963384e-04
2.560000000000000000e+02,8.000000000000000444e-01,2.767779477430636348e+00,6.757274114820889521e-04,7.843187160548262130e-04,2.347412500365723791e-03,2.000000000000000000e+00,9.081482990788213702e-16,1.703507403768897532e+00,7.906199157497322298e-04
2.560000000000000000e+02,8.000000000000000444e-01,2.955450591459913845e+00,7.215455545556430286e-04,8.150254863395505920e-04,2.506580354099088165e-03,2.000000000000000000e+00,1.531169831233302202e-15,1.713054786759355963e+00,8.219005126798464671e-04
2.560000000000000000e+02,8.000000000000000444e-01,3.155846869227187490e+00,7.704704270574188208e-04,8.467552413485490356e-04,2.676540689195708572e-03,2.000000000000000000e+00,1.449587452081876523e-15,1.722438537688798732e+00,8.542505304882604990e-04
2.560000000000000000e+02,8.000000000000000444e-01,3.369831148857534764e+00,8.227126828265465732e-04,8.795393097439119798e-04,2.858025296976792265e-03,2.000000000000000000e+00,1.056989694054994629e-15,1.731660215055642382e+00,8.877046917191243726e-04
2.560000000000000000e+02,8.000000000000000444e-01,3.598324773784522979e+00,8.784972592247370553e-04,9.134099813816157383e-04,3.051815588357017009e-03,2.000000000000000000e+00,1.258354508715163116e-15,1.740721729379625771e+00,9.222989125376896162e-04
2.560000000000000000e+02,8.000000000000000444e-01,3.842311559741248939e+00,9.380643456399533541e-04,9.484005304080272460e-04,3.258745958333802463e-03,2.000000000000000000e+00,1.751176488741396910e-15,1.749625315123001457e+00,9.580703412694490002e-04
2.560000000000000000e+02,8.000000000000000444e-01,4.102842030735847523e+00,1.001670417660119024e-03,9.845452386591990387e-04,3.479707378608014583e-03,2.000000000000000000e+00,1.181916970569198285e-15,1.758373503945414029e+00,9.950573982267329858e-04
2.560000000000000000e+02,8.000000000000000444e-01,4.381037942250119777e+00,1.069589341369658149e-03,1.021879419343810170e-03,3.715651233804695593e-03,2.000000000000000000e+00,1.503184409250480079e-15,1.766969099686889422e+00,1.033299816874605828e-03
2.560000000000000000e+02,8.000000000000000444e-01,4.678097111136604092e+00,1.142113552523584983e-03,1.060439441000028205e-03,3.967593417811246699e-03,2.000000000000000000e+00,1.384726387386906712e-15,1.775415154771486925e+00,1.072838686388055771e-03
2.560000000000000000e+02,8.000000000000000444e-01,4.995298573009987919e+00,1.219555315676266582e-03,1.100262751712652266e-03,4.236618707870514096e-03,2.000000000000000000e+00,1.216266549416189456e-15,1.783714948168277914e+00,1.113716495652772353e-03
2.560000000000000000e+02,8.000000000000000444e-01,5.334008089338897918e+00,1.302248068686254374e-03,1.141387903568540085e-03,4.523885435262178789e-03,2.000000000000000000e+00,1.478247620594892378e-15,1.791871964961089247e+00,1.155977178762351799e-03
2.560000000000000000e+02,8.000000000000000444e-01,5.695684027949676320e+00,1.390547858386151445e-03,1.183854577326187317e-03,4.830630472682785094e-03,2.000000000000000000e+00,1.328506539079279020e-15,1.799889877255630211e+00,1.199666162065431661e-03
2.560000000000000000e+02,8.000000000000000444e-01,6.081883642261565193e+00,1.484834873599014940e-03,1.227703607281200714e-03,5.158174559798327230e-03,2.000000000000000000e+00,1.401624252644218869e-15,1.807772526581647554e+00,1.244830412817128293e-03
2.560000000000000000e+02,8.000000000000000444e-01,6.494269776289567808e+00,1.585515082101945266e-03,1.272977006287713845e-03,5.507927989899438596e-03,2.000000000000000000e+00,1.105781723991570192e-15,1.815523907748172405e+00,1.291518489490169931e-03
2.560000000000000000e+02,8.000000000000000444e-01,6.934618024284492144e+00,1.693021978585081090e-03,1.319717990909673091e-03,5.881396682144027568e-03,2.000000000000000000e+00,1.823909604278069764e-15,1.823148153927117932e+00,1.339780593802305554e-03
2.560000000000000000e+02,8.000000000000000444e-01,7.404824375837132600e+00,1.807818451132112451e-03,1.367971006662676431e-03,6.280188665532339225e-03,2.000000000000000000e+00,1.434600401234371292e-15,1.830649523001785184e+00,1.389668624517896968e-03
2.560000000000000000e+02,8.000000000000000444e-01,7.906913379363725625e+00,1.930398774258722076e-03,1.417781753308924256e-03,6.706021002532183174e-03,2.000000000000000000e+00,1.287086645047933544e-15,1.838032385232168053e+00,1.441236233083009310e-03
2.560000000000000000e+02,8.000000000000000444e-01,8.443046859121913883e+00,2.061290737090311007e-03,1.469197210151929490e-03,7.160727182165125410e-03,2.000000000000000000e+00,2.074442331639997858e-15,1.845301211962826926e+00,1.494538881155020593e-03
2.560000000000000000e+02,8.000000000000000444e-01,9.015533223289796894e+00,2.201057915842235570e-03,1.522265661296852424e-03,7.646265014385825176e-03,2.000000000000000000e+00,1.483244544623888858e-15,1.852460565372016532e+00,1.549633900089363633e-03
2.560000000000000000e+02,8.000000000000000444e-01,9.626837403185430020e+00,2.350302100387067876e-03,1.577036720812179669e-03,8.164725059744980945e-03,2.000000000000000000e+00,1.916353809778109770e-15,1.859515089396406751e+00,1.606580552447970647e-03
2.560000000000000000e+02,8.000000000000000444e-01,1.027959146642159638e+01,2.509665885356835054e-03,1.633561357739240529e-03,8.718339630631071965e-03,2.000000000000000000e+00,1.330915638990178895e-15,1.866469501494435690e+00,1.665440095595857855e-03
2.560000000000000000e+02,8.000000000000000444e-01,1.097660594969252301e+01,2.679835436936651126e-03,1.691891920891688264e-03,9.309492402847237280e-03,2.000000000000000000e+00,1.489437063416425173e-15,1.873328585258420276e+00,1.726275847454395275e-03
2.560000000000000000e+02,8.000000000000000444e-01,1.172088195998776428e+01,2.861543447262637763e-03,1.752082163379616118e-03,9.940728678907516380e-03,2.000000000000000000e+00,1.313054054105593615e-15,1.880097183956067397e+00,1.789153254482012427e-03
2.560000000000000000e+02,8.000000000000000444e-01,1.251562409633688944e+01,3.055572289144748398e-03,1.814187266782823788e-03,1.061476634724269064e-02,2.000000000000000000e+00,1.621284015787277519e-15,1.886780194884750017e+00,1.854139961955323865e-03
2.560000000000000000e+02,8.000000000000000444e-01,1.336425424772150983e+01,3.262757384697634235e-03,1.878263864901397054e-03,1.133450758450224062e-02,2.000000000000000000e+00,1.311300977375572822e-15,1.893382564367222187e+00,1.921305886626029210e-03
2.560000000000000000e+02,8.000000000000000444e-01,1.427042632656381826e+01,3.483990802383744693e-03,1.944370067006051051e-03,1.210305135133856944e-02,2.000000000000000000e+00,1.176272741664031655e-15,1.899909283448984354e+00,1.990723291831537033e-03
2.560000000000000000e+02,8.000000000000000444e-01,1.523804200122913599e+01,3.720225097956332029e-03,2.012565480499646162e-03,1.292370673547623382e-02,2.000000000000000000e+00,1.401957114458469800e-15,1.906365384284008258e+00,2.062466865139707048e-03
2.560000000000000000e+02,8.000000000000000444e-01,1.627126749528122218e+01,3.972477415840142134e-03,2.082911232899113847e-03,1.380000719951679847e-02,2.000000000000000000e+00,1.287239698681444086e-15,1.912755937078387092e+00,2.136613798610927702e-03
2.560000000000000000e+02,8.000000000000000444e-01,1.737455152582202800e+01,4.241833868608893554e-03,2.155469993043978780e-03,1.473572579482539807e-02,2.000000000000000000e+00,1.567437629262611202e-15,1.919086047549257046e+00,2.213243871763436767e-03
2.560000000000000000e+02,8.000000000000000444e-01,1.855264445815240393e+01,4.529454213416114240e-03,2.230305991430131269e-03,1.573489140700489591e-02,2.000000000000000000e+00,1.377914250274984452e-15,1.925360855004846883e+00,2.292439537330751356e-03
2.560000000000000000e+02,8.000000000000000444e-01,1.981061875922737059e+01,4.836576845514494773e-03,2.307485039552424014e-03,1.680180610290527357e-02,2.000000000000000000e+00,1.489854393155716901e-15,1.931585530796731121e+00,2.374286009903069008e-03
2.560000000000000000e+02,8.000000000000000444e-01,2.115389083797142433e+01,5.164524130364117269e-03,2.387074548158801216e-03,1.794106365385843282e-02,2.000000000000000000e+00,1.634355985213210692e-15,1.937765277248360007e+00,2.458871357547577543e-03
2.560000000000000000e+02,8.000000000000000444e-01,2.258824436649067735e+01,5.514708097287763025e-03,2.469143544276854521e-03,1.915756931489304149e-02,2.000000000000000000e+00,1.880875601546518329e-15,1.943905327055787779e+00,2.546286596505831310e-03
2.560000000000000000e+02,8.000000000000000444e-01,2.411985518259518457e+01,5.888636519188277484e-03,2.553762686900822032e-03,2.045656094509208309e-02,2.000000000000000000e+00,1.781126741426889641e-15,1.950010942970116901e+00,2.636625789069680769e-03
2.560000000000000000e+02,8.000000000000000444e-01,2.575531788085336515e+01,6.287919404505216102e-03,2.641004281199869561e-03,2.184363156003030562e-02,2.000000000000000000e+00,1.260642577036517041e-15,1.956087417942001139e+00,2.729986144740728735e-03
2.560000000000000000e+02,8.000000000000000444e-01,2.750167420667046869e+01,6.714275929362907396e-03,2.730942291105764586e-03,2.332475341339463812e-02,2.000000000000000000e+00,1.788479295204657688e-15,1.962140075567099018e+00,2.826468124781700113e-03
2.560000000000000000e+02,8.000000000000000444e-01,2.936644337564608520e+01,7.169541839757345020e-03,2.823652350138413335e-03,2.490630371147457833e-02,2.000000000000000000e+00,1.516535284445019440e-15,1.968174270787656610e+00,2.926175550271940037e-03
2.560000000000000000e+02,8.000000000000000444e-01,3.135765444875561059e+01,7.655677355653225241e-03,2.919211770316503408e-03,2.659509207124052810e-02,2.000000000000000000e+00,1.698290192129422726e-15,1.974195390957468987e+00,3.029215713782904777e-03
2.560000000000000000e+02,8.000000000000000444e-01,3.348388090275256701e+01,8.174775611023575930e-03,3.017699548986548918e-03,2.839838984023550228e-02,2.000000000000000000e+00,2.643954907652349357e-15,1.980208857181082749e+00,3.135699494793568135e-03
2.560000000000000000e+02,8.000000000000000444e-01,3.575427754463983376e+01,8.729071666171834415e-03,3.119196373409697989e-03,3.032396140452140593e-02,2.000000000000000000e+00,1.652270105012740011e-15,1.986220125872151243e+00,3.245741478969522802e-03
2.560000000000000000e+02,8.000000000000000444e-01,3.817861992915073444e+01,9.320952131140316024e-03,3.223784622929437137e-03,3.238009761948109494e-02,2.000000000000000000e+00,1.482493004557734410e-15,1.992234690557872057e+00,3.359460081433970988e-03
2.560000000000000000e+02,8.000000000000000444e-01,4.076734644895839921e+01,9.952965441640234182e-03,3.331548368542174357e-03,3.457565150741798848e-02,2.000000000000000000e+00,1.474056347727955362e-15,1.998258083918940997e+00,3.476977674162850997e-03
2.560000000000000000e+02,8.000000000000000444e-01,4.353160327883981751e+01,1.062783283174800232e-02,3.442573369679505745e-03,3.692007637565519751e-02,2.000000000000000000e+00,2.540489073531208599e-15,2.004295880058855062e+00,3.598420717641031847e-03
2.560000000000000000e+02,8.000000000000000444e-01,4.648329236730871372e+01,1.134846005061247894e-02,3.556947068009721092e-03,3.942346651925764806e-02,2.000000000000000000e+00,1.780494371694495577e-15,2.010353696940001100e+00,3.723919896920990617e-03
2.560000000000000000e+02,8.000000000000000444e-01,4.963512268235231062e+01,1.211794987362116958e-02,3.674758578059507570e-03,4.209660068362872792e-02,2.000000000000000000e+00,1.597125346716971173e-15,2.016437199023172866e+00,3.853610262230110391e-03
2.560000000000000000e+02,8.000000000000000444e-01,5.300066493191916805e+01,1.293961546189432814e-02,3.796098674445673709e-03,4.495098847411707621e-02,2.000000000000000000e+00,1.884784768660916265e-15,2.022552100102608108e+00,3.987631374277823305e-03
2.560000000000000000e+02,8.000000000000000444e-01,5.659440999476609591e+01,1.381699462762844138e-02,3.921059775504889648e-03,4.799891991245757578e-02,2.000000000000000000e+00,2.026591964962998186e-15,2.028704166287816690e+00,4.126127454418588962e-03
2.560000000000000000e+02,8.000000000000000444e-01,6.043183131324729374e+01,1.475386506671076507e-02,4.049735923103992170e-03,5.125351835341968726e-02,2.000000000000000000e+00,1.915158974087686634e-15,2.034899219137599857e+00,4.269247539832368363e-03
2.560000000000000000e+02,8.000000000000000444e-01,6.452945151668731683e+01,1.575426062419123946e-02,4.182222758406535686e-03,5.472879698950362803e-02,2.000000000000000000e+00,2.044683420196756604e-15,2.041143138986655003e+00,4.417145643889211840e-03
2.560000000000000000e+02,8.000000000000000444e-01,6.890491356219575891e+01,1.682248866264544895e-02,4.318617493361693802e-03,5.843971918697472151e-02,2.000000000000000000e+00,2.319203200500469642e-15,2.047441868416683519e+00,4.569980921870415470e-03
2.560000000000000000e+02,8.000000000000000444e-01,7.357705669923221592e+01,1.796314860821099021e-02,4.459018877686611246e-03,6.240226291302276851e-02,2.000000000000000000e+00,2.077889026620151192e-15,2.053801415811960851e+00,4.727917842224651016e-03
2.560000000000000000e+02,8.000000000000000444e-01,7.856599758499893937e+01,1.918115175415013168e-02,4.603527161107627726e-03,6.663348953144758446e-02,2.000000000000000000e+00,1.994455525864755327e-15,2.060227859116750437e+00,4.891126363542921442e-03
2.560000000000000000e+02,8.000000000000000444e-01,8.389321689991552944e+01,2.048174240720593980e-02,4.752244050608325776e-03,7.115161726308090462e-02,2.000000000000000000e+00,2.512085368166389272e-15,2.066727349715165474e+00,5.059782117442904008e-03
2.560000000000000000e+02,8.000000000000000444e-01,8.958165183611305338e+01,2.187052046780103842e-02,4.905272662453684374e-03,7.597609962724057031e-02,2.000000000000000000e+00,2.346298896493323639e-15,2.073306116402690691e+00,5.234066597559249370e-03
2.560000000000000000e+02,8.000000000000000444e-01,9.565579485717204022e+01,2.335346554130176763e-02,5.062717468738461672e-03,8.112770920195981617e-02,2.000000000000000000e+00,2.671210239788433647e-15,2.079970469527950172e+00,5.414167354843243442e-03
2.560000000000000000e+02,8.000000000000000444e-01,1.021417991543300730e+02,2.493696268416261547e-02,5.224684238215215187e-03,8.662862706363441689e-02,2.000000000000000000e+00,4.588145959907503845e-15,2.086726805242875571e+00,5.600278199381767373e-03
2.560000000000000000e+02,8.000000000000000444e-01,1.090675912532157952e+02,2.662782989580463749e-02,5.391279971157899448e-03,9.250253829118304516e-02,2.000000000000000000e+00,4.469863895884924157e-15,2.093581609874647143e+00,5.792599408952749107e-03
2.560000000000000000e+02,8.000000000000000444e-01,1.164629912559584142e+02,2.843334747459922221e-02,5.562612828016039179e-03,9.877473394593162814e-02,2.000000000000000000e+00,4.706119487580367308e-15,2.100541464409090509e+00,5.991337944541451355e-03
2.560000000000000000e+02,8.000000000000000444e-01,1.243598412363899826e+02,3.036128936435302308e-02,5.738792051621064566e-03,1.054722199663085669e-01,2.000000000000000000e+00,4.328030567014211309e-15,2.107613049116025650e+00,6.196707673049355915e-03
2.560000000000000000e+02,8.000000000000000444e-01,1.327921423411738715e+02,3.241995662626315222e-02,5.919927882701256014e-03,1.126238334462208168e-01,2.000000000000000000e+00,5.523993966178593031e-15,2.114803148279889911e+00,6.408929597435466391e-03
2.560000000000000000e+02,8.000000000000000444e-01,1.417962011871618415e+02,3.461821318045943396e-02,6.106131468481934554e-03,1.202603667977585472e-01,2.000000000000000000e+00,4.413603417807255354e-15,2.122118655060859282e+00,6.628232094537306329e-03
2.560000000000000000e+02,8.000000000000000444e-01,1.514107861853195232e+02,3.696552397102527421e-02,6.297514764135091724e-03,1.284147003328332259e-01,2.000000000000000000e+00,6.922954764373732934e-15,2.129566576487647467e+00,6.854851160827814954e-03
2.560000000000000000e+02,8.000000000000000444e-01,1.616772944643046230e+02,3.947199571882437086e-02,6.494190426870663328e-03,1.371219438346059361e-01,2.000000000000000000e+00,5.830268773950241689e-15,2.137154038538668033e+00,7.089030666372325880e-03
2.560000000000000000e+02,8.000000000000000444e-01,1.726399301124023964e+02,4.214842043759824131e-02,6.696271702459738115e-03,1.464195877282548075e-01,2.000000000000000000e+00,7.295745631613481145e-15,2.144888291381050749e+00,7.331022617259023814e-03
2.560000000000000000e+02,8.000000000000000444e-01,1.843458945052762488e+02,4.500632190070220917e-02,6.903872303992190061e-03,1.563476645019784839e-01,2.000000000000000000e+00,8.579436183168228228e-15,2.152776714746664766e+00,7.581087426785084946e-03
2.560000000000000000e+02,8.000000000000000444e-01,1.968455895390172259e+02,4.805800525854912741e-02,7.117106282688755864e-03,1.669489210732575668e-01,2.000000000000000000e+00,7.987602328935131101e-15,2.160826823412747899e+00,7.839494195690554709e-03
2.560000000000000000e+02,8.000000000000000444e-01,2.101928346435404649e+02,5.131661002039562131e-02,7.336087890605909149e-03,1.782690028425206741e-01,2.000000000000000000e+00,9.076509377071590308e-15,2.169046272840532197e+00,8.106521001740986040e-03
2.560000000000000000e+02,8.000000000000000444e-01,2.244450985107264671e+02,5.479616662859532888e-02,7.560931435078491365e-03,1.903566502266976490e-01,2.000000000000000000e+00,1.153386752272692201e-14,2.177442864956717017e+00,8.382455198971397112e-03
2.560000000000000000e+02,8.000000000000000444e-01,2.396637465350345622e+02,5.851165686890492240e-02,7.791751124779368667e-03,2.032639085188540640e-01,2.000000000000000000e+00,1.230464561252124213e-14,2.186024554070172599e+00,8.667593726912215663e-03
2.560000000000000000e+02,8.000000000000000444e-01,2.559143050319898123e+02,6.247907837695063776e-02,8.028660907285874865e-03,2.170463519774959715e-01,2.000000000000000000e+00,1.175606570735646097e-14,2.194799452992128863e+00,8.962243430131106026e-03
2.560000000000000000e+02,8.000000000000000444e-01,2.732667433721876478e+02,6.671551351860049994e-02,8.271774298065838471e-03,2.317633231104054004e-01,2.000000000000000000e+00,1.163826804739293544e-14,2.203775839320357477e+00,9.266721388434151496e-03
2.560000000000000000e+02,8.000000000000000444e-01,2.917957752455712921e+02,7.123920294081330373e-02,8.521204200832346518e-03,2.474781881832662234e-01,2.000000000000000000e+00,1.432654607016659714e-14,2.212962161970466468e+00,9.581355258081231466e-03
2.560000000000000000e+02,8.000000000000000444e-01,3.115811803531368582e+02,7.606962410965255328e-02,8.777062719217888775e-03,2.642586100532247073e-01,2.000000000000000000e+00,1.412736845134839139e-14,2.222367048010212898e+00,9.906483624383555925e-03
2.560000000000000000e+02,8.000000000000000444e-01,3.327081479111574254e+02,8.122757517362241830e-02,9.039460959763379044e-03,2.821768395021101994e-01,2.000000000000000000e+00,1.470187969498951114e-14,2.231999309913902607e+00,1.024245636606225737e-02
2.560000000000000000e+02,8.000000000000000444e-01,3.552676434469310607e+02,8.673526451341090349e-02,9.308508826205496439e-03,3.013100263236918042e-01,2.000000000000000000e+00,1.359706741012482891e-14,2.241867953456321061e+00,1.058963503176006855e-02
2.560000000000000000e+02,8.000000000000000444e-01,3.793568004653699859e+02,9.261640636361571921e-02,9.584314805066544707e-03,3.217405515044224895e-01,2.000000000000000000e+00,1.448045913442455948e-14,2.251982186557370369e+00,1.094839322911194367e-02
2.560000000000000000e+02,8.000000000000000444e-01,4.050793386727892198e+02,9.889632291816143062e-02,9.866985742509199950e-03,3.435563819279082720e-01,2.000000000000000000e+00,1.791658314125616708e-14,2.262351429644979817e+00,1.131911702679226292e-02
2.560000000000000000e+02,8.000000000000000444e-01,4.325460105586341797e+02,1.056020533590415478e-01,1.015662661236384386e-02,3.668514491303465630e-01,2.000000000000000000e+00,1.474102288166196361e-14,2.272985328359013124e+00,1.170220536997204804e-02
2.560000000000000000e+02,8.000000000000000444e-01,4.618750782579917882e+02,1.127624702778300264e-01,1.045334027510528598e-02,3.917260537377398322e-01,2.000000000000000000e+00,1.660121076778190110e-14,2.283893769904793203e+00,1.209807050963293031e-02
2.560000000000000000e+02,8.000000000000000444e-01,4.931928227480624969e+02,1.204084039912261955e-01,1.075722722733517094e-02,4.182872973262273253e-01,2.000000000000000000e+00,1.039240134524671898e-14,2.295086904929320326e+00,1.250713844620004490e-02
2.560000000000000000e+02,8.000000000000000444e-01,5.266340875710434375e+02,1.285727752858992767e-01,1.106838534098306993e-02,4.466495435649988077e-01,2.000000000000000000e+00,1.671075886626677217e-14,2.306575177701034818e+00,1.292984938797108602e-02
2.560000000000000000e+02,8.000000000000000444e-01,5.623428594245010572e+02,1.372907371641848284e-01,1.138690959088064364e-02,4.769349106273083616e-01,2.000000000000000000e+00,1.412962989974243299e-14,2.318369368402031228e+00,1.336665822483466999e-02
2.560000000000000000e+02,8.000000000000000444e-01,6.004728881190457059e+02,1.465998262009388931e-01,1.171289176859975287e-02,5.092737969897320749e-01,2.000000000000000000e+00,6.321957104004371168e-15,2.330480652665855246e+00,1.381803501778825806e-02
2.560000000000000000e+02,8.000000000000000444e-01,6.411883485726682466e+02,1.565401241632490836e-01,1.204642017932879353e-02,5.438054428836109899e-01,2.000000000000000000e+00,7.494321995636009935e-15,2.342920685254838986e+00,1.428446550478237702e-02
2.560000000000000000e+02,8.000000000000000444e-01,6.846645476920197098e+02,1.671544305888719995e-01,1.238757931704580380e-02,5.806785298160623832e-01,2.000000000000000000e+00,9.131230348461878031e-15,2.355701716487743624e+00,1.476645162343458162e-02
2.560000000000000000e+02,8.000000000000000444e-01,7.310886791842399361e+02,1.784884470664648282e-01,1.273644951130651487e-02,6.200518207419074557e-01,2.000000000000000000e+00,6.267159938936021360e-15,2.368836752111704413e+00,1.526451205117690044e-02
2.560000000000000000e+02,8.000000000000000444e-01,7.806606295493256766e+02,1.905909740110658390e-01,1.309310653643925605e-02,6.620948436428992778e-01,2.000000000000000000e+00,7.415514228364810955e-15,2.382339769466071289e+00,1.577918276341746043e-02
2.560000000000000000e+02,8.000000000000000444e-01,8.335938387233161393e+02,2.035141207820596043e-01,1.345762117087980977e-02,7.069886214574697680e-01,2.000000000000000000e+00,8.107654962844147086e-15,2.396226004534781850e+00,1.631101761031640909e-02
2.560000000000000000e+02,8.000000000000000444e-01,8.901162190779706407e+02,2.173135300483326759e-01,1.383005869078763640e-02,7.549264515038546230e-01,2.000000000000000000e+00,8.701706029251049809e-15,2.410512326178150033e+00,1.686058891279814537e-02
2.560000000000000000e+02,8.000000000000000444e-01,9.504711367338275068e+02,2.320486173666571061e-01,1.421047827794352097e-02,8.061147377525206270e-01,2.000000000000000000e+00,9.353652052189961169e-15,2.425217714641107136e+00,1.742848807843979178e-02
2.560000000000000000e+02,8.000000000000000444e-01,1.014918459411822482e+03,2.477828270048394732e-01,1.459893231753504363e-02,8.607738795313547575e-01,2.000000000000000000e+00,1.582493679234150810e-14,2.440363861444211580e+00,1.801532623789955240e-02
2.560000000000000000e+02,8.000000000000000444e-01,1.083735675335218502e+03,2.645839051111373297e-01,1.499546555682848732e-02,9.191392204901326357e-01,2.000000000000000000e+00,2.031645207316104320e-14,2.455975906555579513e+00,1.862173490256996758e-02
2.560000000000000000e+02,8.000000000000000444e-01,1.157219087999381827e+03,2.825241914060990789e-01,1.540011409142498684e-02,9.814620619101145360e-01,2.000000000000000000e+00,2.937993966530832546e-14,2.472083326058424291e+00,1.924836664416240337e-02
2.560000000000000000e+02,8.000000000000000444e-01,1.235685091953710298e+03,3.016809306527613033e-01,1.581290414204900713e-02,1.048010744721768583e+00,2.000000000000000000e+00,3.518663257741587777e-14,2.488720979531336752e+00,1.989589579695636226e-02
2.560000000000000000e+02,8.000000000000000444e-01,1.319471535088835026e+03,3.221366052462976137e-01,1.623385058222783991e-02,1.119071804889450350e+00,2.000000000000000000e+00,4.014208957106606736e-14,2.497147498119283604e+00,2.056501918346743257e-02
1.024000000000000000e+03,8.000000000000000444e-01,5.202957254300561743e-07,1.587816544891528852e-11,2.295563739359931720e-10,2.295563268508291817e-10,1.000000000000000000e+00,3.906525779357715237e-16,1.000023001561916924e+00,2.295558964341510334e-10
1.024000000000000000e+03,8.000000000000000444e-01,5.604093226673785321e-07,1.710233528648005774e-11,2.472542171311571348e-10,2.472545887978441204e-10,1.000000000000000000e+00,6.448024665562913148e-16,1.000016531952397258e+00,2.472540894546134249e-10
1.024000000000000000e+03,8.000000000000000444e-01,6.036155854882747101e-07,1.842088578760603974e-11,2.663167464688660690e-10,2.663173458134210090e-10,1.000000000000000000e+00,6.734579801004081592e-16,1.000003638671230988e+00,2.663167665058112495e-10
1.024000000000000000e+03,8.000000000000000444e-01,6.501529512573927120e-07,1.984109348319679907e-11,2.868492110919626191e-10,2.868497973119262443e-10,1.000000000000000000e+00,3.126262306675318814e-16,1.000003232691142330e+00,2.868491252345273936e-10
1.024000000000000000e+03,8.000000000000000444e-01,7.002782403088045381e-07,2.137079590786146662e-11,3.089644096598741741e-10,3.089652533392985660e-10,1.000000000000000000e+00,7.451704993855151671e-16,1.000003418768116603e+00,3.089644736360596295e-10
1.024000000000000000e+03,8.000000000000000444e-01,7.542680732304351427e-07,2.301843485200302560e-11,3.327849107946650901e-10,3.327857598839858805e-10,1.000000000000000000e+00,2.807260310608870188e-16,1.000001367322440160e+00,3.327848553198288455e-10
1.024000000000000000e+03,8.000000000000000444e-01,8.124203974178538755e-07,2.479310294854290391e-11,3.584417208134099322e-10,3.584427723979144349e-10,1.000000000000000000e+00,2.176529383523221621e-16,9.999990919143044721e-01,3.584417229777612473e-10
1.024000000000000000e+03,8.000000000000000444e-01,8.750561313218144944e-07,2.670459385137373335e-11,3.860769482634569172e-10,3.860778812443583918e-10,1.000000000000000000e+00,3.484145634323045544e-16,1.000005594161677891e+00,3.860766637711503631e-10
1.024000000000000000e+03,8.000000000000000444e-01,9.425209354634957956e-07,2.876345628245531603e-11,4.158420275655919776e-10,4.158435930761710641e-10,1.000000000000000000e+00,2.853356760480612792e-16,1.000007306190724421e+00,4.158421806381099498e-10
1.024000000000000000e+03,8.000000000000000444e-01,1.015187119990913145e-06,3.098105224581644119e-11,4.479026039953534710e-10,4.479041724564660536e-10,1.000000000000000000e+00,3.470341611409679655e-16,9.999965279182987388e-01,4.479025338321441171e-10
1.024000000000000000e+03,8.000000000000000444e-01,1.093455699303520189e-06,3.336961972972168545e-11,4.824349809693577740e-10,4.824365483663084438e-10,1.000000000000000000e+00,7.435321500966794221e-16,1.000003139255269957e+00,4.824346473345773508e-10
1.024000000000000000e+03,8.000000000000000444e-01,1.177758605083614912e-06,3.594234024303024022e-11,5.196292286697753669e-10,5.196312906020518813e-10,1.000000000000000000e+00,1.054219742675170752e-15,1.000010616975501421e+00,5.196290851413772140e-10
1.024000000000000000e+03,8.000000000000000444e-01,1.268561069947350803e-06,3.871341155845186777e-11,5.596909604011790751e-10,5.596936614506527234e-10,1.000000000000000000e+00,7.326719703964144100e-16,1.000006473148957298e+00,5.596911028102548279e-10
1.024000000000000000e+03,8.000000000000000444e-01,1.366364194869728223e-06,4.169812606413965525e-11,6.028417766797622934e-10,6.028447484467189254e-10,1.000000000000000000e+00,6.764740105054750429e-16,1.000002961497102660e+00,6.028417800689702444e-10
1.024000000000000000e+03,8.000000000000000444e-01,1.471707714552114346e-06,4.491295515600934894e-11,6.493192652333487063e-10,6.493226844625078144e-10,1.000000000000000000e+00,6.569252388748205506e-16,1.000003894417559991e+00,6.493192407327670582e-10
1.024000000000000000e+03,8.000000000000000444e-01,1.585172975993205838e-06,4.837564013651140863e-11,6.993801096258752998e-10,6.993839618640409422e-10,1.000000000000000000e+00,4.629195998051050201e-16,1.000007077632375285e+00,6.993799666602924900e-10
1.024000000000000000e+03,8.000000000000000444e-01,1.707386146700919857e-06,5.210529012148803273e-11,7.533000892574045627e-10,7.533048479856157229e-10,1.000000000000000000e+00,3.571333893493000242e-16,1.000006708575128300e+00,7.533002129958515981e-10
1.024000000000000000e+03,8.000000000000000444e-01,1.839021670250020127e-06,5.612248749542297750e-11,8.113776320778222089e-10,8.113829097341347226e-10,1.000000000000000000e+00,4.420934685792488066e-16,1.000001606456066838e+00,8.113775325042940636e-10
1.024000000000000000e+03,8.000000000000000444e-01,1.980805988255211734e-06,6.044940149704625652e-11,8.739329264084343307e-10,8.739386557368895976e-10,1.000000000000000000e+00,1.702082432207660175e-16,1.000007444514821486e+00,8.739324174062024392e-10
1.024000000000000000e+03,8.000000000000000444e-01,2.133521549299788376e-06,6.510991056212733081e-11,9.413101413880387765e-10,9.413173050951558605e-10,1.000000000000000000e+00,4.001156411916913978e-17,1.000008563353333102e+00,9.413100677688393550e-10
1.024000000000000000e+03,8.000000000000000444e-01,2.298011126943386945e-06,7.012973409861410356e-11,1.013882756043473027e-09,1.013890692504591508e-09,1.000000000000000000e+00,4.364767205399384040e-16,1.000008919701315335e+00,1.013882296205823164e-09
1.024000000000000000e+03,8.000000000000000444e-01,2.475182470638164548e-06,7.553657442133070520e-11,1.092049562486748601e-09,1.092059320256015006e-09,1.000000000000000000e+00,4.927027483146026173e-16,1.000010378721938764e+00,1.092049579389818391e-09
1.024000000000000000e+03,8.000000000000000444e-01,2.666013315219853003e-06,8.136026962951211556e-11,1.176243547699290554e-09,1.176254568440699235e-09,1.000000000000000000e+00,3.988142515736895873e-16,1.000009875558433237e+00,1.176243267691573573e-09
1.024000000000000000e+03,8.000000000000000444e-01,2.871556776618988038e-06,8.763295827084314079e-11,1.266927896729081607e-09,1.266941075557378597e-09,1.000000000000000000e+00,8.550524238182214974e-16,1.000012485514076843e+00,1.266927965130011307e-09
1.024000000000000000e+03,8.000000000000000444e-01,3.092947163569000468e-06,9.438925670071412560e-11,1.364603986296492174e-09,1.364619302658555359e-09,1.000000000000000000e+00,3.446310476323092300e-16,1.000009459351062446e+00,1.364604092756416895e-09
1.024000000000000000e+03,8.000000000000000444e-01,3.331406237383553094e-06,1.016664501154648771e-10,1.469810940705121391e-09,1.469828295186552218e-09,1.000000000000000000e+00,3.151272356819952100e-16,1.000011023555359202e+00,1.469810649606335973e-09
1.024000000000000000e+03,8.000000000000000444e-01,3.588249954348265595e-06,1.095046983138508788e-10,1.583128296377117628e-09,1.583148657740750218e-09,1.000000000000000000e+00,1.157899811146930171e-15,1.000013445222265318e+00,1.583128186441089633e-09
1.024000000000000000e+03,8.000000000000000444e-01,3.864895727935187375e-06,1.179472573222408257e-10,1.705182219102194359e-09,1.705205758192475821e-09,1.000000000000000000e+00,6.948819746024937809e-16,1.000013227705736085e+00,1.705182008672681338e-09
1.024000000000000000e+03,8.000000000000000444e-01,4.162870250917274703e-06,1.270407181066062837e-10,1.836645948126919206e-09,1.836673178829763524e-09,1.000000000000000000e+00,7.812104877347075550e-16,1.000015123005653095e+00,1.836645626128040793e-09
1.024000000000000000e+03,8.000000000000000444e-01,4.483817920549772614e-06,1.368352636886527287e-10,1.978244681136123212e-09,1.978276433577382789e-09,1.000000000000000000e+00,9.066151770414874262e-16,1.000016951891552708e+00,1.978244468667478873e-09
1.024000000000000000e+03,8.000000000000000444e-01,4.829509913313608814e-06,1.473849460850100346e-10,2.130760015145112663e-09,2.130796971805939663e-09,1.000000000000000000e+00,2.740600564104650563e-16,1.000018053302213161e+00,2.130759888135762703e-09
1.024000000000000000e+03,8.000000000000000444e-01,5.201853959300510850e-06,1.587479845977939102e-10,2.295033499213479412e-09,2.295076490825397394e-09,1.000000000000000000e+00,6.251767033210931073e-16,1.000019572272876189e+00,2.295033468700099351e-09
1.024000000000000000e+03,8.000000000000000444e-01,5.602904870180619878e-06,1.709870871026800500e-10,2.471971519426562256e-09,2.472021580861877858e-09,1.000000000000000000e+00,1.541384331125535125e-16,1.000019671442984759e+00,2.471971669326262932e-09
1.024000000000000000e+03,8.000000000000000444e-01,6.034875878852055404e-06,1.841697961075456361e-10,2.662551072055354897e-09,2.662608728151429691e-09,1.000000000000000000e+00,9.430411611208987951e-16,1.000020548758882910e+00,2.662550823971271379e-09
1.024000000000000000e+03,8.000000000000000444e-01,6.500150853351231058e-06,1.983688614914316119e-10,2.867822872181173835e-09,2.867889703760755992e-09,1.000000000000000000e+00,2.501540345540288226e-16,1.000023293230711374e+00,2.867822527038519315e-09
1.024000000000000000e+03,8.000000000000000444e-01,7.001297452427453338e-06,2.136626419808182781e-10,3.088919791390894083e-09,3.088997367873571817e-09,1.000000000000000000e+00,5.675615813219997371e-16,1.000026485669096132e+00,3.088919433759640795e-09
1.024000000000000000e+03,8.000000000000000444e-01,7.541081295381811230e-06,2.301355375787906259e-10,3.327061298669316086e-09,3.327151921573983987e-09,1.000000000000000000e+00,6.468723393885118763e-16,1.000027073092439878e+00,3.327061507448246857e-09
1.024000000000000000e+03,8.000000000000000444e-01,8.122481224367997935e-06,2.478784553334960307e-10,3.583563230362117851e-09,3.583667640627961736e-09,1.000000000000000000e+00,6.005697979461210088e-16,1.000028456535233090e+00,3.583562748026490189e-09
1.024000000000000000e+03,8.000000000000000444e-01,8.748705743381102103e-06,2.669893110162689851e-10,3.859838678354624122e-09,3.859960128423732418e-09,1.000000000000000000e+00,4.983487207730906251e-16,1.000032239248682231e+00,3.859838438869203013e-09
1.024000000000000000e+03,8.000000000000000444e-01,9.423210724654516954e-06,2.875735694779820848e-10,4.157413089105398306e-09,4.157554128097149141e-09,1.000000000000000000e+00,3.451135760900088992e-16,1.000034245109006292e+00,4.157412951856934167e-09
1.024000000000000000e+03,8.000000000000000444e-01,1.014971848017906754e-05,3.097448266656209576e-10,4.477928260449622053e-09,4.478091936953847164e-09,1.000000000000000000e+00,4.806159843272500928e-16,1.000036695697474443e+00,4.477928153593481747e-09
1.024000000000000000e+03,8.000000000000000444e-01,1.093223830359215210e-05,3.336254365109909699e-10,4.823152555651504143e-09,4.823342469623877723e-09,1.000000000000000000e+00,6.555174134287403627e-16,1.000039473282029689e+00,4.823152459042302731e-09
1.024000000000000000e+03,8.000000000000000444e-01,1.177508859579905229e-05,3.593471861510941252e-10,5.194990673367574235e-09,5.195211019964628399e-09,1.000000000000000000e+00,4.922584070482502500e-16,1.000042283872758730e+00,5.194990582387343508e-09
1.024000000000000000e+03,8.000000000000000444e-01,1.268292069642846299e-05,3.870520232064350277e-10,5.595494305788507568e-09,5.595749775583859818e-09,1.000000000000000000e+00,1.107117377159455069e-15,1.000045976089097621e+00,5.595494038746199627e-09
1.024000000000000000e+03,8.000000000000000444e-01,1.366074455263813023e-05,4.168928391308023142e-10,6.026872352691848183e-09,6.027169143008164179e-09,1.000000000000000000e+00,1.194644899519020785e-15,1.000049770563961715e+00,6.026872454477919755e-09
1.024000000000000000e+03,8.000000000000000444e-01,1.471395636692611064e-05,4.490343129555087476e-10,6.491505576387011787e-09,6.491849945995748996e-09,1.000000000000000000e+00,6.630598711138733674e-16,1.000052518358117482e+00,6.491505748256069944e-09
1.024000000000000000e+03,8.000000000000000444e-01,1.584836837652418826e-05,4.836538200843563311e-10,6.991957703946738858e-09,6.992356564310855086e-09,1.000000000000000000e+00,8.155003735028067575e-16,1.000056952693100243e+00,6.991957249843635845e-09
1.024000000000000000e+03,8.000000000000000444e-01,1.707024092871388008e-05,5.209424111545983913e-10,7.530987861706379145e-09,7.531451085467400738e-09,1.000000000000000000e+00,1.524092385620598300e-15,1.000061723833582050e+00,7.530987828635562598e-09
1.024000000000000000e+03,8.000000000000000444e-01,1.838631702907487039e-05,5.611058663658102536e-10,8.111571447458444541e-09,8.112108547539219541e-09,1.000000000000000000e+00,1.172261555704571076e-15,1.000066311502905592e+00,8.111571109553921888e-09
1.024000000000000000e+03,8.000000000000000444e-01,1.980385955332376432e-05,6.043658310950855811e-10,8.736909900417082811e-09,8.737533357155828172e-09,1.000000000000000000e+00,1.313714852788783160e-15,1.000071910894888561e+00,8.736909859820256104e-09
1.024000000000000000e+03,8.000000000000000444e-01,2.133069132809936168e-05,6.509610390655322780e-10,9.410453349770044761e-09,9.411176973287624080e-09,1.000000000000000000e+00,1.060557603066415204e-15,1.000076867979970530e+00,9.410453636519466748e-09
1.024000000000000000e+03,8.000000000000000444e-01,2.297523830188388119e-05,7.011486298182336788e-10,1.013591793416041611e-08,1.013675695441005338e-08,1.000000000000000000e+00,1.698565060456891089e-15,1.000082613524952535e+00,1.013591779174508077e-08
1.024000000000000000e+03,8.000000000000000444e-01,2.474657604430238343e-05,7.552055677582514475e-10,1.091730400934719424e-08,1.091827747416011315e-08,1.000000000000000000e+00,1.182737477809038850e-15,1.000089141855937669e+00,1.091730393951138576e-08
1.024000000000000000e+03,8.000000000000000444e-01,2.665447983041055203e-05,8.134301706057907723e-10,1.175892234947216332e-08,1.176005141870246160e-08,1.000000000000000000e+00,2.806199832150207393e-15,1.000096058931532639e+00,1.175892199657376288e-08
1.024000000000000000e+03,8.000000000000000444e-01,2.870947858636545933e-05,8.761437556874224650e-10,1.266541413107831637e-08,1.266672418775147011e-08,1.000000000000000000e+00,1.246029581098766619e-15,1.000103473642383278e+00,1.266541391785515592e-08
1.024000000000000000e+03,8.000000000000000444e-01,3.092291299418245971e-05,9.436924131525408847e-10,1.364177979891318720e-08,1.364329933059687610e-08,1.000000000000000000e+00,3.575686987912244193e-15,1.000111469346663284e+00,1.364177925637855409e-08
1.024000000000000000e+03,8.000000000000000444e-01,3.330699807623476702e-05,1.016448915900719208e-09,1.469340304675154747e-08,1.469516615860785595e-08,1.000000000000000000e+00,2.929184595036977029e-15,1.000120182170675776e+00,1.469340268750097729e-08
1.024000000000000000e+03,8.000000000000000444e-01,3.587489060487319059e-05,1.094814776760046099e-09,1.582608412409245350e-08,1.582812948659731275e-08,1.000000000000000000e+00,3.444720529358920743e-15,1.000129537823241321e+00,1.582608364788278152e-08
1.024000000000000000e+03,8.000000000000000444e-01,3.864076170917143455e-05,1.179222464269147783e-09,1.704606825787590292e-08,1.704844166717643936e-08,1.000000000000000000e+00,4.039769112132468453e-15,1.000139481087074955e+00,1.704606825106310443e-08
1.024000000000000000e+03,8.000000000000000444e-01,4.161987507948379912e-05,1.270137789290887424e-09,1.836008384416337196e-08,1.836283709488408949e-08,1.000000000000000000e+00,5.313358631122675554e-15,1.000150157937028439e+00,1.836008365380566079e-08
1.024000000000000000e+03,8.000000000000000444e-01,4.482867120139334596e-05,1.368062475628459044e-09,1.977537486665983239e-08,1.977856937050464486e-08,1.000000000000000000e+00,4.933033229047544945e-15,1.000161670115275570e+00,1.977537506058916386e-08
1.024000000000000000e+03,8.000000000000000444e-01,4.828485808390269366e-05,1.473536928830038259e-09,2.129974574973540113e-08,2.130345133066889466e-08,1.000000000000000000e+00,6.735192909577854460e-15,1.000173909298226249e+00,2.129974556781219259e-08
1.024000000000000000e+03,8.000000000000000444e-01,5.200750898255843726e-05,1.587143218461866372e-09,2.294159955011043370e-08,2.294589816364451850e-08,1.000000000000000000e+00,7.378650809644576307e-15,1.000187612019971084e+00,2.294159906453094282e-08
1.024000000000000000e+03,8.000000000000000444e-01,5.601716765680251291e-05,1.709508290307693875e-09,2.470998636259472052e-08,2.471497384925433876e-08,1.000000000000000000e+00,7.663264115891848919e-15,1.000202122329952203e+00,2.470998642292693183e-08
1.024000000000000000e+03,8.000000000000000444e-01,6.033596174242221628e-05,1.841307426221381112e-09,2.661465527854280395e-08,2.662044117920498827e-08,1.000000000000000000e+00,1.013310689741566255e-14,1.000217460347826659e+00,2.661465522928903913e-08
1.024000000000000000e+03,8.000000000000000444e-01,6.498772486475326972e-05,1.983267970726112968e-09,2.866610367977669633e-08,2.867281563386694696e-08,1.000000000000000000e+00,1.100911398910677162e-14,1.000234274853426086e+00,2.866610332517448911e-08
1.024000000000000000e+03,8.000000000000000444e-01,6.999812816652913701e-05,2.136173344925815949e-09,3.087563674656387570e-08,3.088342341283005302e-08,1.000000000000000000e+00,1.375201419260841278e-14,1.000252422932518925e+00,3.087563644867867368e-08
1.024000000000000000e+03,8.000000000000000444e-01,7.539482197622303849e-05,2.300867369879853470e-09,3.325543051831272882e-08,3.326446393948047029e-08,1.000000000000000000e+00,1.552823215308283597e-14,1.000271837557185961e+00,3.325543028748538485e-08
1.024000000000000000e+03,8.000000000000000444e-01,8.120758839869174589e-05,2.478258923299919003e-09,3.581859761880765399e-08,3.582907718453610416e-08,1.000000000000000000e+00,1.810101230461913779e-14,1.000292789936118254e+00,3.581859727869193694e-08
1.024000000000000000e+03,8.000000000000000444e-01,8.746850567020463972e-05,2.669326955267475577e-09,3.857925875460896748e-08,3.859141618007071923e-08,1.000000000000000000e+00,2.052335802480644610e-14,1.000315382992475577e+00,3.857925851541058879e-08
1.024000000000000000e+03,8.000000000000000444e-01,9.421212518486603901e-05,2.875125890651429413e-09,4.155262131888620922e-08,4.156672512420184984e-08,1.000000000000000000e+00,2.402500566476024808e-14,1.000339642576321353e+00,4.155262114695449544e-08
1.024000000000000000e+03,8.000000000000000444e-01,1.014756621693649536e-04,3.096791448039701953e-09,4.475506199206113008e-08,4.477142350746939992e-08,1.000000000000000000e+00,2.833031740913414833e-14,1.000365862851040788e+00,4.475506168813658315e-08
1.024000000000000000e+03,8.000000000000000444e-01,1.092992010583071678e-04,3.335546907296971674e-09,4.820421555970763064e-08,4.822319672516350517e-08,1.000000000000000000e+00,3.225324194688979273e-14,1.000394026430171834e+00,4.820421568397201607e-08
1.024000000000000000e+03,8.000000000000000444e-01,1.177259167035108318e-04,3.592709860336634272e-09,5.191907438860210012e-08,5.194109367565346080e-08,1.000000000000000000e+00,3.712686498476345282e-14,1.000424320804306433e+00,5.191907420900557859e-08
1.024000000000000000e+03,8.000000000000000444e-01,1.268023126380263851e-04,3.869699482361645054e-09,5.592008790278421750e-08,5.594563188332183221e-08,1.000000000000000000e+00,4.390739676544526790e-14,1.000457048573963448e+00,5.592008771571980351e-08
1.024000000000000000e+03,8.000000000000000444e-01,1.365784777097623379e-04,4.168044363701243221e-09,6.022927804684207885e-08,6.025891072623395384e-08,1.000000000000000000e+00,5.086043806008787647e-14,1.000492283000561144e+00,6.022927778416370203e-08
1.024000000000000000e+03,8.000000000000000444e-01,1.471083625009694156e-04,4.489390945464154528e-09,6.487035741374677825e-08,6.490473339339875682e-08,1.000000000000000000e+00,5.836166796608326573e-14,1.000530206591953686e+00,6.487035736521173744e-08
1.024000000000000000e+03,8.000000000000000444e-01,1.584500770590281877e-04,4.835512605561162953e-09,6.986886025129095542e-08,6.990873824465242719e-08,1.000000000000000000e+00,6.846911779586559753e-14,1.000570999058787436e+00,6.986886015288171469e-08
1.024000000000000000e+03,8.000000000000000444e-01,1.706662115815920993e-04,5.208319445239016702e-09,7.525228012988478755e-08,7.529854029808552242e-08,1.000000000000000000e+00,7.835500071763687335e-14,1.000615008368946235e+00,7.525227976705005867e-08
1.024000000000000000e+03,8.000000000000000444e-01,1.838241818258122670e-04,5.609868830133431000e-09,8.105021960078298768e-08,8.110388362582295626e-08,1.000000000000000000e+00,9.128685362915140815e-14,1.000662413991513233e+00,8.105021947687109369e-08
1.024000000000000000e+03,8.000000000000000444e-01,1.979966011478161299e-04,6.042376744012943418e-09,8.729455317701462113e-08,8.735680549916685230e-08,1.000000000000000000e+00,1.064335304557104324e-13,1.000713379455326901e+00,8.729455324739008885e-08
1.024000000000000000e+03,8.000000000000000444e-01,2.132616812255688646e-04,6.508230017870143574e-09,9.401959919612676528e-08,9.409181318894991895e-08,1.000000000000000000e+00,1.234579009035271621e-13,1.000768290271345506e+00,9.401959894739317127e-08
1.024000000000000000e+03,8.000000000000000444e-01,2.297036636765405562e-04,7.009999501847551154e-09,1.012623050056396562e-07,1.013460743967872804e-07,1.000000000000000000e+00,1.429363406276268212e-13,1.000827509252182779e+00,1.012623046156311707e-07
1.024000000000000000e+03,8.000000000000000444e-01,2.474132849520987391e-04,7.550454252688560152e-09,1.090624485798432577e-07,1.091596223681379340e-07,1.000000000000000000e+00,1.659339430541960407e-13,1.000891211699027394e+00,1.090624487453333786e-07
1.024000000000000000e+03,8.000000000000000444e-01,2.664882770741808737e-04,8.132576815007961232e-09,1.174628556797632378e-07,1.175755768191077969e-07,1.000000000000000000e+00,1.919361061090894363e-13,1.000959783635359202e+00,1.174628556135495473e-07
1.024000000000000000e+03,8.000000000000000444e-01,2.870339069776091335e-04,8.759579680713169358e-09,1.265096267831434019e-07,1.266403818961996167e-07,1.000000000000000000e+00,2.229734775380221779e-13,1.001033676387528715e+00,1.265096267524656155e-07
1.024000000000000000e+03,8.000000000000000444e-01,3.091635574344485837e-04,9.434923017408709221e-09,1.362523897716661026e-07,1.364040624822084933e-07,1.000000000000000000e+00,2.585141070413651396e-13,1.001113233010336501e+00,1.362523897345525864e-07
1.024000000000000000e+03,8.000000000000000444e-01,3.329993527662905724e-04,1.016233376361970741e-08,1.467445654968323022e-07,1.469205002627094212e-07,1.000000000000000000e+00,3.003249083428555865e-13,1.001198906421478796e+00,1.467445655223538284e-07
1.024000000000000000e+03,8.000000000000000444e-01,3.586728327975073714e-04,1.094582619621299351e-08,1.580436555503867640e-07,1.582477310766333791e-07,1.000000000000000000e+00,3.475919614162173068e-13,1.001291169049054020e+00,1.580436557169735543e-07
1.024000000000000000e+03,8.000000000000000444e-01,3.863256787687411090e-04,1.178972408351871060e-08,1.702115504629450082e-07,1.704482651918834033e-07,1.000000000000000000e+00,4.031202090136255936e-13,1.001390496564447119e+00,1.702115511269660581e-07
1.024000000000000000e+03,8.000000000000000444e-01,4.161104952166473376e-04,1.269868454640647393e-08,1.833148623276402582e-07,1.835894322734620153e-07,1.000000000000000000e+00,4.688006877602230990e-13,1.001497432341096783e+00,1.833148631713752032e-07
1.024000000000000000e+03,8.000000000000000444e-01,4.481916521347569676e-04,1.367772375899526879e-08,1.974252787401832998e-07,1.977437529478422566e-07,1.000000000000000000e+00,5.422850304641460699e-13,1.001612586417053308e+00,1.974252797271079469e-07
1.024000000000000000e+03,8.000000000000000444e-01,4.827461920629931569e-04,1.473224463082864859e-08,2.126199460489627098e-07,2.129893390140928691e-07,1.000000000000000000e+00,6.290395969437993571e-13,1.001736592620950717e+00,2.126199471315910951e-07
1.024000000000000000e+03,8.000000000000000444e-01,5.199648071116943571e-04,1.586806662328168814e-08,2.289818783624947240e-07,2.294103245103563543e-07,1.000000000000000000e+00,7.293164695867044457e-13,1.001870102479728075e+00,2.289818801566179206e-07
1.024000000000000000e+03,8.000000000000000444e-01,5.600528913119256439e-04,1.709145786474382458e-08,2.466003994196787421e-07,2.470973300145538640e-07,1.000000000000000000e+00,8.465767319780267237e-13,1.002013808784703031e+00,2.466004018782269704e-07
1.024000000000000000e+03,8.000000000000000444e-01,6.032316740995702972e-04,1.840916974180817557e-08,2.655716128819969712e-07,2.661479627416028653e-07,1.000000000000000000e+00,9.819569935658207136e-13,1.002168541729396622e+00,2.655716154800926070e-07
1.024000000000000000e+03,8.000000000000000444e-01,6.497394411884207382e-04,1.982847415736147272e-08,2.859989068208556012e-07,2.866673551969721643e-07,1.000000000000000000e+00,1.137664899553628444e-12,1.002335138521281976e+00,2.859989101437984111e-07
1.024000000000000000e+03,8.000000000000000444e-01,6.998328495697642062e-04,2.135720366118665180e-08,3.079934990614488331e-07,3.087687453591821293e-07,1.000000000000000000e+00,1.319137590993589837e-12,1.002514469216706061e+00,3.079935032980225028e-07
1.024000000000000000e+03,8.000000000000000444e-01,7.537883438953908158e-04,2.300379467454195605e-08,3.316750162777663387e-07,3.325741015930315559e-07,1.000000000000000000e+00,1.529547813650558179e-12,1.002707513178883403e+00,3.316750216193576979e-07
1.024000000000000000e+03,8.000000000000000444e-01,8.119036820604604065e-04,2.477733404725526143e-08,3.571721166087636521e-07,3.582147957421911325e-07,1.000000000000000000e+00,1.773061728351176956e-12,1.002915312130099323e+00,3.571721232994151750e-07
1.024000000000000000e+03,8.000000000000000444e-01,8.744995784052796628e-04,2.668760920426268502e-08,3.846231557957617474e-07,3.858323281156790602e-07,1.000000000000000000e+00,2.056584076596469525e-12,1.003138985888625712e+00,3.846231642148973956e-07
1.024000000000000000e+03,8.000000000000000444e-01,9.419214736041337443e-04,2.874516215832927687e-08,4.141768999497747560e-07,4.155791083691161133e-07,1.000000000000000000e+00,2.382908347915289022e-12,1.003379721298998106e+00,4.141769107582526527e-07
1.024000000000000000e+03,8.000000000000000444e-01,1.014541441008460750e-03,3.096134768702577972e-08,4.459932889456561180e-07,4.476192965901228462e-07,1.000000000000000000e+00,2.762966185528909491e-12,1.003638819931559567e+00,4.459933022047451207e-07
1.024000000000000000e+03,8.000000000000000444e-01,1.092760239964665238e-03,3.334839599501541864e-08,4.802442486668044218e-07,4.821297092294509484e-07,1.000000000000000000e+00,3.201924006381505806e-12,1.003917660073952334e+00,4.802442656054434051e-07
1.024000000000000000e+03,8.000000000000000444e-01,1.177009527437996618e-03,3.591948020745839288e-08,5.171145654232249807e-07,5.193007948773137064e-07,1.000000000000000000e+00,3.711717620602735837e-12,1.004217724102474563e+00,5.171145863025876599e-07
1.024000000000000000e+03,8.000000000000000444e-01,1.267754240147510878e-03,3.868878906700167474e-08,5.568028109967525177e-07,5.593376852698145080e-07,1.000000000000000000e+00,4.301061518054115448e-12,1.004540618169542654e+00,5.568028372614103857e-07
1.024000000000000000e+03,8.000000000000000444e-01,1.365495160358128025e-03,4.167160523553857498e-08,5.995223374094311278e-07,6.024613273255389606e-07,1.000000000000000000e+00,4.984865287259038056e-12,1.004888035460631102e+00,5.995223704977916070e-07
1.024000000000000000e+03,8.000000000000000444e-01,1.470771679489327926e-03,4.488438963285302507e-08,6.455023325334360371e-07,6.489097024595531557e-07,1.000000000000000000e+00,5.774879256215876681e-12,1.005261810978403503e+00,6.455023739506320996e-07
1.024000000000000000e+03,8.000000000000000444e-01,1.584164774791676665e-03,4.834487227757802321e-08,6.949889458686135892e-07,6.989391399036869418e-07,1.000000000000000000e+00,6.692966410000379999e-12,1.005663921510397074e+00,6.949889971974696573e-07
1.024000000000000000e+03,8.000000000000000444e-01,1.706300215518239544e-03,5.207215013178221263e-08,7.482464853760460485e-07,7.528257312807785819e-07,1.000000000000000000e+00,7.753154579618096200e-12,1.006096476635896408e+00,7.482465494371250854e-07
1.024000000000000000e+03,8.000000000000000444e-01,1.837852016284390998e-03,5.608679248914767451e-08,8.055586929174243911e-07,8.108668542393208781e-07,1.000000000000000000e+00,8.981745631302132043e-12,1.006561716616033664e+00,8.055587731587153571e-07
1.024000000000000000e+03,8.000000000000000444e-01,1.979546156673676633e-03,6.041095448833241678e-08,8.672300974123489251e-07,8.733828135568123441e-07,1.000000000000000000e+00,1.040320983357353960e-11,1.007062074790404438e+00,8.672301968763782849e-07
1.024000000000000000e+03,8.000000000000000444e-01,2.132164587616700285e-03,6.506849937795105849e-08,9.335874457138986712e-07,9.407186087683899634e-07,1.000000000000000000e+00,1.204762681986954050e-11,1.007600138233222253e+00,9.335875702268639679e-07
1.024000000000000000e+03,8.000000000000000444e-01,2.296549546652531561e-03,7.008513020790196413e-08,1.004981229410534530e-06,1.013245838075527957e-06,1.000000000000000000e+00,1.395254591381507179e-11,1.008178667444013854e+00,1.004981384595314165e-06
1.024000000000000000e+03,8.000000000000000444e-01,2.473608205886815379e-03,7.548853167379197323e-08,1.081787288458927543e-06,1.091364749041708506e-06,1.000000000000000000e+00,1.615359729353700463e-11,1.008800627999782762e+00,1.081787482245031463e-06
1.024000000000000000e+03,8.000000000000000444e-01,2.664317678296690330e-03,8.130852289723786408e-08,1.164408515629063519e-06,1.175506447391978047e-06,1.000000000000000000e+00,1.870098260627533709e-11,1.009469188895394609e+00,1.164408756670724121e-06
1.024000000000000000e+03,8.000000000000000444e-01,2.869730410010238025e-03,8.757722198517572097e-08,1.253276645774971211e-06,1.266135276105843222e-06,1.000000000000000000e+00,2.164587673394046975e-11,1.010187730741272105e+00,1.253276946562007150e-06
1.024000000000000000e+03,8.000000000000000444e-01,3.090979988318222176e-03,9.432922327631293260e-08,1.348854150803953306e-06,1.363751377932732867e-06,1.000000000000000000e+00,2.505082811968895675e-11,1.010959857322298205e+00,1.348854525344395141e-06
1.024000000000000000e+03,8.000000000000000444e-01,3.329287397470074867e-03,1.016017882528709371e-07,1.451636221249203655e-06,1.468893455471463309e-06,1.000000000000000000e+00,2.898523219395857223e-11,1.011789424908641877e+00,1.451636687747471418e-06
1.024000000000000000e+03,8.000000000000000444e-01,3.585967756777314226e-03,1.094350511711826851e-07,1.562152853542522507e-06,1.582141744045461825e-06,1.000000000000000000e+00,3.353166778641607813e-11,1.012680535004463422e+00,1.562153434223039139e-06
1.024000000000000000e+03,8.000000000000000444e-01,3.862437578209139237e-03,1.178722405459332043e-07,1.680971030553568669e-06,1.704121213779787103e-06,1.000000000000000000e+00,3.878187345993739386e-11,1.013637560447016028e+00,1.680971753287759542e-06
1.024000000000000000e+03,8.000000000000000444e-01,4.160222583531858996e-03,1.269599177103228453e-07,1.808697001613990007e-06,1.835505018550882948e-06,1.000000000000000000e+00,4.484602089588137655e-11,1.014665151662207165e+00,1.808697900983421500e-06
1.024000000000000000e+03,8.000000000000000444e-01,4.480966124131721684e-03,1.367482337686682643e-07,1.945978656698572378e-06,1.977018210842392976e-06,1.000000000000000000e+00,5.184436962794982637e-11,1.015768251218062801e+00,1.945979775621978507e-06
1.024000000000000000e+03,8.000000000000000444e-01,4.826438249986556364e-03,1.472912063594530140e-07,2.093507993876592315e-06,2.129441743007745069e-06,1.000000000000000000e+00,5.992082731654050478e-11,1.016952113349397280e+00,2.093509384801048481e-06
1.024000000000000000e+03,8.000000000000000444e-01,5.198545477834220704e-03,1.586470177561712861e-07,2.252023671597202479e-06,2.293616777020853238e-06,1.000000000000000000e+00,6.923539835595895690e-11,1.018222313243647648e+00,2.252025400329581809e-06
1.024000000000000000e+03,8.000000000000000444e-01,5.599341312444197118e-03,1.708783359510558202e-07,2.422313646698740170e-06,2.470449326498615778e-06,1.000000000000000000e+00,7.997396538531854350e-11,1.019584748172349009e+00,2.422315795185310792e-06
1.024000000000000000e+03,8.000000000000000444e-01,6.031037579054944996e-03,1.840526604936201476e-07,2.605217886597535514e-06,2.660915256612626403e-06,1.000000000000000000e+00,9.234961770392323235e-11,1.021045665657148049e+00,2.605220554931357488e-06
1.024000000000000000e+03,8.000000000000000444e-01,6.496016629515908442e-03,1.982426949925509168e-07,2.801631141447456362e-06,2.866065669482497337e-06,1.000000000000000000e+00,1.066061458167923081e-10,1.022611669688487268e+00,2.801634454148286496e-06
1.024000000000000000e+03,8.000000000000000444e-01,6.996844489494895465e-03,2.135267483366362141e-07,3.012505775828449727e-06,3.087032704770572015e-06,1.000000000000000000e+00,1.230171856548965743e-10,1.024289723823443410e+00,3.012509886394849098e-06
1.024000000000000000e+03,8.000000000000000444e-01,7.536285019304718620e-03,2.299891668488988837e-07,3.238854635985812413e-06,3.325035787489065645e-06,1.000000000000000000e+00,1.419027872107060717e-10,1.026087165974615800e+00,3.238859734006320845e-06
1.024000000000000000e+03,8.000000000000000444e-01,8.117315166496837098e-03,2.477207997588146087e-07,3.481753942408957948e-06,3.581388357498694604e-06,1.000000000000000000e+00,1.636210881240432364e-10,1.028011710109147714e+00,3.481760261692587935e-06
1.024000000000000000e+03,8.000000000000000444e-01,8.743141394394677787e-03,2.668195005613610165e-07,3.742346187324653841e-06,3.857505117836083086e-06,1.000000000000000000e+00,1.885812858074003412e-10,1.030071455431169625e+00,3.742354015436785353e-06
1.024000000000000000e+03,8.000000000000000444e-01,9.417217377228897721e-03,2.873906670296904822e-07,4.021843013571331602e-06,4.154909841870448576e-06,1.000000000000000000e+00,2.172499593948936027e-10,1.032274880572241926e+00,4.021852705658077099e-06
1.024000000000000000e+03,8.000000000000000444e-01,1.014326305952663668e-02,3.095478228615306603e-07,4.321528059759091736e-06,4.475243782374018143e-06,1.000000000000000000e+00,2.501566386027491706e-10,1.034630846072690957e+00,4.321540051040001723e-06
1.024000000000000000e+03,8.000000000000000444e-01,1.092528518493569856e-02,3.334132441691802538e-07,4.642759730863024159e-06,4.820274728912354489e-06,1.000000000000000000e+00,2.878962277910019383e-10,1.037148592440644279e+00,4.642774556903429531e-06
1.024000000000000000e+03,8.000000000000000444e-01,1.176759940777339850e-02,3.591186342704284209e-07,4.986973880487323439e-06,5.191906763538452358e-06,2.000000000000000000e+00,5.361864854203170056e-16,1.039837715094062531e+00,4.986992199599695978e-06
1.024000000000000000e+03,8.000000000000000444e-01,1.267485410932491299e-02,3.868058505043003233e-07,5.355686370609734686e-06,5.592190768628377298e-06,2.000000000000000000e+00,7.884913204426942234e-16,1.042708163790358356e+00,5.355708986210530476e-06
1.024000000000000000e+03,8.000000000000000444e-01,1.365205605032304183e-02,4.166276870826123605e-07,5.750495461737504587e-06,6.023335744846689537e-06,2.000000000000000000e+00,9.223926642744987257e-16,1.045770225874257164e+00,5.750523356976203628e-06
1.024000000000000000e+03,8.000000000000000444e-01,1.470459800117484943e-02,4.487487182975723092e-07,6.173084018824878452e-06,6.487721001700828285e-06,2.000000000000000000e+00,6.756684294108506506e-16,1.049034485332565936e+00,6.173118396458588352e-06
1.024000000000000000e+03,8.000000000000000444e-01,1.583828850241491421e-02,4.833462067387363954e-07,6.625221491656953498e-06,6.987909287959062330e-06,2.000000000000000000e+00,4.279663903949168737e-16,1.052511794549694457e+00,6.625263818618898759e-06
1.024000000000000000e+03,8.000000000000000444e-01,1.705938391962066869e-02,5.206110815313924771e-07,7.108765628404833320e-06,7.526660934393290348e-06,2.000000000000000000e+00,6.434640297457541452e-16,1.056213239007917082e+00,7.108817690899787883e-06
1.024000000000000000e+03,8.000000000000000444e-01,1.837462296968760816e-02,5.607489919948610890e-07,7.625663892603525788e-06,8.106949086894608899e-06,2.000000000000000000e+00,6.032703387455372929e-16,1.060150084027320361e+00,7.625727863201970410e-06
1.024000000000000000e+03,8.000000000000000444e-01,1.979126390900046856e-02,6.039814425354146899e-07,8.177954554692313472e-06,8.731976114026865306e-06,2.000000000000000000e+00,5.161388246375855224e-16,1.064333719918426624e+00,8.178033069490268478e-06
1.024000000000000000e+03,8.000000000000000444e-01,2.131712458872634872e-02,6.505470150368148412e-07,8.767767419043173073e-06,9.405191279564621563e-06,2.000000000000000000e+00,8.201979235606105450e-16,1.068775596037198738e+00,8.767863672797456833e-06
1.024000000000000000e+03,8.000000000000000444e-01,2.296062559827854663e-02,7.007026854943404122e-07,9.397324173160157969e-06,1.013030977754303665e-05,2.000000000000000000e+00,4.351385087405024390e-16,1.073487145291647238e+00,9.397442028743933372e-06
1.024000000000000000e+03,8.000000000000000444e-01,2.473083673504121796e-02,7.547252421582402942e-07,1.006893832752472174e-05,1.091133323486586175e-05,2.000000000000000000e+00,6.733227852143580169e-16,1.078479698119444663e+00,1.006908244845395602e-05
1.024000000000000000e+03,8.000000000000000444e-01,2.663752705680281704e-02,8.129128130127812819e-07,1.078501474831282176e-05,1.175257179461731411e-05,2.000000000000000000e+00,7.153723454449516671e-16,1.083764390908470432e+00,1.078519074898257557e-05
1.024000000000000000e+03,8.000000000000000444e-01,2.869121879311616399e-02,8.755865110203907469e-07,1.154804875945203752e-05,1.265866790194612474e-05,2.000000000000000000e+00,8.125421319162811863e-16,1.089352063688089345e+00,1.154826338807269300e-05
1.024000000000000000e+03,8.000000000000000444e-01,3.090324541309974818e-02,9.430922062103194635e-07,1.236062484244553593e-05,1.363462192378624550e-05,2.000000000000000000e+00,8.113782931856017682e-16,1.095253142907882449e+00,1.236088619017577859e-05
1.024000000000000000e+03,8.000000000000000444e-01,3.328581417013225241e-02,1.015802434391243054e-06,1.322541493796431134e-05,1.468581974379880396e-05,2.000000000000000000e+00,6.003359024745587990e-16,1.101477526012235586e+00,1.322573268205199176e-05
1.024000000000000000e+03,8.000000000000000444e-01,3.585207346859833888e-02,1.094118453021189541e-06,1.414517638029848168e-05,1.581806248482023545e-05,2.000000000000000000e+00,9.521707132389580757e-16,1.108034452929690161e+00,1.414556206868859858e-05
1.024000000000000000e+03,8.000000000000000444e-01,3.861618542445483665e-02,1.178472455580286763e-06,1.512274951485428175e-05,1.703759852284247642e-05,2.000000000000000000e+00,1.312029823177641748e-15,1.114932369535015511e+00,1.512321689342548718e-05
1.024000000000000000e+03,8.000000000000000444e-01,4.159340402004865073e-02,1.269329956666523765e-06,1.616105505332407529e-05,1.835115796919694199e-05,2.000000000000000000e+00,7.428668743300954245e-16,1.122178792650775137e+00,1.616162043964815438e-05
1.024000000000000000e+03,8.000000000000000444e-01,4.480015928449047197e-02,1.367192360976882079e-06,1.726309123003856255e-05,1.976598981123517333e-05,2.000000000000000000e+00,5.565920265249878081e-16,1.129780170259945038e+00,1.726377394471956139e-05
1.024000000000000000e+03,8.000000000000000444e-01,4.825414796414092405e-02,1.472599730350980348e-06,1.843193085320881446e-05,2.128990191647020137e-05,2.000000000000000000e+00,8.017856011644556884e-16,1.137741740476652552e+00,1.843275370942370244e-05
1.024000000000000000e+03,8.000000000000000444e-01,5.197443118358074932e-02,1.586133764147361734e-06,1.967071833721659003e-05,2.293130412094437467e-05,2.000000000000000000e+00,7.922926445201185752e-16,1.146067395653521004e+00,1.967170819749518312e-05
1.024000000000000000e+03,8.000000000000000444e-01,5.598153963601672917e-02,1.708421009399924596e-06,2.098266682387239175e-05,2.469925463961103462e-05,2.000000000000000000e+00,5.949533740586927285e-16,1.154759550054389905e+00,2.098385522921134157e-05
1.024000000000000000e+03,8.000000000000000444e-01,6.029758688362428509e-02,1.840136318469979403e-06,2.237105550367045627e-05,2.660351005484913841e-05,2.000000000000000000e+00,6.076103693525490771e-16,1.163819019002705346e+00,2.237247937994682226e-05
1.024000000000000000e+03,8.000000000000000444e-01,6.494639139308457099e-02,1.982006573275285980e-06,2.383922724585034824e-05,2.865457915897679590e-05,2.000000000000000000e+00,1.134659686063035665e-15,1.173244908803276587e+00,2.384092969852621481e-05
1.024000000000000000e+03,8.000000000000000444e-01,6.995360797977920320e-02,2.134814696648535254e-06,2.539058666117579433e-05,3.086378094789805698e-05,2.000000000000000000e+00,9.747620452101246525e-16,1.183034520399083078e+00,2.539261786074972896e-05
1.024000000000000000e+03,8.000000000000000444e-01,7.534686938602848383e-02,2.299403972962295039e-06,2.702859870535569766e-05,3.324330708592579349e-05,2.000000000000000000e+00,1.051450919237878707e-15,1.193183275142505551e+00,2.703101687034736275e-05
1.024000000000000000e+03,8.000000000000000444e-01,8.115593877468443851e-02,2.476682701864149124e-06,2.875678792392896308e-05,3.580628918649797921e-05,2.000000000000000000e+00,1.186214473150126487e-15,1.203684659325535478e+00,2.875966041274885429e-05
1.024000000000000000e+03,8.000000000000000444e-01,8.741287397962707595e-02,2.667629210804048949e-06,3.057873844476658863e-05,3.856687128008151930e-05,2.000000000000000000e+00,7.811579781956641145e-16,1.214530194005348562e+00,3.058214295654530985e-05
1.024000000000000000e+03,8.000000000000000444e-01,9.415220441959404329e-02,2.873297254015931497e-06,3.249809478437840467e-05,4.154028786918392656e-05,2.000000000000000000e+00,9.021458451637251571e-16,1.225709430084165774e+00,3.250212068367164866e-05
1.024000000000000000e+03,8.000000000000000444e-01,1.014111216516583452e-01,3.094821827748362587e-06,3.451856355020279098e-05,4.474294800122622534e-05,2.000000000000000000e+00,7.674571388563284643e-16,1.237209971069386683e+00,3.452331331265979408e-05
1.024000000000000000e+03,8.000000000000000444e-01,1.092296846159366147e-01,3.333425433835956259e-06,3.664391606643653494e-05,4.819252582323915973e-05,2.000000000000000000e+00,9.091578366111393006e-16,1.249017526904935949e+00,3.664950686047182133e-05
1.024000000000000000e+03,8.000000000000000444e-01,1.176510407041915507e-01,3.590424826177720663e-06,3.887799195807136859e-05,5.190805811811777248e-05,2.000000000000000000e+00,6.744366108479500274e-16,1.261115992698584876e+00,3.888455736823072742e-05
1.024000000000000000e+03,8.000000000000000444e-01,1.267216638723117073e-01,3.867238277353262551e-06,4.122470369938470983e-05,5.591004936069546776e-05,2.000000000000000000e+00,9.003419760502247147e-16,1.273487556676695220e+00,4.123239559550638631e-05
1.024000000000000000e+03,8.000000000000000444e-01,1.364916111107127572e-01,4.165393405478294592e-06,4.368804210515747416e-05,6.022058487339831847e-05,2.000000000000000000e+00,1.089038087086269662e-15,1.286112836136474868e+00,4.369703266760653344e-05
1.024000000000000000e+03,8.000000000000000444e-01,1.470147986880137314e-01,4.486535604492606549e-06,4.627208272868388208e-05,6.486345270593872744e-05,2.000000000000000000e+00,8.244075950169293084e-16,1.298971034088008736e+00,4.628256664144277387e-05
1.024000000000000000e+03,8.000000000000000444e-01,1.583492996924618090e-01,4.832437124403741731e-06,4.898099312753324971e-05,6.986427491165165095e-05,2.000000000000000000e+00,8.467893905793717048e-16,1.312040119094399770e+00,4.899318993878058168e-05
1.024000000000000000e+03,8.000000000000000444e-01,1.705576645131129387e-01,5.205006851596464195e-06,5.181904090961937399e-05,7.525064894493264814e-05,2.000000000000000000e+00,8.179364672068253465e-16,1.325297022912382161e+00,5.183319758168978886e-05
1.024000000000000000e+03,8.000000000000000444e-01,1.837072660293704307e-01,5.606300843181470664e-06,5.479060250100347692e-05,8.105229996009161901e-05,2.000000000000000000e+00,9.069875348828042820e-16,1.338717847664060656e+00,5.480699615425918189e-05
1.024000000000000000e+03,8.000000000000000444e-01,1.978706714138381284e-01,6.038533673518009290e-06,5.790017254754853990e-05,8.730124485209561299e-05,2.000000000000000000e+00,8.618680750704068140e-16,1.352278085279120745e+00,5.791911340740520364e-05
1.024000000000000000e+03,8.000000000000000444e-01,2.131260426003159514e-01,6.504090655527220196e-06,6.115237385099904044e-05,9.403196894447449542e-05,2.000000000000000000e+00,1.112108139931314453e-15,1.365952840264837320e+00,6.117420841996235362e-05
1.024000000000000000e+03,8.000000000000000444e-01,2.295575676269476506e-01,7.005541004240345783e-06,6.455196776448889301e-05,1.012816162994537939e-04,2.000000000000000000e+00,6.656236569485041747e-16,1.379717050291175084e+00,6.457708222907253845e-05
1.024000000000000000e+03,8.000000000000000444e-01,2.472559252349319781e-01,7.545652015226195619e-06,6.810386495605135794e-05,1.090901947005605522e-04,2.000000000000000000e+00,1.674348894255894214e-15,1.393545702877881709e+00,6.813268884591501919e-05
1.024000000000000000e+03,8.000000000000000444e-01,2.663187852867178185e-01,8.127404336142511550e-06,7.181313646203058444e-05,1.175007964389129854e-04,2.000000000000000000e+00,7.850948848042727738e-16,1.407414044219079230e+00,7.184614657860743611e-05
1.024000000000000000e+03,8.000000000000000444e-01,2.868513477652855359e-01,8.754008415688645505e-06,7.568502495052115955e-05,1.265598361216227767e-04,2.000000000000000000e+00,1.227760539016529237e-15,1.421297773997023839e+00,7.572274959215801609e-05
1.024000000000000000e+03,8.000000000000000444e-01,3.089669233290263106e-01,9.428922220734445514e-06,7.972495614738548059e-05,1.363173068146753398e-04,2.000000000000000000e+00,1.140989960810164326e-15,1.435173224655780899e+00,7.976797964509227141e-05
1.024000000000000000e+03,8.000000000000000444e-01,3.327875586260605201e-01,1.015587031939881958e-05,8.393855035830528357e-05,1.468270559338336642e-04,2.000000000000000000e+00,7.109639064119537419e-16,1.449017523912734973e+00,8.398751795323431931e-05
1.024000000000000000e+03,8.000000000000000444e-01,3.584447098188434100e-01,1.093886443538950836e-05,8.833163405452422175e-05,1.581470824060929922e-04,2.000000000000000000e+00,1.593593734323356969e-15,1.462808735984888031e+00,8.838725714254474434e-05
1.024000000000000000e+03,8.000000000000000444e-01,3.860799680359606745e-01,1.178222558703493269e-05,9.291025149349595364e-05,1.703398567415962425e-04,2.000000000000000000e+00,1.243013938140850225e-15,1.476525983288359711e+00,9.297331326440269172e-05
1.024000000000000000e+03,8.000000000000000444e-01,4.158458407545792546e-01,1.269060793318418135e-05,9.768067634832109910e-05,1.834726657823538708e-04,2.000000000000000000e+00,6.251316317270614291e-16,1.490149546076255049e+00,9.775203785783573079e-05
1.024000000000000000e+03,8.000000000000000444e-01,4.479065934256817871e-01,1.366902445757085532e-05,1.026494233500624301e-04,1.976179840302943710e-04,2.000000000000000000e+00,1.737138848684968548e-15,1.503660940046867012e+00,1.027300300536146540e-04
1.024000000000000000e+03,8.000000000000000444e-01,4.824391559866521573e-01,1.472287463338171867e-05,1.078232599377067767e-04,2.128538736038451239e-04,2.000000000000000000e+00,1.158528889132832142e-15,1.517042975495828117e+00,1.079141487245725308e-04
1.024000000000000000e+03,8.000000000000000444e-01,5.196340992638939227e-01,1.585797422069988778e-05,1.132092179176544006e-04,2.292644150302447015e-04,2.000000000000000000e+00,9.011374359926518335e-16,1.530279794759675127e+00,1.133115246948309182e-04
1.024000000000000000e+03,8.000000000000000444e-01,5.596966866538276575e-01,1.708058736126183037e-05,1.188146051701547562e-04,2.469401712509439444e-04,2.000000000000000000e+00,9.521664933262200650e-16,1.543356891307597678e+00,1.189295730277117739e-04
1.024000000000000000e+03,8.000000000000000444e-01,6.028480068860628815e-01,1.839746114764596196e-05,1.246470174054725992e-04,2.659786874007511685e-04,2.000000000000000000e+00,8.111480728321650980e-16,1.556261114460447459e+00,1.247760054179842572e-04
1.024000000000000000e+03,8.000000000000000444e-01,6.493261941199899301e-01,1.981586285766570832e-05,1.307143499996699077e-04,2.864850291187933740e-04,2.000000000000000000e+00,1.018107737966990376e-15,1.568980656696986387e+00,1.308588427187688179e-04
1.024000000000000000e+03,8.000000000000000444e-01,6.993877421079987000e-01,2.134362005944820252e-05,1.370248099549988712e-04,3.085723623620080882e-04,2.000000000000000000e+00,1.063117562715481943e-15,1.581505029263436946e+00,1.371864276369817043e-04
1.024000000000000000e+03,8.000000000000000444e-01,7.533089196776422414e-01,2.298916380852179692e-05,1.435869279934926413e-04,3.323625779209146290e-04,2.000000000000000000e+00,1.163992369240434603e-15,1.593825026770022468e+00,1.437674376337662156e-04
1.024000000000000000e+03,8.000000000000000444e-01,8.113872953441990665e-01,2.476157517529904378e-05,1.504095708412073412e-04,3.579869640841056499e-04,2.000000000000000000e+00,1.064911642790817598e-15,1.605932682560081481e+00,1.506108980680512363e-04
1.024000000000000000e+03,8.000000000000000444e-01,8.739433794673482359e-01,2.667063535972132067e-05,1.575019537139453235e-04,3.855869311636200510e-04,2.000000000000000000e+00,8.440308272674009892e-16,1.617821216306842835e+00,1.577261956223455122e-04
1.024000000000000000e+03,8.000000000000000444e-01,9.413223930143089779e-01,2.872687966962612848e-05,1.648736530668255579e-04,4.153147918795386823e-04,2.000000000000000000e+00,9.512205734605140784e-16,1.629484976357360670e+00,1.651230920502467765e-04
1.024000000000000000e+03,8.000000000000000444e-01,1.013896172690545328e+00,3.094165566072220848e-05,1.725346196105632002e-04,4.473346019104357425e-04,2.000000000000000000e+00,1.069994246968763596e-15,1.640919378666836792e+00,1.728117382850712438e-04
1.024000000000000000e+03,8.000000000000000444e-01,1.092065222951632997e+00,3.332718575902200307e-05,1.804951916528561547e-04,4.818230652483214329e-04,2.000000000000000000e+00,1.128924315059919728e-15,1.652120841644740601e+00,1.808026889485890500e-04
1.024000000000000000e+03,8.000000000000000444e-01,1.176260926220499048e+00,3.589663471131894067e-05,1.887661087842069181e-04,5.189705093543589293e-04,2.000000000000000000e+00,1.244894635343270805e-15,1.663086720920408768e+00,1.891069172982085033e-04
1.024000000000000000e+03,8.000000000000000444e-01,1.266947923507298679e+00,3.866418223594051144e-05,1.973585259395173503e-04,5.589819354968314285e-04,2.000000000000000000e+00,1.517178432909928433e-15,1.673815242931233183e+00,1.977358306501817114e-04
1.024000000000000000e+03,8.000000000000000444e-01,1.364626678569578422e+00,4.164510127470637274e-05,2.062840278716991356e-04,6.020781500677371313e-04,2.000000000000000000e+00,1.920989166623769824e-15,1.684305439244169200e+00,2.067012863155709413e-04
1.024000000000000000e+03,8.000000000000000444e-01,1.469836239763260943e+00,4.485584227793154734e-05,2.155546440566843307e-04,6.484969831212791889e-04,2.000000000000000000e+00,1.280911769073690356e-15,1.694557082321079378e+00,2.160156080848956264e-04
1.024000000000000000e+03,8.000000000000000444e-01,1.583157214825951398e+00,4.831412398760838006e-05,2.251828640634554021e-04,6.984946008588530401e-04,2.000000000000000000e+00,1.586523387572427068e-15,1.704570622917947809e+00,2.256916032966212963e-04
1.024000000000000000e+03,8.000000000000000444e-01,1.705214975009154310e+00,5.203903121976178925e-05,2.351816534098560038e-04,7.523469193035912418e-04,2.000000000000000000e+00,1.028916371029209888e-15,1.714347130211937298e+00,2.357425805239853219e-04
1.024000000000000000e+03,8.000000000000000444e-01,1.836683106241693508e+00,5.605112018559855677e-05,2.455644699285214252e-04,8.103511269659536545e-04,2.000000000000000000e+00,1.403223044912165658e-15,1.723888233904266265e+00,2.461823679141133007e-04
1.024000000000000000e+03,8.000000000000000444e-01,1.978287126369815407e+00,6.037253193267258934e-05,2.563452806739575452e-04,8.728273249032983405e-04,2.000000000000000000e+00,1.114267758176107704e-15,1.733196069834734843e+00,2.570253322129828987e-04
1.024000000000000000e+03,8.000000000000000444e-01,2.130808488987941729e+00,6.502711453210271390e-05,2.675385793782823827e-04,9.401202932242674762e-04,2.000000000000000000e+00,1.138304828116401807e-15,1.742273228918815420e+00,2.682863985095485610e-04
1.024000000000000000e+03,8.000000000000000444e-01,2.295088895955498032e+00,7.004055468614190771e-05,2.791594044880484310e-04,1.012601393786569234e-03,2.000000000000000000e+00,8.096321455677158911e-16,1.751122708466827049e+00,2.799810707322496488e-04
1.024000000000000000e+03,8.000000000000000444e-01,2.472034942398821933e+00,7.544051948238592324e-05,2.912233578008278792e-04,1.090670619588359966e-03,2.000000000000000000e+00,1.253382801575277283e-15,1.759747867343659067e+00,2.921254529312005874e-04
1.024000000000000000e+03,8.000000000000000444e-01,2.662623119831973195e+00,8.125680907690347886e-05,3.037466237149435457e-04,1.174758802162963363e-03,2.000000000000000000e+00,1.310162290745945842e-15,1.768152384195966320e+00,3.047362713795885103e-04
1.024000000000000000e+03,8.000000000000000444e-01,2.867905205006591185e+00,8.752152114888278763e-05,3.167459891186496200e-04,1.265329989158616060e-03,2.000000000000000000e+00,1.565056194721720963e-15,1.776340218806817361e+00,3.178308975281857900e-04
1.024000000000000000e+03,8.000000000000000444e-01,3.089014064229613776e+00,9.426922803435100636e-05,3.302388639291106015e-04,1.362884005224115165e-03,2.000000000000000000e+00,1.316572504863953991e-15,1.784315576431390937e+00,3.314273718474084114e-04
1.024000000000000000e+03,8.000000000000000444e-01,3.327169905180470177e+00,1.015371675164938409e-04,3.442433023075622202e-04,1.467959210332826477e-03,2.000000000000000000e+00,1.139270257848800987e-15,1.792082874892425792e+00,3.455444285920199307e-04
1.024000000000000000e+03,8.000000000000000444e-01,3.583687010728913602e+00,1.093654483254673341e-04,3.587780245615334977e-04,1.581135470767091765e-03,2.000000000000000000e+00,1.441655259075455518e-15,1.799646714959342475e+00,3.602015215243682764e-04
1.024000000000000000e+03,8.000000000000000444e-01,3.859980991914673698e+00,1.177972714817710479e-04,3.738624397494979168e-04,1.703037359158680137e-03,2.000000000000000000e+00,1.199030662031256641e-15,1.807011852970040522e+00,3.754188506329702874e-04
1.024000000000000000e+03,8.000000000000000444e-01,4.157576600114994747e+00,1.268791687046812362e-04,3.895166690113683466e-04,1.834337601244923977e-03,2.000000000000000000e+00,1.285098714546371208e-15,1.814183175993559161e+00,3.912173898842805325e-04
1.024000000000000000e+03,8.000000000000000444e-01,4.478116141512301418e+00,1.366612592014252142e-04,4.057615696327563086e-04,1.975760788361818118e-03,2.000000000000000000e+00,1.197122685900179360e-15,1.821165679481079991e+00,4.076189160466405599e-04
1.024000000000000000e+03,8.000000000000000444e-01,4.823368540297815699e+00,1.471975262542058013e-04,4.226187598638535183e-04,2.128087376161730097e-03,2.000000000000000000e+00,1.719884810957331791e-15,1.827964446984836400e+00,4.246460386266374108e-04
1.024000000000000000e+03,8.000000000000000444e-01,5.195239100627237150e+00,1.585461151314464462e-04,4.401106445040835788e-04,2.292157991623008494e-03,2.000000000000000000e+00,1.437888817903320517e-15,1.834584631915923580e+00,4.423222309594569473e-04
1.024000000000000000e+03,8.000000000000000444e-01,5.595780021200619458e+00,1.707696539673040606e-04,4.582604412708419627e-04,2.468878072120067602e-03,2.000000000000000000e+00,1.223913305279717257e-15,1.841031441430438065e+00,4.606718624962523236e-04
1.024000000000000000e+03,8.000000000000000444e-01,6.027201720492038284e+00,1.839355993802501918e-04,4.770922079573835508e-04,2.659222862155046722e-03,2.000000000000000000e+00,1.512564558549432940e-15,1.847310121722326670e+00,4.797202323330816416e-04
1.024000000000000000e+03,8.000000000000000444e-01,6.491885035128293957e+00,1.981166087380460802e-04,4.966308704085366623e-04,2.864242795325931332e-03,2.000000000000000000e+00,1.360583595735289022e-15,1.853425945105108497e+00,4.994936040275929677e-04
1.024000000000000000e+03,8.000000000000000444e-01,6.992394358734382642e+00,2.133909411234857984e-04,5.169022513079006695e-04,3.085069291231964071e-03,2.000000000000000000e+00,1.732358670487696939e-15,1.859384198822649381e+00,5.200192417513220143e-04
1.024000000000000000e+03,8.000000000000000444e-01,7.531491793753565922e+00,2.298428892136708350e-04,5.379330998022554232e-04,3.322920999307054681e-03,2.000000000000000000e+00,1.990717914466832297e-15,1.865190174715646521e+00,5.413254478272843144e-04
1.024000000000000000e+03,8.000000000000000444e-01,8.112152394340110817e+00,2.475632444561801397e-04,5.597511219707825827e-04,3.579110524038336960e-03,2.000000000000000000e+00,1.267618916129212847e-15,1.870849160645402520e+00,5.634416017043978155e-04
1.024000000000000000e+03,8.000000000000000444e-01,8.737580584443671583e+00,2.666497981092429072e-04,5.823850121419018927e-04,3.855051668683461864e-03,2.000000000000000000e+00,1.201663294639879755e-15,1.876366432874970513e+00,5.863982004222223487e-04
1.024000000000000000e+03,8.000000000000000444e-01,9.411227841690143592e+00,2.872078809109540891e-04,6.058644850779532944e-04,4.152267237461806579e-03,2.000000000000000000e+00,1.510395517675160123e-15,1.881747249450747006e+00,6.102269006215694635e-04
1.024000000000000000e+03,8.000000000000000444e-01,1.013681174464877621e+01,3.093509443557365787e-04,6.302203090253981734e-04,4.472397439276550382e-03,2.000000000000000000e+00,1.233630496357359236e-15,1.886996844744032842e+00,6.349605621586292773e-04
1.024000000000000000e+03,8.000000000000000444e-01,1.091833648859953598e+01,3.332011867858745112e-04,6.554843396425408860e-04,4.817208939344291493e-03,2.000000000000000000e+00,1.414031022915851415e-15,1.892120424725348471e+00,6.606332933824953695e-04
1.024000000000000000e+03,8.000000000000000444e-01,1.176011498301870617e+01,3.588902277532564139e-04,6.816895548075572889e-04,5.188604608684386187e-03,2.000000000000000000e+00,1.423815398827170289e-15,1.897123163148517477e+00,6.872804981382517504e-04
1.024000000000000000e+03,8.000000000000000444e-01,1.266679265272950161e+01,3.865598343728485599e-04,7.088700903097386449e-04,5.588634025271355631e-03,2.000000000000000000e+00,1.696682236428105448e-15,1.902010198469437086e+00,7.149389245601764972e-04
1.024000000000000000e+03,8.000000000000000444e-01,1.364337307406638722e+01,4.163627036763423834e-04,7.370612764256562460e-04,6.019504784801874703e-03,2.000000000000000000e+00,1.478529270728388327e-15,1.906786631391334197e+00,7.436467157220941551e-04
1.024000000000000000e+03,8.000000000000000444e-01,1.469524558752834942e+01,4.484633052834579290e-04,7.662996753807539436e-04,6.483594683495723203e-03,2.000000000000000000e+00,2.249520786803497523e-15,1.911457523155114302e+00,7.734434622145009005e-04
1.024000000000000000e+03,8.000000000000000444e-01,1.582821503930386342e+01,4.830387890412555976e-04,7.966231196885770758e-04,6.983464840162515938e-03,2.000000000000000000e+00,1.222287670707161355e-15,1.916027894292362532e+00,8.043702567207101179e-04
1.024000000000000000e+03,8.000000000000000444e-01,1.704853381579882310e+01,5.202799626403449432e-04,8.280707513702189508e-04,7.521873829949497249e-03,2.000000000000000000e+00,1.877171562031252743e-15,1.920502723856820637e+00,8.364697506670921295e-04
1.024000000000000000e+03,8.000000000000000444e-01,1.836293634795216079e+01,5.603923446030322506e-04,8.606830620393901175e-04,8.101792907768464586e-03,2.000000000000000000e+00,1.572601537820096951e-15,1.924886949321695795e+00,8.697862130253154831e-04
1.024000000000000000e+03,8.000000000000000444e-01,1.977867627575474430e+01,6.035972984544294524e-04,8.945019338426859253e-04,8.726422405413852834e-03,2.000000000000000000e+00,1.386310280168047674e-15,1.929185466835924956e+00,9.043655913475034816e-04
1.024000000000000000e+03,8.000000000000000444e-01,2.130356647806655346e+01,6.501332543355271441e-04,9.295706812421318304e-04,9.399209392860617684e-03,2.000000000000000000e+00,1.240218886418480641e-15,1.933403131705254907e+00,9.402555751182943263e-04
1.024000000000000000e+03,8.000000000000000444e-01,2.294602218864025645e+01,7.002570247998125136e-04,9.659340936272725999e-04,1.012386670120737561e-02,2.000000000000000000e+00,1.818348275660960095e-15,1.937544759476651279e+00,9.775056615110144093e-04
1.024000000000000000e+03,8.000000000000000444e-01,2.471510743629046658e+01,7.542452220547627741e-04,1.003638478722036244e-03,1.090439341224445219e-02,2.000000000000000000e+00,2.141478061793147294e-15,1.941615127248716988e+00,1.016167223638505613e-03
1.024000000000000000e+03,8.000000000000000444e-01,2.662058506549267278e+01,8.123957844693808833e-04,1.042731706778029415e-03,1.174509692772026173e-02,2.000000000000000000e+00,1.374474039457311709e-15,1.945618975289079344e+00,1.056293581392583848e-03
1.024000000000000000e+03,8.000000000000000444e-01,2.867297061345467313e+01,8.750296207719321633e-04,1.083263255506566750e-03,1.265061674009707558e-02,2.000000000000000000e+00,1.347246700506150269e-15,1.949561008970754017e+00,1.097940074969706165e-03
1.024000000000000000e+03,8.000000000000000444e-01,3.088359034098560230e+01,9.424923810115235076e-04,1.125284255731293613e-03,1.362595003597709235e-02,2.000000000000000000e+00,1.388432658548899117e-15,1.953445900841614957e+00,1.141164141184128691e-03
1.024000000000000000e+03,8.000000000000000444e-01,3.326464373741075065e+01,1.015156364056724568e-03,1.168847537709697499e-03,1.467647927349343372e-02,2.000000000000000000e+00,1.723194194199491303e-15,1.957278293178397632e+00,1.186025392673683773e-03
1.024000000000000000e+03,8.000000000000000444e-01,3.582927084447101862e+01,1.093422572157929035e-03,1.214007678079595965e-03,1.580800188585432600e-02,2.000000000000000000e+00,1.631087330164443708e-15,1.961062800513360571e+00,1.232585700107357088e-03
1.024000000000000000e+03,8.000000000000000444e-01,3.859162477073878250e+01,1.177722923911706009e-03,1.260821047387817272e-03,1.702676227496161682e-02,2.000000000000000000e+00,1.195323412604204229e-15,1.964804012450926507e+00,1.280909277507881472e-03
1.024000000000000000e+03,8.000000000000000444e-01,4.156694979672804635e+01,1.268522637839601024e-03,1.309345858130970533e-03,1.833948627166348891e-02,2.000000000000000000e+00,1.641282901025958364e-15,1.968506496708506859e+00,1.331062770807008326e-03
1.024000000000000000e+03,8.000000000000000444e-01,4.477166550172781712e+01,1.366322799735345981e-03,1.359642213254466268e-03,1.975341825281294247e-02,2.000000000000000000e+00,2.015636587663970630e-15,1.972174802270522775e+00,1.383115349755469677e-03
1.024000000000000000e+03,8.000000000000000444e-01,4.822345737661966325e+01,1.471663127948598122e-03,1.411772155029526916e-03,2.127636111996557625e-02,2.000000000000000000e+00,1.630429997915071935e-15,1.975813462788437391e+00,1.437138803314354403e-03
1.024000000000000000e+03,8.000000000000000444e-01,5.194137442273414251e+01,1.585124951865665970e-03,1.465799714232636844e-03,2.291671936034258422e-02,2.000000000000000000e+00,1.488209552027192528e-15,1.979427000013977533e+00,1.493207638659361375e-03
1.024000000000000000e+03,8.000000000000000444e-01,5.594593427535320274e+01,1.707334420024206626e-03,1.521790959541043054e-03,2.468354542769436721e-02,2.000000000000000000e+00,1.513164975649556757e-15,1.983019927401130644e+00,1.551399183934466146e-03
1.024000000000000000e+03,8.000000000000000444e-01,6.025923643199152480e+01,1.838965955566147607e-03,1.579814047044839076e-03,2.658658969902148034e-02,2.000000000000000000e+00,3.446803471898155617e-15,1.986596753971689111e+00,1.611793694896590176e-03
1.024000000000000000e+03,8.000000000000000444e-01,6.490508421031717035e+01,1.980745978098058177e-03,1.639939269764439283e-03,2.863635428284350831e-02,2.000000000000000000e+00,2.361444504256579403e-15,1.990161988092019385e+00,1.674474465598423979e-03
1.024000000000000000e+03,8.000000000000000444e-01,6.990911610874390192e+01,2.133456912498288022e-03,1.702239107074533407e-03,3.084415097596018840e-02,2.000000000000000000e+00,2.416838681252002211e-15,1.993720141514614852e+00,1.739527943261863843e-03
1.024000000000000000e+03,8.000000000000000444e-01,7.529894729462479575e+01,2.297941506793969597e-03,1.766788273882064419e-03,3.322216368854626067e-02,2.000000000000000000e+00,1.957403043424346642e-15,1.997275733558794286e+00,1.807043847500622346e-03
1.024000000000000000e+03,8.000000000000000444e-01,8.110432200085405441e+01,2.475107482936219922e-03,1.833663769444745248e-03,3.578351568207489147e-02,2.000000000000000000e+00,1.839874195848081177e-15,2.000833295172085968e+00,1.877115294056235038e-03
1.024000000000000000e+03,8.000000000000000444e-01,8.735727767189926851e+01,2.665932546139504044e-03,1.902944925670629504e-03,3.854234199113163589e-02,2.000000000000000000e+00,2.236047158573115333e-15,2.004397373386147763e+00,1.949838923218257230e-03
1.024000000000000000e+03,8.000000000000000444e-01,9.409232176510791135e+01,2.871469780429318584e-03,1.974713454728836085e-03,4.151386742878043767e-02,2.000000000000000000e+00,3.342385624427052162e-15,2.007972535701746608e+00,2.025315033105562750e-03
1.024000000000000000e+03,8.000000000000000444e-01,1.013466221829908420e+02,3.092853460174281068e-03,2.049053495816000135e-03,4.471449060596528746e-02,2.000000000000000000e+00,2.354783820414097621e-15,2.011563374553183792e+00,2.103647717992722724e-03
1.024000000000000000e+03,8.000000000000000444e-01,1.091602123873912404e+02,3.331305309673804945e-03,2.126051660872544085e-03,4.816187442861192408e-02,2.000000000000000000e+00,4.511255208587066439e-15,2.015174511984547223e+00,2.184945011872054324e-03
1.024000000000000000e+03,8.000000000000000444e-01,1.175762123274808886e+02,3.588141245345486102e-03,2.205797079056412684e-03,5.187504357184658660e-02,2.000000000000000000e+00,2.236516709959846688e-15,2.018810604273312492e+00,2.269319037449364466e-03
1.024000000000000000e+03,8.000000000000000444e-01,1.266410664007989055e+02,3.864778637719693162e-03,2.288381439758081001e-03,5.587448946925363535e-02,2.000000000000000000e+00,1.857913952787249823e-15,2.022476346779555456e+00,2.356886160778988958e-03
1.024000000000000000e+03,8.000000000000000444e-01,1.364047997605291869e+02,4.162744133316930752e-03,2.373899033913660570e-03,6.018228339655910114e-02,2.000000000000000000e+00,3.459143253772083416e-15,2.026176478796159586e+00,2.447767151751159814e-03
1.024000000000000000e+03,8.000000000000000444e-01,1.469212943834841099e+02,4.483682079574100032e-03,2.462446793385959440e-03,6.482219827380819588e-02,2.000000000000000000e+00,2.150812615186264909e-15,2.029915788492729689e+00,2.542087350653195015e-03
1.024000000000000000e+03,8.000000000000000444e-01,1.582485864222830685e+02,4.829363599312837783e-03,2.554124328130476847e-03,6.981983985820534866e-02,2.000000000000000000e+00,3.075287020558821637e-15,2.033699117998438055e+00,2.639976841034119993e-03
1.024000000000000000e+03,8.000000000000000444e-01,1.704491864827050449e+02,5.201696364828645169e-03,2.649033960879396306e-03,7.520278805162265712e-02,2.000000000000000000e+00,2.724429962059315067e-15,2.037531368517008445e+00,2.741570629111210640e-03
1.024000000000000000e+03,8.000000000000000444e-01,1.835904245936751238e+02,5.602735125539401971e-03,2.747280759034318853e-03,8.100074910258646399e-02,2.000000000000000000e+00,2.817954508057998339e-15,2.041417505585698677e+00,2.847008829965757843e-03
1.024000000000000000e+03,8.000000000000000444e-01,1.977448217736486242e+02,6.034693047291522956e-03,2.848972563456216543e-03,8.724571954268908747e-02,2.000000000000000000e+00,3.757707145906617918e-15,2.045362564341189682e+00,2.956436860784975203e-03
1.024000000000000000e+03,8.000000000000000444e-01,2.129904902438978525e+02,6.499953925900203017e-03,2.954220013819556633e-03,9.397216276211620145e-02,2.000000000000000000e+00,3.418231621583123570e-15,2.049371654969547762e+00,3.070005641416404581e-03
1.024000000000000000e+03,8.000000000000000444e-01,2.294115644973166184e+02,7.001085342325336254e-03,3.063136570165302715e-03,1.012171991987383945e-01,2.000000000000000000e+00,4.241072993440724478e-15,2.053449968213755028e+00,3.187871802511573361e-03
1.024000000000000000e+03,8.000000000000000444e-01,2.470986656016417555e+02,7.540852832081352403e-03,3.175838530294307436e-03,1.090208111903459148e-01,2.000000000000000000e+00,4.219394176372124300e-15,2.057602780925293473e+00,3.310197901545824072e-03
1.024000000000000000e+03,8.000000000000000444e-01,2.661494012993661045e+02,8.122235147075381606e-03,3.292445042599490088e-03,1.174260636205111674e-01,2.000000000000000000e+00,4.662634266394105578e-15,2.061835461785122448e+00,3.437152647012311091e-03
1.024000000000000000e+03,8.000000000000000444e-01,2.866689046642131302e+02,8.748440694098301093e-03,3.413078113927558305e-03,1.264793415757434480e-01,2.000000000000000000e+00,5.477529966182933700e-15,2.066153477107064873e+00,3.568911131099383217e-03
1.024000000000000000e+03,8.000000000000000444e-01,3.087704142867636392e+02,9.422925240684925513e-03,3.537862612038592675e-03,1.362306063254535293e-01,2.000000000000000000e+00,6.040396867520887726e-15,2.070562396681410178e+00,3.705655071172154515e-03
1.024000000000000000e+03,8.000000000000000444e-01,3.325758991910707891e+02,1.014941098605562711e-02,3.666926262222182376e-03,1.467336710373896291e-01,2.000000000000000000e+00,4.552751720734718383e-15,2.075067899809454275e+00,3.847573060391368521e-03
1.024000000000000000e+03,8.000000000000000444e-01,3.582167319308815081e+02,1.093190710238285852e-02,3.800399637582888273e-03,1.580464977500870560e-01,2.000000000000000000e+00,7.343898201227906577e-15,2.079675781394655587e+00,3.994860827815239351e-03
1.024000000000000000e+03,8.000000000000000444e-01,3.858344135800407457e+02,1.177473185974245440e-02,3.938416142533086167e-03,1.702315172412164623e-01,2.000000000000000000e+00,6.327147671462514098e-15,2.084391958137416623e+00,4.147721508342888663e-03
1.024000000000000000e+03,8.000000000000000444e-01,4.155813546179570608e+02,1.268253645684683413e-02,4.081111988964077411e-03,1.833559735570318705e-01,2.000000000000000000e+00,6.817544235804252338e-15,2.089222474891712977e+00,4.306365922871683953e-03
1.024000000000000000e+03,8.000000000000000444e-01,4.476217160195540714e+02,1.366033068907330540e-02,4.228626164592581838e-03,1.974922951042525077e-01,2.000000000000000000e+00,4.802801502886447170e-15,2.094173511064568061e+00,4.471012869055089080e-03
1.024000000000000000e+03,8.000000000000000444e-01,4.821323151912971525e+02,1.471351059543753517e-02,4.381100392935825989e-03,2.127184943522638094e-01,2.000000000000000000e+00,6.610186581891538625e-15,2.099251387222750509e+00,4.641889423061572491e-03
1.024000000000000000e+03,8.000000000000000444e-01,5.193036017527909962e+02,1.584788823708468616e-02,4.538679084360380984e-03,2.291185983514330282e-01,2.000000000000000000e+00,8.758526632788658569e-15,2.104462571765509438e+00,4.819231252751258500e-03
1.024000000000000000e+03,8.000000000000000444e-01,5.593407085489012616e+02,1.706972377163394963e-02,4.701509277649662359e-03,2.467831124434000656e-01,2.000000000000000000e+00,8.077908553251159086e-15,2.109813687724880538e+00,5.003282942701845794e-03
1.024000000000000000e+03,8.000000000000000444e-01,6.024645836924512423e+02,1.838576000037998176e-02,4.869740571502444333e-03,2.658095197223464545e-01,2.000000000000000000e+00,8.275245597544545516e-15,2.115311519765697312e+00,5.194298331532270357e-03
1.024000000000000000e+03,8.000000000000000444e-01,6.489132098848252781e+02,1.980325957900467768e-02,5.043525045375764002e-03,2.863028190035875609e-01,2.000000000000000000e+00,6.625313543721426594e-15,2.120963021259896664e+00,5.392540861989325758e-03
1.024000000000000000e+03,8.000000000000000444e-01,6.989429177433351015e+02,2.133004509714767766e-02,5.223017169086830412e-03,3.083761042682835463e-01,2.000000000000000000e+00,6.521725942483806967e-15,2.126775321533401097e+00,5.598283944279904174e-03
1.024000000000000000e+03,8.000000000000000444e-01,7.528298003831289407e+02,2.297454224802029238e-02,5.408373700560959244e-03,3.321511887820149944e-01,2.000000000000000000e+00,8.483260971677604559e-15,2.132755733286316513e+00,5.811811333150175909e-03
1.024000000000000000e+03,8.000000000000000444e-01,8.108712370600509303e+02,2.474582632629549958e-02,5.599753571133721762e-03,3.577592773314380858e-01,2.000000000000000000e+00,1.482741323641692463e-14,2.138911760129104778e+00,6.033417519231570186e-03
1.024000000000000000e+03,8.000000000000000444e-01,8.733875342828845305e+02,2.665367231087904451e-02,5.797317757803805566e-03,3.853416902888506801e-01,2.000000000000000000e+00,1.121030310841573793e-14,2.145251104336750814e+00,6.263408135193737104e-03
1.024000000000000000e+03,8.000000000000000444e-01,9.407236934515273106e+02,2.870860880894553560e-02,6.001229141834472404e-03,4.150506435004495676e-01,2.000000000000000000e+00,1.316385632567219780e-14,2.151781674753308948e+00,6.502100377263497592e-03
1.024000000000000000e+03,8.000000000000000444e-01,1.013251314775974720e+03,3.092197615893477539e-02,6.211652353125761070e-03,4.470500883021658600e-01,2.000000000000000000e+00,1.098127330703166674e-14,2.158511594874639172e+00,6.749823442692795029e-03
1.024000000000000000e+03,8.000000000000000444e-01,1.091370647983096887e+03,3.330598901315603294e-02,6.428753599773635863e-03,4.815166162987978282e-01,2.000000000000000000e+00,1.694670004350973114e-14,2.165449211152662201e+00,7.006918983777443190e-03
1.024000000000000000e+03,8.000000000000000444e-01,1.175512801128103774e+03,3.587380374536449507e-02,6.652700482261284833e-03,5.186404338994947683e-01,2.000000000000000000e+00,1.539194296176383466e-14,2.172603101475289122e+00,7.273741579054193718e-03
1.024000000000000000e+03,8.000000000000000444e-01,1.266142119700334888e+03,3.863959105530807153e-02,6.883661791748841956e-03,5.586264119877037970e-01,2.000000000000000000e+00,1.355729148191374459e-14,2.179982083869418830e+00,7.550659222324296489e-03
1.024000000000000000e+03,8.000000000000000444e-01,1.363758749152530982e+03,4.161861417091464177e-02,7.121807291949498395e-03,6.016952165182091194e-01,2.000000000000000000e+00,1.858601250193404515e-14,2.187595225441967273e+00,7.838053830180269355e-03
1.024000000000000000e+03,8.000000000000000444e-01,1.468901394995264809e+03,4.482731307968947781e-02,7.367307484117866477e-03,6.480845262806247398e-01,2.000000000000000000e+00,1.353044345377576517e-14,2.195451851567170820e+00,8.136321768733202273e-03
1.024000000000000000e+03,8.000000000000000444e-01,1.582150295688184997e+03,4.828339525415603628e-02,7.620333354710935939e-03,6.980503445495965797e-01,2.000000000000000000e+00,2.245106835780389494e-14,2.203561555295394214e+00,8.445874400269578683e-03
1.024000000000000000e+03,8.000000000000000444e-01,1.704130424734392136e+03,5.200593337202124439e-02,7.881056105340811593e-03,7.518684118602451116e-01,2.000000000000000000e+00,2.511725868906730852e-14,2.211934207039192302e+00,8.767138650589876084e-03
1.024000000000000000e+03,8.000000000000000444e-01,1.835514939648785912e+03,5.601547057033648414e-02,8.149646864667932714e-03,8.098357277052811165e-01,2.000000000000000000e+00,2.763308785809199230e-14,2.220579964588281996e+00,9.100557597811687743e-03
1.024000000000000000e+03,8.000000000000000444e-01,1.977028896833996896e+03,6.033413381451406543e-02,8.426276381955727368e-03,8.722721895514962132e-01,2.000000000000000000e+00,2.553638474018347184e-14,2.229509283391678309e+00,9.446591083450087828e-03
1.024000000000000000e+03,8.000000000000000444e-01,2.129453252864594560e+03,6.498575600783064454e-02,8.711114702077535701e-03,9.395223582206039259e-01,2.000000000000000000e+00,2.785797314852005392e-14,2.238732927202249812e+00,9.805716346617331103e-03
1.024000000000000000e+03,8.000000000000000444e-01,2.293629174261044227e+03,6.999600751529065634e-02,9.004330821816699387e-03,1.011957359376856713e+00,2.000000000000000000e+00,2.965924050289853158e-14,2.248261979161640056e+00,1.017842868221658335e-02
1.024000000000000000e+03,8.000000000000000444e-01,2.470462679537364238e+03,7.539253782767835199e-02,9.306092327386968413e-03,1.089976931615002531e+00,2.000000000000000000e+00,3.094828042684779267e-14,2.258107853369850204e+00,1.056524212403882682e-02
1.024000000000000000e+03,8.000000000000000444e-01,2.660929639139777919e+03,8.120512814757623044e-02,9.616565013169597886e-03,1.174011632451023468e+00,2.000000000000000000e+00,2.802049914625541001e-14,2.268282307191810787e+00,1.096669015370164112e-02
1.024000000000000000e+03,8.000000000000000444e-01,2.866081160869238374e+03,8.746585573941767500e-02,9.935912481705878180e-03,1.264525214389731644e+00,2.000000000000000000e+00,3.489083948841869565e-14,2.278797454628573860e+00,1.138332643641262916e-02
1.024000000000000000e+03,8.000000000000000444e-01,3.087049390507400403e+03,9.420927095054322520e-02,1.026429572503154142e-02,1.362017184181603335e+00,2.000000000000000000e+00,4.275944531646556029e-14,2.289665781378531051e+00,1.181572558456650719e-02
1.024000000000000000e+03,8.000000000000000444e-01,3.325053759657624596e+03,1.014725878801765319e-01,1.060187268738902941e-02,1.467025559392479472e+00,2.000000000000000000e+00,3.364093402473823446e-14,2.300900162690737716e+00,1.226448395023515235e-02
1.024000000000000000e+03,8.000000000000000444e-01,3.581407715279881359e+03,1.092958897485315356e-01,1.094879780923335884e-02,1.580129837498328804e+00,2.000000000000000000e+00,2.997781091390354894e-14,2.312513885797955027e+00,1.273022044763693142e-02
1.024000000000000000e+03,8.000000000000000444e-01,3.857525968057424961e+03,1.177223500994087207e-01,1.130522155212858142e-02,1.701954193890437006e+00,2.000000000000000000e+00,3.012809719665674627e-14,2.324520679872307483e+00,1.321357740672665822e-02
1.024000000000000000e+03,8.000000000000000444e-01,4.154932299595649056e+03,1.267984710569961260e-01,1.167128990354662429e-02,1.833170926439342985e+00,2.000000000000000000e+00,3.105707927421086961e-14,2.336934758095225106e+00,1.371522145907612400e-02
1.024000000000000000e+03,8.000000000000000444e-01,4.475267971537897211e+03,1.365743399517180545e-01,1.204714385955254347e-02,1.974504165626679075e+00,2.000000000000000000e+00,3.639521896139326480e-14,2.349770878687337472e+00,1.423584445727413446e-02
1.024000000000000000e+03,8.000000000000000444e-01,4.820300783004840014e+03,1.471039057313488774e-01,1.243291888175369724e-02,2.126733870719679231e+00,2.000000000000000000e+00,3.408469258201638134e-14,2.363044434857698661e+00,1.477616442910793804e-02
1.024000000000000000e+03,8.000000000000000444e-01,5.191934826341207554e+03,1.584452766827761094e-01,1.282874432239289840e-02,2.290700134041377289e+00,2.000000000000000000e+00,3.186353370169360293e-14,2.376771587561506749e+00,1.533692656784618052e-02
1.024000000000000000e+03,8.000000000000000444e-01,5.592220995008341561e+03,1.706610411074322986e-01,1.323474280790427893e-02,2.467307817090219402e+00,2.000000000000000000e+00,2.458707596037501057e-14,2.390969459646157702e+00,1.591890425998822647e-02
1.024000000000000000e+03,8.000000000000000444e-01,6.023368301610636991e+03,1.838186127200511777e-01,1.365102956628001622e-02,2.657531544093635123e+00,2.000000000000000000e+00,3.551777207209946979e-14,2.405656415379752389e+00,1.652290015189439992e-02
1.024000000000000000e+03,8.000000000000000444e-01,6.487756068516001505e+03,1.979906026768799288e-01,1.407771167702195035e-02,2.862421080553194663e+00,2.000000000000000000e+00,3.170051639280013130e-14,2.420852454935925380e+00,1.714974725677268289e-02
1.024000000000000000e+03,8.000000000000000444e-01,6.987947058344577272e+03,2.132552202863945701e-01,1.451488721411655844e-02,3.083107126462991232e+00,2.000000000000000000e+00,2.723923729216538782e-14,2.436579758750610836e+00,1.780031010354617138e-02
1.024000000000000000e+03,8.000000000000000444e-01,7.526701616788201136e+03,2.296967046138977397e-01,1.496264424237121748e-02,3.320807556171949670e+00,2.000000000000000000e+00,2.986220760455746262e-14,2.452863420972590802e+00,1.847548592918533961e-02
1.024000000000000000e+03,8.000000000000000444e-01,8.106992905808070645e+03,2.474057893618185622e-01,1.542105961582425355e-02,3.576834139324883477e+00,2.000000000000000000e+00,2.942377783456307345e-14,2.469732413376135582e+00,1.917620591615054951e-02
1.024000000000000000e+03,8.000000000000000444e-01,8.732023311277205721e+03,2.664802035912233191e-01,1.589019751440349723e-02,3.852599779972775362e+00,2.000000000000000000e+00,3.078161392397014341e-14,2.487220820473652338e+00,1.990343647665098956e-02
1.024000000000000000e+03,8.000000000000000444e-01,9.405242115613857095e+03,2.870252110477861662e-01,1.637010764233837179e-02,4.149626313801571875e+00,2.000000000000000000e+00,5.250738590643873536e-14,2.505369381994256628e+00,2.065818058549256236e-02
1.024000000000000000e+03,8.000000000000000444e-01,1.013036453293408704e+04,3.091541910685451366e-01,1.686082300048347485e-02,4.469552906509285606e+00,2.000000000000000000e+00,5.236908860833633672e-14,2.524227369871255178e+00,2.144147916335094328e-02
1.024000000000000000e+03,8.000000000000000444e-01,1.091139221177093896e+04,3.329892642752361742e-01,1.736235713617938908e-02,4.814145099678704298e+00,2.000000000000000000e+00,5.694757024089872882e-14,2.533802558378791314e+00,2.225441251237708293e-02
4.096000000000000000e+03,8.000000000000000444e-01,2.645161693348680852e-07,1.009049107875320760e-12,5.954303716925923234e-11,5.954338140976108250e-11,1.000000000000000000e+00,6.068496817716900346e-16,9.999907381909777238e-01,5.954326976629306462e-11
4.096000000000000000e+03,8.000000000000000444e-01,2.873890343557067458e-07,1.096302163527323707e-12,6.469180746858069287e-11,6.469213178405531291e-11,1.000000000000000000e+00,6.741065240164012437e-16,1.000011671349241738e+00,6.469199999809964565e-11
4.096000000000000000e+03,8.000000000000000444e-01,3.122397291461856230e-07,1.191100040993444912e-12,7.028555515622958613e-11,7.028609755910706605e-11,1.000000000000000000e+00,6.230459584959508707e-16,1.000002674685873671e+00,7.028594199660095375e-11
4.096000000000000000e+03,8.000000000000000444e-01,3.392392777819540660e-07,1.294095145347419991e-12,7.636336008268319958e-11,7.636377676621721126e-11,1.000000000000000000e+00,2.251805655215524682e-16,9.999879072588413464e-01,7.636359313744937916e-11
4.096000000000000000e+03,8.000000000000000444e-01,3.685734928886697905e-07,1.405996295504264032e-12,8.296652254446981579e-11,8.296699638355540075e-11,1.000000000000000000e+00,8.424643517965425490e-16,9.999949572675461695e-01,8.296677962487601035e-11
4.096000000000000000e+03,8.000000000000000444e-01,4.004442544164049741e-07,1.527573602357501885e-12,9.014078373021854442e-11,9.014120019210618933e-11,1.000000000000000000e+00,5.066741393889242347e-16,9.999855122927954199e-01,9.014094432629530010e-11
4.096000000000000000e+03,8.000000000000000444e-01,4.350708989904147861e-07,1.659663768731745858e-12,9.793543754223982888e-11,9.793576152268537576e-11,1.000000000000000000e+00,5.829358745358590090e-16,1.000003216846025111e+00,9.793545949412950496e-11
4.096000000000000000e+03,8.000000000000000444e-01,4.726917293998582658e-07,1.803175847625191749e-12,1.064037746857358909e-10,1.064043230463689502e-10,1.000000000000000000e+00,5.756909390704227975e-16,1.000019221977524353e+00,1.064039665265009550e-10
4.096000000000000000e+03,8.000000000000000444e-01,5.135656546128852705e-07,1.959097498370686609e-12,1.156044149364307848e-10,1.156051659467976461e-10,1.000000000000000000e+00,3.950707104194236848e-16,1.000026149373653084e+00,1.156047451044349379e-10
4.096000000000000000e+03,8.000000000000000444e-01,5.579739716047610017e-07,2.128501783770603187e-12,1.256004189621513954e-10,1.256016110150208412e-10,1.000000000000000000e+00,5.454414319145606671e-16,1.000002615579461462e+00,1.256011142452689726e-10
4.096000000000000000e+03,8.000000000000000444e-01,6.062223012616907434e-07,2.312554554983866666e-12,1.364615087688775152e-10,1.364624544272415211e-10,1.000000000000000000e+00,1.291394256959968198e-15,9.999849924670343171e-01,1.364618680314878761e-10
4.096000000000000000e+03,8.000000000000000444e-01,6.586426916833702945e-07,2.512522474988442591e-12,1.482614031654833777e-10,1.482624412045156702e-10,1.000000000000000000e+00,8.609075495233307666e-16,1.000010961414915300e+00,1.482617490126893725e-10
4.096000000000000000e+03,8.000000000000000444e-01,7.155959033593046427e-07,2.729781735837191173e-12,1.610813704774178664e-10,1.610827796127809645e-10,1.000000000000000000e+00,6.821567531146385270e-16,1.000008480815480993e+00,1.610819625374627060e-10
4.096000000000000000e+03,8.000000000000000444e-01,7.774738919456339541e-07,2.965827529699836556e-12,1.750102285467057689e-10,1.750117000433513185e-10,1.000000000000000000e+00,4.191669177145770966e-16,9.999840902886063532e-01,1.750107355534382842e-10
4.096000000000000000e+03,8.000000000000000444e-01,8.447025057291107355e-07,3.222284338871424620e-12,1.901439006427392703e-10,1.901450622201315179e-10,1.000000000000000000e+00,8.406884241458792424e-16,9.999959875069777127e-01,1.901439237195445350e-10
4.096000000000000000e+03,8.000000000000000444e-01,9.177444163423228492e-07,3.500917115563670537e-12,2.065854154622795566e-10,2.065870149123855690e-10,1.000000000000000000e+00,2.661966240654236004e-16,1.000023683765462579e+00,2.065856710066855285e-10
4.096000000000000000e+03,8.000000000000000444e-01,9.971023028995409837e-07,3.803643428419269500e-12,2.244484598431382514e-10,2.244507126932460175e-10,1.000000000000000000e+00,4.069687685518847911e-16,1.000006725101684424e+00,2.244491263239393961e-10
4.096000000000000000e+03,8.000000000000000444e-01,1.083322311466640411e-06,4.132546659342347758e-12,2.438569346749699441e-10,2.438590946767474580e-10,1.000000000000000000e+00,6.173923776183791552e-16,9.999975596588228655e-01,2.438572220994085344e-10
4.096000000000000000e+03,8.000000000000000444e-01,1.176997813673352572e-06,4.489890341466341295e-12,2.649431785424349352e-10,2.649457305926938345e-10,1.000000000000000000e+00,5.564190091624887193e-16,1.000007071039348716e+00,2.649435201707284575e-10
4.096000000000000000e+03,8.000000000000000444e-01,1.278773490334888362e-06,4.878133736934235999e-12,2.878528527065121882e-10,2.878557400221079769e-10,1.000000000000000000e+00,6.604440693991859786e-16,1.000011834301517410e+00,2.878531308028971009e-10
4.096000000000000000e+03,8.000000000000000444e-01,1.389349768186652487e-06,5.299948761698350856e-12,3.127431647476630051e-10,3.127467911194951267e-10,1.000000000000000000e+00,1.331540939878775367e-16,1.000006320002867710e+00,3.127437111536596820e-10
4.096000000000000000e+03,8.000000000000000444e-01,1.509487640265982918e-06,5.758238373817378686e-12,3.397864212795156436e-10,3.397901856951994679e-10,1.000000000000000000e+00,5.940713321202454804e-16,1.000006436001669385e+00,3.397865500526420932e-10
4.096000000000000000e+03,8.000000000000000444e-01,1.640013903115037771e-06,6.256156551799918254e-12,3.691673634136106622e-10,3.691720381254490003e-10,1.000000000000000000e+00,3.711457835460554903e-16,1.000010952130949704e+00,3.691677465534702776e-10
4.096000000000000000e+03,8.000000000000000444e-01,1.781826846847643878e-06,6.797130000486922753e-12,4.010893840083469385e-10,4.010945562034335698e-10,1.000000000000000000e+00,5.568589910558954737e-16,1.000013000703575017e+00,4.010894903623509757e-10
4.096000000000000000e+03,8.000000000000000444e-01,1.935902437239465336e-06,7.384881733854161591e-12,4.357709749553092784e-10,4.357774327463044084e-10,1.000000000000000000e+00,1.146390740224614872e-15,1.000016653053293680e+00,4.357714529463532175e-10
4.096000000000000000e+03,8.000000000000000444e-01,2.103301032387101024e-06,8.023456697033313842e-12,4.734519444282172264e-10,4.734593575352399814e-10,1.000000000000000000e+00,1.359531743099529266e-15,1.000015058040844451e+00,4.734522988847867880e-10
4.096000000000000000e+03,8.000000000000000444e-01,2.285174680160513382e-06,8.717249603883794336e-12,5.143907523476757356e-10,5.143996599938289609e-10,1.000000000000000000e+00,8.878741320241126721e-16,1.000016223627696377e+00,5.143913278526970832e-10
4.096000000000000000e+03,8.000000000000000444e-01,2.482775046670356781e-06,9.471035181695391772e-12,5.588698394517071207e-10,5.588800939097954397e-10,1.000000000000000000e+00,6.537676424637441518e-16,1.000015118340542131e+00,5.588702585223456206e-10
4.096000000000000000e+03,8.000000000000000444e-01,2.697462030314467461e-06,1.029000103116785988e-11,6.071947391173461435e-10,6.072067764826454791e-10,1.000000000000000000e+00,8.013993174628030298e-16,1.000015282499788327e+00,6.071951666426375958e-10
4.096000000000000000e+03,8.000000000000000444e-01,2.930713120685856876e-06,1.117978332781164885e-11,6.596985182527576940e-10,6.597122950418677232e-10,1.000000000000000000e+00,1.194036060534981693e-15,1.000020638931715666e+00,6.596985906144451984e-10
4.096000000000000000e+03,8.000000000000000444e-01,3.184133566750864780e-06,1.214650561046930229e-11,7.167413332080463788e-10,7.167579959342686307e-10,1.000000000000000000e+00,7.646466252519098388e-16,1.000024139053863337e+00,7.167418190288916042e-10
4.096000000000000000e+03,8.000000000000000444e-01,3.459467424275520409e-06,1.319682092390258945e-11,7.787170911134327068e-10,7.787364713327111474e-10,1.000000000000000000e+00,8.373000709795094610e-16,1.000020797772265269e+00,7.787173758836820797e-10
4.096000000000000000e+03,8.000000000000000444e-01,3.758609558529213529e-06,1.433795760547337925e-11,8.460516735224401582e-10,8.460742610806351719e-10,1.000000000000000000e+00,1.691041007692934106e-16,1.000023913206902648e+00,8.460517205479599028e-10
4.096000000000000000e+03,8.000000000000000444e-01,4.083618684869005589e-06,1.557776903102495418e-11,9.192082654824506088e-10,9.192347881666157721e-10,1.000000000000000000e+00,5.962204548022342177e-16,1.000029370854150557e+00,9.192081810181317745e-10
4.096000000000000000e+03,8.000000000000000444e-01,4.436731536950790524e-06,1.692478766231838426e-11,9.986900200700041689e-10,9.987215480311014014e-10,1.000000000000000000e+00,5.844364727780735982e-16,1.000034509209896783e+00,9.986901406056436479e-10
4.096000000000000000e+03,8.000000000000000444e-01,4.820378260073807020e-06,1.838828376798174675e-11,1.085044055193738085e-09,1.085081573654334955e-09,1.000000000000000000e+00,2.479648159231130613e-16,1.000033415124207181e+00,1.085044499933527348e-09
4.096000000000000000e+03,8.000000000000000444e-01,5.237199135596448789e-06,1.997832922209338680e-11,1.178865450397332776e-09,1.178909200272408742e-09,1.000000000000000000e+00,4.135986572554719542e-16,1.000036401910818995e+00,1.178865438003455288e-09
4.096000000000000000e+03,8.000000000000000444e-01,5.690062751521950211e-06,2.170586681946544728e-11,1.280798135037997397e-09,1.280850155630487139e-09,1.000000000000000000e+00,4.948598916552950774e-16,1.000042037728263722e+00,1.280798498141771531e-09
4.096000000000000000e+03,8.000000000000000444e-01,6.182085744305053434e-06,2.358278558465978025e-11,1.391544658249172570e-09,1.391606003922573268e-09,1.000000000000000000e+00,7.876749362859165773e-16,1.000043606811289010e+00,1.391545026855167264e-09
4.096000000000000000e+03,8.000000000000000444e-01,6.716654247743996626e-06,2.562200259301756525e-11,1.511866633029830393e-09,1.511938974001292875e-09,1.000000000000000000e+00,3.685485917314300766e-16,1.000047532368427028e+00,1.511866996039358256e-09
4.096000000000000000e+03,8.000000000000000444e-01,7.297447196570517666e-06,2.783755186680037562e-11,1.642591841671947435e-09,1.642677205085749902e-09,1.000000000000000000e+00,2.083324861008413380e-16,1.000050826307415264e+00,1.642592241603453079e-09
4.096000000000000000e+03,8.000000000000000444e-01,7.928461645114677332e-06,3.024468095823164876e-11,1.784620008920364928e-09,1.784720446068758537e-09,1.000000000000000000e+00,8.189018628134835758e-16,1.000055337801782684e+00,1.784620154416111149e-09
4.096000000000000000e+03,8.000000000000000444e-01,8.614040275289186059e-06,3.285995588412928032e-11,1.938927686954252216e-09,1.939046247646443975e-09,1.000000000000000000e+00,1.884316711372998867e-16,1.000061360085055640e+00,1.938927862566119012e-09
4.096000000000000000e+03,8.000000000000000444e-01,9.358901283204849812e-06,3.570137513429584432e-11,2.106576693082281259e-09,2.106716689884831105e-09,1.000000000000000000e+00,6.937387016088041581e-16,1.000066946911474020e+00,2.106576947280071160e-09
4.096000000000000000e+03,8.000000000000000444e-01,1.016817085009888965e-05,3.878849353828006612e-11,2.288720326991781879e-09,2.288885691522993336e-09,1.000000000000000000e+00,7.981563410570496563e-16,1.000071392437831719e+00,2.288720738475813760e-09
4.096000000000000000e+03,8.000000000000000444e-01,1.104741842104305564e-05,4.214255684296819932e-11,2.486612252533197873e-09,2.486806951315837846e-09,1.000000000000000000e+00,4.046317358894000079e-16,1.000077355981417782e+00,2.486612239875939875e-09
4.096000000000000000e+03,8.000000000000000444e-01,1.200269503422188861e-05,4.578664792717700427e-11,2.701612714969322701e-09,2.701842576069360735e-09,1.000000000000000000e+00,5.624788878405758299e-16,1.000085561923114597e+00,2.701612737887132091e-09
4.096000000000000000e+03,8.000000000000000444e-01,1.304057496456556258e-05,4.974584565950608282e-11,2.935200975473543383e-09,2.935472454747039767e-09,1.000000000000000000e+00,3.734094592677607557e-16,1.000092488623536724e+00,2.935201153096387991e-09
4.096000000000000000e+03,8.000000000000000444e-01,1.416820096833182373e-05,5.404739749272088520e-11,3.188984192914456464e-09,3.189304443160643955e-09,1.000000000000000000e+00,5.728172623300591536e-16,1.000101317670441858e+00,3.188984198274760541e-09
4.096000000000000000e+03,8.000000000000000444e-01,1.539333344001266127e-05,5.872090698247017392e-11,3.464706749729771178e-09,3.465085429337050913e-09,1.000000000000000000e+00,8.195978542972427081e-16,1.000109950270370973e+00,3.464707412245248559e-09
4.096000000000000000e+03,8.000000000000000444e-01,1.672440381986699826e-05,6.379853752085494330e-11,3.764266683227676085e-09,3.764713355713705158e-09,1.000000000000000000e+00,1.498387375461533483e-15,1.000118011695320774e+00,3.764267144900270007e-09
4.096000000000000000e+03,8.000000000000000444e-01,1.817057261963341889e-05,6.931523368695609623e-11,4.089723235104089363e-09,4.090250280900219441e-09,1.000000000000000000e+00,1.250605188382666033e-15,1.000128501672065795e+00,4.089723575082622645e-09
4.096000000000000000e+03,8.000000000000000444e-01,1.974179246575963917e-05,7.530896173766952197e-11,4.443314615011880398e-09,4.443936570898020446e-09,1.000000000000000000e+00,2.137704005689976082e-15,1.000140410037715810e+00,4.443314850013993341e-09
4.096000000000000000e+03,8.000000000000000444e-01,2.144887659401604213e-05,8.182097089392105916e-11,4.827471767327347495e-09,4.828206317442855884e-09,1.000000000000000000e+00,7.923959153542439687e-16,1.000152275670544100e+00,4.827472442510453652e-09
4.096000000000000000e+03,8.000000000000000444e-01,2.330357326687794813e-05,8.889607722045115712e-11,5.244837466987390792e-09,5.245704089580273266e-09,1.000000000000000000e+00,2.089582600509955830e-15,1.000165044652895574e+00,5.244837830412945836e-09
4.096000000000000000e+03,8.000000000000000444e-01,2.531864662582161368e-05,9.658297205284734222e-11,5.698280086256353512e-09,5.699303133759441214e-09,1.000000000000000000e+00,2.179712619648732067e-15,1.000179792605855766e+00,5.698280611533275964e-09
4.096000000000000000e+03,8.000000000000000444e-01,2.750796453496465383e-05,1.049345570944391397e-10,6.190917575544966866e-09,6.192125147699520868e-09,1.000000000000000000e+00,2.360273584557212904e-15,1.000195059935848008e+00,6.190918177027665144e-09
4.096000000000000000e+03,8.000000000000000444e-01,2.988659402059638508e-05,1.140083084892135051e-10,6.726136559248248000e-09,6.727561764113594686e-09,1.000000000000000000e+00,3.475876695711783075e-15,1.000211721900349460e+00,6.726137076519184607e-09
4.096000000000000000e+03,8.000000000000000444e-01,3.247090496341932509e-05,1.238666723763249401e-10,7.307615872475842198e-09,7.309297892142580064e-09,1.000000000000000000e+00,3.999046076776812244e-15,1.000230370958568926e+00,7.307616219560624566e-09
4.096000000000000000e+03,8.000000000000000444e-01,3.527868275711838969e-05,1.345774946484313572e-10,7.939351430050394997e-09,7.941337077136337136e-09,1.000000000000000000e+00,3.680767974169094803e-15,1.000250300114210233e+00,7.939352070227493908e-09
4.096000000000000000e+03,8.000000000000000444e-01,3.832925070858086075e-05,1.462144878714785032e-10,8.625685536398514140e-09,8.628029053309531165e-09,1.000000000000000000e+00,5.081731727246680126e-15,1.000271430569732445e+00,8.625686004829425956e-09
4.096000000000000000e+03,8.000000000000000444e-01,4.164360302213408602e-05,1.588577385793078843e-10,9.371333974996196796e-09,9.374099678891547316e-09,1.000000000000000000e+00,5.612741153887581835e-15,1.000295383743512900e+00,9.371334017003703936e-09
4.096000000000000000e+03,8.000000000000000444e-01,4.524454928300645140e-05,1.725942584343202644e-10,1.018141842688545904e-08,1.018468345978600562e-08,1.000000000000000000e+00,6.744541095325773855e-15,1.000321167852874282e+00,1.018141896988853942e-08
4.096000000000000000e+03,8.000000000000000444e-01,4.915687143435584338e-05,1.875185830473169074e-10,1.106150510644071226e-08,1.106535888556968904e-08,1.000000000000000000e+00,8.717270390026086523e-15,1.000348371377086210e+00,1.106150561175276871e-08
4.096000000000000000e+03,8.000000000000000444e-01,5.340749432819248698e-05,2.037334225776385765e-10,1.201763851215467403e-08,1.202218682101573284e-08,1.000000000000000000e+00,8.996018412259913025e-15,1.000378554839691958e+00,1.201763858947506746e-08
4.096000000000000000e+03,8.000000000000000444e-01,5.802567102393727623e-05,2.213503685910693215e-10,1.305638361512038293e-08,1.306175221735369688e-08,1.000000000000000000e+00,1.186059607600654885e-14,1.000411590346338642e+00,1.305638371371519997e-08
4.096000000000000000e+03,8.000000000000000444e-01,6.304318410985342003e-05,2.404906620401512910e-10,1.418487248840660878e-08,1.419120943032638685e-08,1.000000000000000000e+00,1.297637031038466338e-14,1.000447114768256540e+00,1.418487275060601660e-08
4.096000000000000000e+03,8.000000000000000444e-01,6.849456443285775081e-05,2.612860276521978409e-10,1.541085182461315673e-08,1.541833145692503045e-08,1.000000000000000000e+00,1.611438153626404969e-14,1.000485721291966001e+00,1.541085203742284598e-08
4.096000000000000000e+03,8.000000000000000444e-01,7.441732874202385342e-05,2.838795804673151147e-10,1.674273489432002169e-08,1.675156342965309470e-08,1.000000000000000000e+00,1.832171195135725779e-14,1.000527741737101906e+00,1.674273524406934224e-08
4.096000000000000000e+03,8.000000000000000444e-01,8.085223788125635064e-05,3.084268107652906442e-10,1.818966016587684127e-08,1.820008073647004093e-08,1.000000000000000000e+00,2.152105642639795711e-14,1.000573307682920188e+00,1.818966062847183174e-08
4.096000000000000000e+03,8.000000000000000444e-01,8.784357730803281892e-05,3.350966541596710927e-10,1.976155258973000496e-08,1.977385216639969997e-08,1.000000000000000000e+00,2.601677684532129168e-14,1.000622736707903471e+00,1.976155316221527145e-08
4.096000000000000000e+03,8.000000000000000444e-01,9.543946186876311663e-05,3.640726542234921136e-10,2.146919154409087901e-08,2.148370851537587185e-08,1.000000000000000000e+00,3.034084862856653267e-14,1.000676527372419855e+00,2.146919193310950395e-08
4.096000000000000000e+03,8.000000000000000444e-01,1.036921669282491463e-04,3.955542256479230739e-10,2.332428277741027494e-08,2.334141712447475163e-08,1.000000000000000000e+00,3.681732474657669551e-14,1.000735091921157505e+00,2.332428326396429707e-08
4.096000000000000000e+03,8.000000000000000444e-01,1.126584881320980605e-04,4.297580266269609850e-10,2.533953923264124770e-08,2.535976286351093134e-08,1.000000000000000000e+00,4.218596818265132816e-14,1.000798361864319475e+00,2.533954002180538708e-08
4.096000000000000000e+03,8.000000000000000444e-01,1.224001322779994471e-04,4.669194499130227930e-10,2.752876764466633685e-08,2.755263611733175665e-08,1.000000000000000000e+00,5.092255792076996539e-14,1.000867339792208099e+00,2.752876762920344269e-08
4.096000000000000000e+03,8.000000000000000444e-01,1.329841419858644985e-04,5.072942428049640598e-10,2.990695691408716266e-08,2.993512838033667701e-08,1.000000000000000000e+00,5.975887792200555189e-14,1.000942418287543489e+00,2.990695732943428144e-08
4.096000000000000000e+03,8.000000000000000444e-01,1.444833570894372759e-04,5.511602672173968350e-10,3.249038690912457078e-08,3.252363611710989223e-08,1.000000000000000000e+00,6.956231265341886086e-14,1.001023667368500014e+00,3.249038729996090527e-08
4.096000000000000000e+03,8.000000000000000444e-01,1.569769159247033738e-04,5.988194119442114786e-10,3.529673193845575961e-08,3.533597360394147369e-08,1.000000000000000000e+00,8.238998611815107316e-14,1.001112097672191226e+00,3.529673225432832168e-08
4.096000000000000000e+03,8.000000000000000444e-01,1.705507999649936600e-04,6.505996702766176604e-10,3.834518154353992229e-08,3.839149552781931510e-08,1.000000000000000000e+00,9.806476567224910809e-14,1.001208015294963616e+00,3.834518222108943171e-08
4.096000000000000000e+03,8.000000000000000444e-01,1.852984255510004713e-04,7.068573972740191318e-10,4.165657106091743757e-08,4.171123018662681156e-08,1.000000000000000000e+00,1.150674068789806612e-13,1.001312261960087824e+00,4.165657123991113635e-08
4.096000000000000000e+03,8.000000000000000444e-01,2.013212867880255573e-04,7.679797622223875322e-10,4.525351618132440324e-08,4.531802420723755275e-08,1.000000000000000000e+00,1.357084690099302579e-13,1.001425493981187742e+00,4.525351676959509815e-08
4.096000000000000000e+03,8.000000000000000444e-01,2.187296540349236579e-04,8.343874131581255259e-10,4.916057060146158651e-08,4.923669977746709027e-08,1.000000000000000000e+00,1.605276862267311436e-13,1.001548431310553156e+00,4.916057066042003610e-08
4.096000000000000000e+03,8.000000000000000444e-01,2.376433327917864527e-04,9.065373717948396785e-10,5.340438234351285747e-08,5.349422547396190928e-08,1.000000000000000000e+00,1.890607610235170036e-13,1.001682053506797843e+00,5.340438260395309532e-08
4.096000000000000000e+03,8.000000000000000444e-01,2.581924882090779524e-04,9.849261787760847182e-10,5.801387672003764760e-08,5.811990186167359925e-08,1.000000000000000000e+00,2.233008202212946402e-13,1.001827107615355317e+00,5.801387703723122373e-08
4.096000000000000000e+03,8.000000000000000444e-01,2.805185408925512346e-04,1.070093310899929941e-09,6.302044373977954116e-08,6.314556314222668334e-08,1.000000000000000000e+00,2.634840231341332818e-13,1.001984548920383133e+00,6.302044454486660954e-08
4.096000000000000000e+03,8.000000000000000444e-01,3.047751401689273226e-04,1.162624893832883158e-09,6.845814860614310085e-08,6.860579623893593762e-08,1.000000000000000000e+00,3.115355593172425223e-13,1.002155553819378042e+00,6.845814887198830887e-08
4.096000000000000000e+03,8.000000000000000444e-01,3.311292215104200804e-04,1.263157735864334413e-09,7.436395020930981594e-08,7.453817882623178938e-08,1.000000000000000000e+00,3.665828938061728978e-13,1.002341336389484638e+00,7.436395073273401098e-08
4.096000000000000000e+03,8.000000000000000444e-01,3.597621553953617960e-04,1.372383710462042984e-09,8.077794892828259127e-08,8.098353794162563659e-08,1.000000000000000000e+00,4.324066458365665823e-13,1.002542960371570757e+00,8.077794967286634769e-08
4.096000000000000000e+03,8.000000000000000444e-01,3.908709955114711399e-04,1.491054517789730606e-09,8.774364464702851061e-08,8.798623096000137911e-08,1.000000000000000000e+00,5.100145383105618340e-13,1.002761917935117708e+00,8.774364532051784038e-08
4.096000000000000000e+03,8.000000000000000444e-01,4.246698348919730162e-04,1.619986857955829682e-09,9.530821830740491153e-08,9.559445086391479704e-08,1.000000000000000000e+00,6.021289045742683485e-13,1.002999623665481010e+00,9.530821943542008821e-08
4.096000000000000000e+03,8.000000000000000444e-01,4.613912793175844302e-04,1.760068051596009942e-09,1.035228392193250252e-07,1.038605579107905206e-07,1.000000000000000000e+00,7.097849503157485932e-13,1.003257651411750828e+00,1.035228402434306998e-07
4.096000000000000000e+03,8.000000000000000444e-01,5.012880481244212389e-04,1.912262146470723110e-09,1.124429896904781732e-07,1.128414399795729856e-07,1.000000000000000000e+00,8.367969029148524615e-13,1.003537805056545551e+00,1.124429906187286893e-07
4.096000000000000000e+03,8.000000000000000444e-01,5.446347134346779832e-04,2.077616552103721555e-09,1.221288207423847829e-07,1.225989040767579609e-07,1.000000000000000000e+00,9.880196218476468461e-13,1.003841932610335164e+00,1.221288217494395387e-07
4.096000000000000000e+03,8.000000000000000444e-01,5.917295897795867531e-04,2.257269248121592533e-09,1.326455322514625142e-07,1.332001016961762179e-07,1.000000000000000000e+00,1.163239937287417777e-12,1.004171995021074792e+00,1.326455339921791189e-07
4.096000000000000000e+03,8.000000000000000444e-01,6.428967871191592449e-04,2.452456615902554493e-09,1.440637846205497270e-07,1.447179909598820642e-07,1.000000000000000000e+00,1.372661084776300181e-12,1.004530185932928532e+00,1.440637866852192969e-07
4.096000000000000000e+03,8.000000000000000444e-01,6.984884413877174300e-04,2.664521947432393761e-09,1.564601362077467448e-07,1.572318387206283769e-07,1.000000000000000000e+00,1.618269381298947621e-12,1.004918915329305662e+00,1.564601387465048375e-07
4.096000000000000000e+03,8.000000000000000444e-01,7.588871379159886068e-04,2.894924689926103999e-09,1.699175189470989564e-07,1.708277660814333746e-07,1.000000000000000000e+00,1.907391682997496163e-12,1.005340736316732375e+00,1.699175219290186255e-07
4.096000000000000000e+03,8.000000000000000444e-01,8.245085444078872070e-04,3.145250489837216213e-09,1.845257446116326629e-07,1.855993410865347249e-07,1.000000000000000000e+00,2.248595706681835209e-12,1.005798388849001412e+00,1.845257486389386108e-07
4.096000000000000000e+03,8.000000000000000444e-01,8.958042715923193169e-04,3.417222105378415363e-09,2.003820514887412402e-07,2.016482226626725385e-07,1.000000000000000000e+00,2.649924146828396120e-12,1.006294873245167310e+00,2.003820562381667308e-07
4.096000000000000000e+03,8.000000000000000444e-01,9.732649812371918117e-04,3.712711262654082534e-09,2.175916834743530572e-07,2.190848602423451270e-07,1.000000000000000000e+00,3.122877514698996141e-12,1.006833431435985915e+00,2.175916897480222774e-07
4.096000000000000000e+03,8.000000000000000444e-01,1.057423762915166848e-03,4.033751536999385255e-09,2.362685166849626963e-07,2.380292538838869651e-07,1.000000000000000000e+00,3.678925815397287703e-12,1.007417499981976050e+00,2.362685248405304375e-07
4.096000000000000000e+03,8.000000000000000444e-01,1.148859802760304749e-03,4.382552348176211354e-09,2.565357229294340452e-07,2.586117801195694564e-07,1.000000000000000000e+00,4.333749464033562442e-12,1.008050868161710412e+00,2.565357329424995647e-07
4.096000000000000000e+03,8.000000000000000444e-01,1.248202369464185496e-03,4.761514165741674410e-09,2.785264775901549845e-07,2.809740892152579822e-07,1.000000000000000000e+00,5.105054269086636440e-12,1.008737599934875107e+00,2.785264901794688837e-07
4.096000000000000000e+03,8.000000000000000444e-01,1.356135144943412156e-03,5.173245029233597398e-09,3.023847154663280493e-07,3.052700800166284269e-07,1.000000000000000000e+00,6.012011787841164917e-12,1.009482028204843118e+00,3.023847317450103114e-07
4.096000000000000000e+03,8.000000000000000444e-01,1.473400929482420862e-03,5.620578496865924308e-09,3.282659323590325710e-07,3.316669590908962551e-07,1.000000000000000000e+00,7.078575435573395487e-12,1.010288852990818498e+00,3.282659530884210259e-07
4.096000000000000000e+03,8.000000000000000444e-01,1.600806753732679109e-03,6.106593146258083759e-09,3.563380323981516828e-07,3.603463914531360032e-07,1.000000000000000000e+00,8.332358407879311889e-12,1.011163130020968026e+00,3.563380590625880320e-07
4.096000000000000000e+03,8.000000000000000444e-01,1.739229432749407828e-03,6.634633761403685867e-09,3.867822277726135375e-07,3.915057507965708320e-07,1.000000000000000000e+00,9.805227527618233433e-12,1.012110272246175668e+00,3.867822618552356897e-07
4.096000000000000000e+03,8.000000000000000444e-01,1.889621600289026135e-03,7.208334351688484706e-09,4.197939850909086899e-07,4.253594778309876027e-07,1.000000000000000000e+00,1.153776456992712034e-11,1.013136123127956978e+00,4.197940281318376897e-07
4.096000000000000000e+03,8.000000000000000444e-01,2.053018264895777826e-03,7.831643161376105598e-09,4.555840205924746433e-07,4.621405560774588729e-07,1.000000000000000000e+00,1.357067990227551049e-11,1.014246938539223208e+00,4.555840753380440920e-07
4.096000000000000000e+03,8.000000000000000444e-01,2.230543932896929173e-03,8.508849841678349202e-09,4.943793464305565024e-07,5.021021152758809325e-07,1.000000000000000000e+00,1.595823033964743412e-11,1.015449393019729030e+00,4.943794165342361302e-07
4.096000000000000000e+03,8.000000000000000444e-01,2.423420347327436691e-03,9.244614972409960523e-09,5.364243631417488788e-07,5.455191734400791391e-07,1.000000000000000000e+00,1.875939020053458023e-11,1.016750652921594167e+00,5.364244524560039308e-07
4.096000000000000000e+03,8.000000000000000444e-01,2.632974896043897232e-03,1.004400213639792340e-08,5.819819947497143750e-07,5.926905295494229534e-07,1.000000000000000000e+00,2.204524222539812263e-11,1.018158375828342344e+00,5.819821087039319166e-07
4.096000000000000000e+03,8.000000000000000444e-01,2.860649746892912799e-03,1.091251276738324280e-08,6.313348700560360601e-07,6.439408199025670088e-07,1.000000000000000000e+00,2.589719703435302717e-11,1.019680722752461577e+00,6.313350150575239759e-07
4.096000000000000000e+03,8.000000000000000444e-01,3.108011772802738836e-03,1.185612401124091658e-08,6.847865385721500774e-07,6.996227522852859818e-07,1.000000000000000000e+00,3.041195055821892290e-11,1.021326398598390028e+00,6.847867228771538625e-07
4.096000000000000000e+03,8.000000000000000444e-01,3.376763335103259017e-03,1.288132986108115775e-08,7.426627210926645356e-07,7.601195333280758251e-07,1.000000000000000000e+00,3.569481776799942335e-11,1.023104656066053053e+00,7.426629554032701428e-07
4.096000000000000000e+03,8.000000000000000444e-01,3.668753999285892606e-03,1.399518584932667773e-08,8.053125860286189800e-07,8.258475057587737574e-07,1.000000000000000000e+00,4.187877137660583633e-11,1.025025300836894360e+00,8.053128844868655208e-07
4.096000000000000000e+03,8.000000000000000444e-01,3.985993263831929569e-03,1.520535760433933094e-08,8.731100466160839837e-07,8.972590136999133252e-07,1.000000000000000000e+00,4.911112870722818312e-11,1.027098725805210222e+00,8.731104258976126405e-07
4.096000000000000000e+03,8.000000000000000444e-01,4.330664389709995739e-03,1.652017360576628013e-08,9.464550625692129171e-07,9.748455157299960827e-07,1.000000000000000000e+00,5.756075462287490002e-11,1.029335930837177671e+00,9.464555438714656637e-07
4.096000000000000000e+03,8.000000000000000444e-01,4.705139425718059439e-03,1.794868250167106414e-08,1.025774943069589517e-06,1.059140967132947334e-06,1.000000000000000000e+00,6.742819218575743956e-11,1.031748492824092978e+00,1.025775554001144166e-06
4.096000000000000000e+03,8.000000000000000444e-01,5.111995533075461631e-03,1.950071538191017773e-08,1.111525636881523387e-06,1.150725494612640714e-06,1.000000000000000000e+00,7.893969998907602884e-11,1.034348577616086118e+00,1.111526411973990115e-06
4.096000000000000000e+03,8.000000000000000444e-01,5.554032721611729118e-03,2.118695343632403991e-08,1.204192991386180461e-06,1.250229388762085915e-06,1.000000000000000000e+00,9.235677151235667494e-11,1.037148939159422412e+00,1.204193974066408443e-06
4.096000000000000000e+03,8.000000000000000444e-01,6.034293119613798502e-03,2.301900146337050820e-08,1.304293969432921067e-06,1.358337441763711541e-06,1.000000000000000000e+00,1.079817527370547627e-10,1.040162900202314944e+00,1.304295213769227517e-06
4.096000000000000000e+03,8.000000000000000444e-01,6.556081909948092631e-03,2.500946773509251645e-08,1.412377803580376675e-06,1.475793660173106427e-06,1.000000000000000000e+00,1.261575432745065980e-10,1.043404326825722706e+00,1.412379377513774043e-06
4.096000000000000000e+03,8.000000000000000444e-01,7.122990076541001019e-03,2.717205076805496604e-08,1.529027072628915869e-06,1.603406385219855817e-06,1.000000000000000000e+00,1.472796804814234369e-10,1.046887589147644348e+00,1.529029061277601029e-06
4.096000000000000000e+03,8.000000000000000444e-01,7.738919117760560337e-03,2.952163359741424689e-08,1.654858678684843772e-06,1.742053855863724175e-06,1.000000000000000000e+00,1.717960855524142699e-10,1.050627510057076108e+00,1.654861188968480801e-06
4.096000000000000000e+03,8.000000000000000444e-01,8.408107896778585152e-03,3.207438620292123853e-08,1.790524708325789518e-06,1.892690252891534050e-06,1.000000000000000000e+00,2.002190072042522026e-10,1.054639309016540238e+00,1.790527873023163221e-06
4.096000000000000000e+03,8.000000000000000444e-01,9.135161813698867983e-03,3.484787679175898736e-08,1.936713152999052791e-06,2.056352265650534722e-06,1.000000000000000000e+00,2.331250790099846483e-10,1.058938526803959945e+00,1.936717137730015171e-06
4.096000000000000000e+03,8.000000000000000444e-01,9.925084500216152170e-03,3.786119270407162540e-08,2.094148476219217711e-06,2.234166226610998980e-06,1.000000000000000000e+00,2.711723823793933132e-10,1.063540928075681791e+00,2.094153486512406905e-06
4.096000000000000000e+03,8.000000000000000444e-01,1.078331225493034222e-02,4.113507177326332939e-08,2.263592005361367048e-06,2.427355862858516619e-06,1.000000000000000000e+00,3.151009185228431870e-10,1.068462402099140007e+00,2.263598295909966730e-06
4.096000000000000000e+03,8.000000000000000444e-01,1.171575145630231359e-02,4.469204504509854731e-08,2.445842133839849047e-06,2.637250717862322303e-06,2.000000000000000000e+00,8.190916886617716815e-16,1.073718815646667935e+00,2.445850021375003956e-06
4.096000000000000000e+03,8.000000000000000444e-01,1.272881921072930612e-02,4.855659183780405474e-08,2.641734331008874119e-06,2.865295301478727897e-06,2.000000000000000000e+00,5.392851032370753689e-16,1.079325890032212243e+00,2.641744203346882852e-06
4.096000000000000000e+03,8.000000000000000444e-01,1.382948751548269614e-02,5.275530821030691582e-08,2.852140929587601899e-06,3.113059031160591130e-06,2.000000000000000000e+00,4.657309450236282617e-16,1.085299029651011438e+00,2.852153266432590389e-06
4.096000000000000000e+03,8.000000000000000444e-01,1.502533124044061995e-02,5.731708999801872234e-08,3.077970722140879259e-06,3.382247032788939962e-06,2.000000000000000000e+00,6.071311162284452267e-16,1.091653133273528198e+00,3.077986109916015220e-06
4.096000000000000000e+03,8.000000000000000444e-01,1.632458025882827304e-02,6.227333167582806795e-08,3.320168336862295114e-06,3.674711875458639257e-06,2.000000000000000000e+00,8.145521961498356604e-16,1.098402412605960166e+00,3.320187494194610209e-06
4.096000000000000000e+03,8.000000000000000444e-01,1.773617608573343010e-02,6.765814241689083138e-08,3.579713430407888311e-06,3.992466320977752267e-06,2.000000000000000000e+00,4.685778920190958953e-16,1.105560154730515166e+00,3.579737234986671381e-06
4.096000000000000000e+03,8.000000000000000444e-01,1.926983341418670587e-02,7.350858083414728495e-08,3.857619707551125949e-06,4.337697175823385071e-06,2.000000000000000000e+00,1.293856076142646879e-15,1.113138512474556308e+00,3.857649225076100270e-06
4.096000000000000000e+03,8.000000000000000444e-01,2.093610697230238391e-02,7.986491002007440149e-08,4.154933788976053832e-06,4.712780340884187466e-06,2.000000000000000000e+00,7.908380556033924126e-16,1.121148268762059530e+00,4.154970311698678950e-06
4.096000000000000000e+03,8.000000000000000444e-01,2.274646416159425977e-02,8.677087463987068088e-08,4.472733976503236647e-06,5.120297162562656458e-06,2.000000000000000000e+00,6.437997981168706562e-16,1.129598585438134961e+00,4.472779066083169166e-06
4.096000000000000000e+03,8.000000000000000444e-01,2.471336397636830079e-02,9.427400198504753414e-08,4.812128952608548328e-06,5.563052197766627779e-06,2.000000000000000000e+00,1.198952508074755802e-15,1.138496764286777818e+00,4.812184489738148788e-06
4.096000000000000000e+03,8.000000000000000444e-01,2.685034274732095091e-02,1.024259290592992817e-07,5.174256467970387527e-06,6.044092515049882965e-06,2.000000000000000000e+00,7.065344182494156494e-16,1.147848009083134002e+00,5.174324709371425122e-06
4.096000000000000000e+03,8.000000000000000444e-01,2.917210729943519112e-02,1.112827579476745267e-07,5.560282074777765058e-06,6.566728664733372095e-06,2.000000000000000000e+00,6.377573318055061078e-16,1.157655201162416603e+00,5.560365718375266616e-06
4.096000000000000000e+03,8.000000000000000444e-01,3.169463616529325650e-02,1.209054419147234211e-07,5.971397966640513340e-06,7.134557462324838314e-06,2.000000000000000000e+00,6.801299730839771372e-16,1.167918689082149797e+00,5.971500227156549052e-06
4.096000000000000000e+03,8.000000000000000444e-01,3.443528955036322114e-02,1.313602048887757154e-07,6.408821993492599634e-06,7.751486742033950565e-06,2.000000000000000000e+00,1.154897416928832916e-15,1.178636105505983522e+00,6.408946686837172539e-06
4.096000000000000000e+03,8.000000000000000444e-01,3.741292880704638613e-02,1.427189972192626424e-07,6.873796910553879248e-06,8.421762250737955066e-06,2.000000000000000000e+00,1.552565024129120843e-15,1.189802212924952585e+00,6.873948550691908698e-06
4.096000000000000000e+03,8.000000000000000444e-01,4.064804623971457476e-02,1.550599908436377516e-07,7.367589931074146286e-06,9.149996867484072791e-06,2.000000000000000000e+00,1.370800113110547071e-15,1.201408796500249565e+00,7.367773834952592472e-06
4.096000000000000000e+03,8.000000000000000444e-01,4.416290613406299165e-02,1.684681172716636339e-07,7.891492624161879101e-06,9.941202349618931790e-06,2.000000000000000000e+00,6.657249353666699416e-16,1.213444593061868915e+00,7.891715035269098751e-06
4.096000000000000000e+03,8.000000000000000444e-01,4.798169798135305808e-02,1.830356520895120929e-07,8.446821227866492033e-06,1.080082382402422177e-05,2.000000000000000000e+00,7.372409175721849709e-16,1.225895270844919338e+00,8.447089447333377268e-06
4.096000000000000000e+03,8.000000000000000444e-01,5.213070295204275811e-02,1.988628500062666249e-07,9.034917393504226412e-06,1.173477726082913764e-05,2.000000000000000000e+00,5.101716615320681243e-16,1.238743467889818817e+00,9.035239930268629846e-06
4.096000000000000000e+03,8.000000000000000444e-01,5.663847476448725243e-02,2.160586348132600877e-07,9.657149406528409762e-06,1.274949018749623145e-05,2.000000000000000000e+00,1.015259776181353615e-15,1.251968877418239146e+00,9.657536139846918793e-06
4.096000000000000000e+03,8.000000000000000444e-01,6.153603619346083992e-02,2.347413490045960995e-07,1.031491388705667095e-05,1.385194592347784361e-05,2.000000000000000000e+00,8.187650201274093189e-16,1.265548398036159483e+00,1.031537624603240914e-05
4.096000000000000000e+03,8.000000000000000444e-01,6.685709257088275070e-02,2.550395682177839306e-07,1.100963797405643729e-05,1.504973163986849103e-05,2.000000000000000000e+00,1.413800812170946858e-15,1.279456327547826788e+00,1.101018913644041609e-05
4.096000000000000000e+03,8.000000000000000444e-01,7.263826374807301478e-02,2.770929860995216933e-07,1.174278198919702434e-05,1.635109057480291347e-05,2.000000000000000000e+00,5.602464714721088430e-16,1.293664611798270414e+00,1.174343709476601866e-05
4.096000000000000000e+03,8.000000000000000444e-01,7.891933611591918363e-02,3.010533756863372178e-07,1.251584254573477413e-05,1.776497876394990457e-05,2.000000000000000000e+00,1.006397529010351113e-15,1.308143141147724009e+00,1.251661893174428944e-05
4.096000000000000000e+03,8.000000000000000444e-01,8.574353641736999487e-02,3.270856339163589282e-07,1.333035607756829908e-05,1.930112667652414605e-05,2.000000000000000000e+00,9.717104805387333060e-16,1.322860072003233967e+00,1.333127353634496209e-05
4.096000000000000000e+03,8.000000000000000444e-01,9.315782923665361093e-02,3.553689164606232106e-07,1.418790275427556583e-05,2.097010618099961508e-05,2.000000000000000000e+00,6.703296384306413517e-16,1.337782188908750669e+00,1.418898380713444386e-05
4.096000000000000000e+03,8.000000000000000444e-01,1.012132402125581476e-01,3.860978706838918595e-07,1.509011071641431607e-05,2.278340330138639892e-05,2.000000000000000000e+00,9.525813246669762034e-16,1.352875280962745563e+00,1.509138091834891454e-05
4.096000000000000000e+03,8.000000000000000444e-01,1.099652072001520847e-01,4.194839752203067197e-07,1.603866060755682781e-05,2.475349726478499082e-05,2.000000000000000000e+00,6.789409707984177253e-16,1.368104522359733011e+00,1.604014887233426228e-05
4.096000000000000000e+03,8.000000000000000444e-01,1.194739617976584706e-01,4.557569953829134772e-07,1.703529033556515856e-05,2.689394638422756793e-05,2.000000000000000000e+00,7.006894415604525160e-16,1.383434861375139491e+00,1.703702928956914891e-05
4.096000000000000000e+03,8.000000000000000444e-01,1.298049438641769027e-01,4.951665644232822520e-07,1.808180002225914180e-05,2.921948136785785570e-05,2.000000000000000000e+00,4.490833233830802682e-16,1.398831390591997348e+00,1.808382638929582656e-05
4.096000000000000000e+03,8.000000000000000444e-01,1.410292518809931062e-01,5.379839015235637900e-07,1.918005710285046258e-05,3.174610669660983721e-05,2.000000000000000000e+00,5.458445227047809793e-16,1.414259704682404362e+00,1.918241211751746020e-05
4.096000000000000000e+03,8.000000000000000444e-01,1.532241322558870467e-01,5.845036783442956797e-07,2.033200152274957558e-05,3.449121076807199388e-05,2.000000000000000000e+00,8.076357845503777960e-16,1.429686225427426294e+00,2.033473138437787137e-05
4.096000000000000000e+03,8.000000000000000444e-01,1.664735109378656375e-01,6.350460469736695765e-07,2.153965102376252923e-05,3.747368556455474959e-05,2.000000000000000000e+00,1.044781798639219139e-15,1.445078501192922360e+00,2.154280737927881826e-05
4.096000000000000000e+03,8.000000000000000444e-01,1.808685710009292069e-01,6.899588432347458150e-07,2.280510645973595073e-05,4.071405666892499503e-05,2.000000000000000000e+00,1.071571196362582242e-15,1.460405465392534907e+00,2.280874693906519100e-05
4.096000000000000000e+03,8.000000000000000444e-01,1.965083801718346124e-01,7.496199805138954635e-07,2.413055716519953744e-05,4.423462452298375993e-05,2.000000000000000000e+00,1.029196756566513312e-15,1.475637652447419512e+00,2.413474595180336148e-05
4.096000000000000000e+03,8.000000000000000444e-01,2.135005726205465304e-01,8.144400505849705902e-07,2.551828632950039146e-05,4.805961790053735167e-05,2.000000000000000000e+00,1.184449292988735695e-15,1.490747380175141856e+00,2.552309478573522934e-05
4.096000000000000000e+03,8.000000000000000444e-01,2.319620897054978093e-01,8.848651493282234545e-07,2.697067639598343743e-05,5.221536065137255002e-05,2.000000000000000000e+00,9.401755185206065884e-16,1.505708884544306514e+00,2.697618373961543862e-05
4.096000000000000000e+03,8.000000000000000444e-01,2.520199847715222652e-01,9.613799467907801254e-07,2.849021447468610196e-05,5.673045286367999450e-05,2.000000000000000000e+00,8.971512443605130297e-16,1.520498415530433078e+00,2.849650851662203623e-05
4.096000000000000000e+03,8.000000000000000444e-01,2.738122975391227287e-01,1.044511022716990390e-06,3.007949778765952979e-05,6.163596769169544002e-05,2.000000000000000000e+00,8.498513578681005896e-16,1.535094298024825221e+00,3.008667572922863094e-05
4.096000000000000000e+03,8.000000000000000444e-01,2.974890041026806986e-01,1.134830490504000468e-06,3.174123914027203772e-05,6.696566520314012295e-05,2.000000000000000000e+00,8.741363551709547432e-16,1.549476955527961053e+00,3.174940844677790234e-05
4.096000000000000000e+03,8.000000000000000444e-01,3.232130490755616425e-01,1.232959934522863932e-06,3.347827245626203998e-05,7.275622471817311222e-05,2.000000000000000000e+00,9.498935604008800700e-16,1.563628902166446011e+00,3.348755180098781644e-05
4.096000000000000000e+03,8.000000000000000444e-01,3.511614669853946324e-01,1.339574687902048616e-06,3.529355837256373740e-05,7.904749723882509684e-05,2.000000000000000000e+00,1.363558499116930454e-15,1.577534712157810048e+00,3.530407866729471018e-05
4.096000000000000000e+03,8.000000000000000444e-01,3.815266006370487961e-01,1.455408480213351426e-06,3.719018992501464763e-05,8.588277970615092378e-05,2.000000000000000000e+00,1.174436428392788460e-15,1.591180960447115211e+00,3.720209544186691433e-05
4.096000000000000000e+03,8.000000000000000444e-01,4.145174248281517371e-01,1.581258487045866917e-06,3.917139834672989806e-05,9.330911297255466174e-05,2.000000000000000000e+00,1.058923250153928323e-15,1.604556149422999844e+00,3.918484793539832442e-05
4.096000000000000000e+03,8.000000000000000444e-01,4.503609845270566403e-01,1.717990816219545900e-06,4.124055898849538236e-05,1.013776055399544170e-04,2.000000000000000000e+00,9.387092399312454094e-16,1.617650619899255737e+00,4.125572740552770214e-05
4.096000000000000000e+03,8.000000000000000444e-01,4.893039574108765111e-01,1.866546468394762081e-06,4.340119739629218985e-05,1.101437852917704730e-04,2.000000000000000000e+00,1.522366858727851052e-15,1.630456447967308264e+00,4.341827675002601618e-05
4.096000000000000000e+03,8.000000000000000444e-01,5.316143515170786982e-01,2.027947813099207680e-06,4.565699556152684474e-05,1.196679816393803416e-04,2.000000000000000000e+00,1.048578768944406878e-15,1.642967339115686265e+00,4.567619688286347489e-05
4.096000000000000000e+03,8.000000000000000444e-01,5.775833496919966503e-01,2.203305624740587808e-06,4.801179835821199642e-05,1.300157407129990826e-04,2.000000000000000000e+00,1.068064708343265077e-15,1.655178514623873554e+00,4.803335331500290455e-05
4.096000000000000000e+03,8.000000000000000444e-01,6.275273135298542471e-01,2.393826727027337063e-06,5.046962020177437816e-05,1.412582764543514444e-04,2.000000000000000000e+00,9.194215789184263103e-16,1.667086595111401781e+00,5.049378296134670967e-05
4.096000000000000000e+03,8.000000000000000444e-01,6.817899605935467955e-01,2.600822298406779463e-06,5.303465193752346406e-05,1.534729607155861154e-04,2.000000000000000000e+00,1.106685881715469936e-15,1.678689486315147139e+00,5.306170119476910380e-05
4.096000000000000000e+03,8.000000000000000444e-01,7.407447299009651820e-01,2.825716895679341057e-06,5.571126798413812443e-05,1.667438557373270675e-04,2.000000000000000000e+00,1.210291357006784581e-15,1.689986266877724130e+00,5.574150916764708465e-05
4.096000000000000000e+03,8.000000000000000444e-01,8.047973519562665601e-01,3.070058257889810791e-06,5.850403374332063182e-05,1.811622926704047141e-04,2.000000000000000000e+00,1.105019259275197453e-15,1.700977076419342815e+00,5.853780142080584951e-05
4.096000000000000000e+03,8.000000000000000444e-01,8.743886410132342135e-01,3.335527957966744284e-06,6.141771331075384581e-05,1.968275001226954047e-04,2.000000000000000000e+00,1.123250796321930620e-15,1.711663010057642431e+00,6.145537379935755615e-05
4.096000000000000000e+03,8.000000000000000444e-01,9.499975287872413077e-01,3.623952975415196639e-06,6.445727748264314170e-05,2.138472870567642375e-04,2.000000000000000000e+00,9.803240704835987331e-16,1.722046019869452049e+00,6.449923169455433719e-05
4.096000000000000000e+03,8.000000000000000444e-01,1.032144360494049229e+00,3.937318269706913868e-06,6.762791209209992143e-05,2.323387847380636580e-04,2.000000000000000000e+00,7.386367232053620554e-16,1.732128817612734295e+00,6.767459863051689117e-05
4.096000000000000000e+03,8.000000000000000444e-01,1.121394475898956244e+00,4.277780440898728350e-06,7.093502669008769183e-05,2.524292528398148182e-04,2.000000000000000000e+00,1.157933935413703848e-15,1.741914786454000996e+00,7.098692521454549496e-05
4.096000000000000000e+03,8.000000000000000444e-01,1.218362100021319838e+00,4.647682571492461541e-06,7.438426358032778219e-05,2.742569552522402762e-04,2.000000000000000000e+00,1.328835874000194599e-15,1.751407898790832363e+00,7.444189846967779476e-05
4.096000000000000000e+03,8.000000000000000444e-01,1.323714570270554614e+00,5.049570351679056601e-06,7.798150723222399398e-05,2.979721116235290227e-04,2.000000000000000000e+00,1.143724080570251407e-15,1.760612639471176966e+00,7.804545156822815231e-05
4.096000000000000000e+03,8.000000000000000444e-01,1.438176929104985513e+00,5.486209598941747715e-06,8.173289408388073932e-05,3.237379311810900206e-04,2.000000000000000000e+00,1.244945471496169244e-15,1.769533935516539369e+00,8.180377398521537183e-05
4.096000000000000000e+03,8.000000000000000444e-01,1.562536913820545381e+00,5.960605292589360737e-06,8.564482275529048739e-05,3.517317359479222704e-04,2.000000000000000000e+00,1.083162961694036287e-15,1.778177091221558648e+00,8.572332209087120554e-05
4.096000000000000000e+03,8.000000000000000444e-01,1.697650377809395206e+00,6.476022254216748069e-06,8.972396468777724642e-05,3.821461810841561709e-04,2.000000000000000000e+00,1.074717219222928173e-15,1.786547729491602787e+00,8.981083020180180446e-05
4.096000000000000000e+03,8.000000000000000444e-01,1.844447180597857727e+00,7.036007616416388425e-06,9.397727522579104914e-05,4.151905807522210130e-04,2.000000000000000000e+00,1.113968729027864290e-15,1.794651738929054829e+00,9.407332211084491974e-05
4.096000000000000000e+03,8.000000000000000444e-01,2.003937587199331460e+00,7.644415234372449724e-06,9.841200515804565435e-05,4.510923486303391669e-04,2.000000000000000000e+00,1.112932188221209103e-15,1.802495225875176743e+00,9.851812311623086812e-05
4.096000000000000000e+03,8.000000000000000444e-01,2.177219220822903978e+00,8.305432208339324867e-06,1.030357127367782663e-04,4.900985629880442139e-04,2.000000000000000000e+00,1.491550329171750371e-15,1.810084470105869592e+00,1.031528725712967429e-04
4.096000000000000000e+03,8.000000000000000444e-01,2.365484616786709626e+00,9.023607699534262185e-06,1.078562761983619571e-04,5.324776670946864071e-04,2.000000000000000000e+00,1.036865751095864665e-15,1.817425885900682658e+00,1.079855369767244148e-04
4.096000000000000000e+03,8.000000000000000444e-01,2.570029429622474826e+00,9.803884237756633094e-06,1.128819067951890732e-04,5.785213166632298442e-04,2.000000000000000000e+00,1.262798118936622080e-15,1.824525988378043806e+00,1.130244236380641436e-04
4.096000000000000000e+03,8.000000000000000444e-01,2.792261349853103702e+00,1.065163173619500619e-05,1.181211623607480857e-04,6.285463870435744997e-04,2.000000000000000000e+00,1.335003559893079123e-15,1.831391361693821551e+00,1.182781949121676453e-04
4.096000000000000000e+03,8.000000000000000444e-01,3.033709791809185763e+00,1.157268444751428895e-05,1.235829614351592522e-04,6.828971539790475208e-04,2.000000000000000000e+00,1.020742626321880825e-15,1.838028630972342370e+00,1.237558830670816405e-04
4.096000000000000000e+03,8.000000000000000444e-01,3.296036419156504582e+00,1.257338111555673440e-05,1.292765979637932542e-04,7.419476629341486195e-04,2.000000000000000000e+00,1.251078246594785788e-15,1.844444438764657690e+00,1.294669057809384911e-04
4.096000000000000000e+03,8.000000000000000444e-01,3.581046580571991989e+00,1.366060859898373409e-05,1.352117565904948076e-04,8.061043032994336154e-04,2.000000000000000000e+00,1.397845589892095691e-15,1.850645423884433427e+00,1.354210823064333328e-04
4.096000000000000000e+03,8.000000000000000444e-01,3.890701734269101930e+00,1.484184926707878849e-05,1.413985285691718202e-04,8.758086051893625460e-04,2.000000000000000000e+00,1.385424109042432501e-15,1.856638201912401698e+00,1.416286503285830924e-04
4.096000000000000000e+03,8.000000000000000444e-01,4.227132946879095243e+00,1.612523249389303300e-05,1.478474283206380677e-04,9.515402780808791382e-04,2.000000000000000000e+00,1.550995582181789451e-15,1.862429348915512151e+00,1.481002835446329990e-04
4.096000000000000000e+03,8.000000000000000444e-01,4.592655559588288305e+00,1.751959060511889765e-05,1.545694106487369829e-04,1.033820512204800890e-03,2.000000000000000000e+00,2.852933147252794481e-15,1.868025387821059979e+00,1.548471099961994894e-04
4.096000000000000000e+03,8.000000000000000444e-01,4.989785122464581057e+00,1.903451966272194312e-05,1.615758886453418932e-04,1.123215565410411306e-03,2.000000000000000000e+00,1.110198135511195194e-15,1.873432775859047439e+00,1.618807311850225107e-04
4.096000000000000000e+03,8.000000000000000444e-01,5.421254706634447196e+00,2.068044550565508726e-05,1.688787523089650070e-04,1.220340660188316004e-03,2.000000000000000000e+00,2.142079264999070352e-15,1.878657894512798521e+00,1.692132420050490105e-04
4.096000000000000000e+03,8.000000000000000444e-01,5.890033713453725284e+00,2.246869550115099061e-05,1.764903878968480640e-04,1.325864217671082930e-03,2.000000000000000000e+00,1.512162243288480569e-15,1.883707040223363549e+00,1.768572515249649906e-04
4.096000000000000000e+03,8.000000000000000444e-01,6.399348310118186056e+00,2.441157650038980887e-05,1.844236980486453278e-04,1.440512457750344703e-03,2.000000000000000000e+00,1.291742568240881886e-15,1.888586417572856391e+00,1.848259046567668766e-04
4.096000000000000000e+03,8.000000000000000444e-01,6.952703632353192553e+00,2.652245953503872892e-05,1.926921226878594963e-04,1.565074396968693226e-03,2.000000000000000000e+00,1.362873346622125791e-15,1.893302133237238394e+00,1.931329047474898111e-04
4.096000000000000000e+03,8.000000000000000444e-01,7.553907906982566089e+00,2.881587183754946171e-05,2.013096607534170621e-04,1.700407278582130154e-03,2.000000000000000000e+00,1.450214232008258998e-15,1.897860190656860624e+00,2.017925371328011365e-04
4.096000000000000000e+03,8.000000000000000444e-01,8.207098660389894107e+00,3.130759681850392955e-05,2.102908927680549253e-04,1.847442472163148344e-03,2.000000000000000000e+00,1.430127017217923233e-15,1.902266486979048210e+00,2.108196936928351099e-04
4.096000000000000000e+03,8.000000000000000444e-01,8.916771193240457194e+00,3.401478268905814054e-05,2.196510042835403073e-04,2.007191883345862352e-03,2.000000000000000000e+00,1.277851602666559061e-15,1.906526809693350089e+00,2.202298984523742202e-04
4.096000000000000000e+03,8.000000000000000444e-01,9.687809517428858541e+00,3.695606047603171746e-05,2.294058102316826530e-04,2.180754917825513967e-03,2.000000000000000000e+00,1.271274273111570991e-15,1.910646834931743143e+00,2.300393342692875131e-04
4.096000000000000000e+03,8.000000000000000444e-01,1.052551996816213631e+01,4.015167224182943843e-05,2.395717802043660389e-04,2.369326047538979421e-03,2.000000000000000000e+00,1.309137664096656282e-15,1.914632126018290137e+00,2.402648706570153039e-04
4.096000000000000000e+03,8.000000000000000444e-01,1.143566772249898378e+01,4.362361039161294471e-05,2.501660647054209968e-04,2.574203031097249943e-03,2.000000000000000000e+00,1.305293775139147635e-15,1.918488133173212873e+00,2.509240927888497629e-04
4.096000000000000000e+03,8.000000000000000444e-01,1.242451647566819872e+01,4.739576902644423951e-05,2.612065223883353808e-04,2.796795845043462646e-03,2.000000000000000000e+00,1.333216225085191936e-15,1.922220193569032176e+00,2.620353317338062582e-04
4.096000000000000000e+03,8.000000000000000444e-01,1.349887154822100754e+01,5.149410838402178781e-05,2.727117483320578586e-04,3.038636387401910405e-03,2.000000000000000000e+00,1.281864291884838283e-15,1.925833531646553354e+00,2.736176959759940462e-04
4.096000000000000000e+03,8.000000000000000444e-01,1.466612672068353618e+01,5.594683349870123359e-05,2.847011033698957022e-04,3.301389020298484741e-03,2.000000000000000000e+00,1.270358004719690862e-15,1.929333260497866576e+00,2.856911042716239681e-04
4.096000000000000000e+03,8.000000000000000444e-01,1.593431511802885936e+01,6.078458831035178894e-05,2.971947445158903186e-04,3.586862024207635152e-03,2.000000000000000000e+00,1.636120235198470508e-15,1.932724383201691154e+00,2.982763199000859557e-04
4.096000000000000000e+03,8.000000000000000444e-01,1.731216449415824954e+01,6.604066655791568580e-05,3.102136565157983150e-04,3.897020042654558876e-03,2.000000000000000000e+00,1.626824399497309109e-15,1.936011794822142917e+00,3.113949863679457025e-04
4.096000000000000000e+03,8.000000000000000444e-01,1.880915729686345017e+01,7.175124090905551975e-05,3.237796845596533800e-04,4.233997603017986000e-03,2.000000000000000000e+00,1.444892020629596719e-15,1.939200284602684121e+00,3.250696646271992378e-04
4.096000000000000000e+03,8.000000000000000444e-01,2.043559592664052005e+01,7.795561190277297992e-05,3.379155681885230252e-04,4.600113806484491460e-03,2.000000000000000000e+00,1.344264468806524112e-15,1.942294538480382471e+00,3.393238718717493207e-04
4.096000000000000000e+03,8.000000000000000444e-01,2.220267363847110076e+01,8.469647841823997787e-05,3.526449764312701964e-04,4.997888288251668872e-03,2.000000000000000000e+00,1.480915711282451958e-15,1.945299141970799894e+00,3.541821219787750943e-04
4.096000000000000000e+03,8.000000000000000444e-01,2.412255157452117160e+01,9.202023153122395173e-05,3.679925442027798276e-04,5.430058557819176027e-03,2.000000000000000000e+00,2.053147510888293566e-15,1.948218583000205228e+00,3.696699676645112242e-04
4.096000000000000000e+03,8.000000000000000444e-01,2.620844245790132732e+01,9.997727378044634749e-05,3.839839100058731864e-04,5.899598838704667170e-03,2.000000000000000000e+00,1.496484825365395176e-15,1.951057255221016362e+00,3.858140444268823147e-04
4.096000000000000000e+03,8.000000000000000444e-01,2.847470152347516859e+01,1.086223660410887473e-04,4.006457549596939192e-04,6.409740537240917260e-03,2.000000000000000000e+00,2.639812548711699550e-15,1.953819461599806573e+00,4.026421163505559107e-04
4.096000000000000000e+03,8.000000000000000444e-01,3.093692531150599478e+01,1.180150043926467697e-04,4.180058431992332482e-04,6.963994481321380582e-03,2.000000000000000000e+00,2.340364618738932071e-15,1.956509417861113320e+00,4.201831238531386539e-04
4.096000000000000000e+03,8.000000000000000444e-01,3.361205900404804225e+01,1.282198295747682276e-04,4.360930636743489157e-04,7.566175082143111394e-03,2.000000000000000000e+00,3.215812722914473031e-15,1.959131256039107427e+00,4.384672334546149079e-04
4.096000000000000000e+03,8.000000000000000444e-01,3.651851304277563059e+01,1.393070718489670967e-04,4.549374733892058036e-04,8.220426585229145822e-03,2.000000000000000000e+00,1.682593528486778562e-15,1.961689028568095239e+00,4.575258896555855505e-04
4.096000000000000000e+03,8.000000000000000444e-01,3.967628983082402527e+01,1.513530343277894031e-04,4.745703421001070906e-04,8.931251591392089240e-03,2.000000000000000000e+00,3.156168542319171420e-15,1.964186712231999365e+00,4.773918690135161734e-04
4.096000000000000000e+03,8.000000000000000444e-01,4.310712139061143233e+01,1.644406180977303785e-04,4.950241985236039644e-04,9.703542043921861704e-03,2.000000000000000000e+00,1.775054924625487715e-15,1.966628211971887197e+00,4.980993365099753781e-04
4.096000000000000000e+03,8.000000000000000444e-01,4.683461892501023982e+01,1.786598927498254388e-04,5.163328780709493812e-04,1.054261289525297227e-02,2.000000000000000000e+00,1.962758931069677010e-15,1.969017365296295452e+00,5.196839043057692150e-04
4.096000000000000000e+03,8.000000000000000444e-01,5.088443531116111274e+01,1.941087162443584928e-04,5.385315721442426526e-04,1.145423868480842031e-02,2.000000000000000000e+00,1.941394996924986729e-15,1.971357946247174198e+00,5.421826929850307895e-04
4.096000000000000000e+03,8.000000000000000444e-01,5.528444164521774695e+01,2.108934083756170157e-04,5.616568790280231181e-04,1.244469327975012730e-02,2.000000000000000000e+00,3.071635629107003490e-15,1.973653669848701497e+00,5.656343953935407971e-04
4.096000000000000000e+03,8.000000000000000444e-01,6.006491905301899692e+01,2.291294824715385319e-04,5.857468563889474400e-04,1.352079305213532527e-02,2.000000000000000000e+00,4.330759149814765544e-15,1.975908196419368323e+00,5.900793431811055759e-04
4.096000000000000000e+03,8.000000000000000444e-01,6.525876708674010729e+01,2.489424403638462345e-04,6.108410754270571664e-04,1.468994378962647056e-02,2.000000000000000000e+00,3.082078797979991096e-15,1.978125135750829600e+00,6.155595761623660874e-04
4.096000000000000000e+03,8.000000000000000444e-01,7.090173014171973875e+01,2.704686360996999312e-04,6.369806766868290650e-04,1.596019166259667402e-02,2.000000000000000000e+00,2.752963719842838585e-15,1.980308051834789751e+00,6.421189146153479833e-04
4.096000000000000000e+03,8.000000000000000444e-01,7.703264345168227578e+01,2.938562143389979392e-04,6.642084275502212545e-04,1.734027859839050445e-02,2.000000000000000000e+00,2.856886897758378305e-15,1.982460467216853317e+00,6.698030346420803935e-04
4.096000000000000000e+03,8.000000000000000444e-01,8.369370035530842244e+01,3.192661298954331301e-04,6.925687814359665672e-04,1.883970244382894565e-02,2.000000000000000000e+00,3.643417243585202471e-15,1.984585867394528691e+00,6.986595467208621792e-04
4.096000000000000000e+03,8.000000000000000444e-01,9.093074267349686579e+01,3.468732554378389961e-04,7.221079387114269933e-04,2.046878233000009803e-02,2.000000000000000000e+00,3.288427149494609745e-15,1.986687705563511486e+00,7.287380775852807984e-04
4.096000000000000000e+03,8.000000000000000444e-01,9.879357619571699445e+01,3.768675849751167086e-04,7.528739093249510982e-04,2.223872968918141554e-02,2.000000000000000000e+00,3.738944828013968407e-15,1.988769407098097020e+00,7.600903555707712268e-04
4.096000000000000000e+03,8.000000000000000444e-01,1.073363134466483331e+02,4.094555414071973155e-04,7.849165771736599717e-04,2.416172541263614595e-02,2.000000000000000000e+00,5.670801376780720489e-15,1.990834374224640158e+00,7.927702995755136345e-04
4.096000000000000000e+03,8.000000000000000444e-01,1.166177460920441291e+02,4.448613971406712689e-04,8.182877661921464114e-04,2.625100368028782105e-02,2.000000000000000000e+00,2.570118216963524853e-15,1.992885990698020748e+00,8.268341117886433703e-04
4.096000000000000000e+03,8.000000000000000444e-01,1.267017495467474646e+02,4.833288175458811363e-04,8.530413081728141110e-04,2.852094303919566406e-02,2.000000000000000000e+00,3.544444641989262278e-15,1.994927626440819779e+00,8.623403743452069193e-04
4.096000000000000000e+03,8.000000000000000444e-01,1.376577225693952187e+02,5.251225378776367900e-04,8.892331122925177479e-04,3.098716535763816615e-02,2.000000000000000000e+00,6.227712978964270434e-15,1.996962642401150845e+00,8.993501500741870594e-04
4.096000000000000000e+03,8.000000000000000444e-01,1.495610648691238680e+02,5.705301852002100677e-04,9.269212363356728584e-04,3.366664333581202012e-02,2.000000000000000000e+00,5.716895725997885624e-15,1.998994395185249573e+00,9.379270875127185009e-04
4.096000000000000000e+03,8.000000000000000444e-01,1.624936960112056283e+02,6.198642578552460798e-04,9.661659595893116060e-04,3.657781731304389494e-02,2.000000000000000000e+00,6.294438951483643810e-15,2.001026242001586297e+00,9.781375303672067666e-04
4.096000000000000000e+03,8.000000000000000444e-01,1.765446191927537143e+02,6.734642760954044887e-04,1.007029857366003277e-03,3.974072217538906354e-02,2.000000000000000000e+00,6.399147420421095856e-15,2.003061545559553736e+00,1.020050631609551112e-03
4.096000000000000000e+03,8.000000000000000444e-01,1.918105337684304175e+02,7.316991186845032405e-04,1.049577877125688593e-03,4.317712523700155403e-02,2.000000000000000000e+00,6.680856567839228810e-15,2.005103678789993182e+00,1.063738472404693759e-03
4.096000000000000000e+03,8.000000000000000444e-01,2.083965007416104811e+02,7.949695615448397869e-04,1.093877416139963244e-03,4.691067604418686088e-02,2.000000000000000000e+00,5.524596391287914566e-15,2.007156029965706523e+00,1.109276186073977375e-03
4.096000000000000000e+03,8.000000000000000444e-01,2.264166658009483797e+02,8.637110359228072345e-04,1.139998400626411959e-03,5.096706913309723835e-02,2.000000000000000000e+00,4.103144760966258153e-15,2.009222007695768752e+00,1.156742087307636698e-03
4.096000000000000000e+03,8.000000000000000444e-01,2.459950448783239096e+02,9.383966250546413789e-04,1.188013366295347052e-03,5.537422086117645137e-02,2.000000000000000000e+00,4.404532941824970605e-15,2.011305045951715442e+00,1.206217806848419337e-03
4.096000000000000000e+03,8.000000000000000444e-01,2.672663776344478492e+02,1.019540319955626866e-03,1.237997540206080401e-03,6.016246152932405028e-02,2.000000000000000000e+00,6.797448137554110320e-15,2.013408609223077406e+00,1.257788431878231446e-03
4.096000000000000000e+03,8.000000000000000444e-01,2.903770547458435090e+02,1.107700556739210163e-03,1.290028923845548811e-03,6.536474411697028308e-02,2.000000000000000000e+00,6.998247639451793049e-15,2.015536197680049213e+00,1.311542652348955847e-03
4.096000000000000000e+03,8.000000000000000444e-01,3.154861253748755985e+02,1.203484059810163874e-03,1.344188377302700001e-03,7.101687106659493320e-02,2.000000000000000000e+00,7.501856779923134748e-15,2.017691352459962673e+00,1.367572913509326402e-03
4.096000000000000000e+03,8.000000000000000444e-01,3.427663917562921938e+02,1.307550017380875373e-03,1.400559704416223491e-03,7.715774067843401973e-02,2.000000000000000000e+00,6.377675011019595659e-15,2.019877660988115053e+00,1.425975574890043021e-03
4.096000000000000000e+03,8.000000000000000444e-01,3.724055984332820231e+02,1.420614618046882717e-03,1.459229738739611622e-03,8.382961481107557844e-02,2.000000000000000000e+00,7.523026434034558245e-15,2.022098762386562498e+00,1.486851076020623361e-03
4.096000000000000000e+03,8.000000000000000444e-01,4.046077243274667694e+02,1.543455979642741277e-03,1.520288430163744750e-03,9.107840973028219489e-02,2.000000000000000000e+00,7.771166291871605132e-15,2.024358352934740424e+00,1.550304109162879652e-03
4.096000000000000000e+03,8.000000000000000444e-01,4.395943865349297539e+02,1.676919504298895851e-03,1.583828932004510042e-03,9.895401210767845734e-02,2.000000000000000000e+00,1.154321155511115897e-14,2.026660191670742961e+00,1.616443799358217815e-03
4.096000000000000000e+03,8.000000000000000444e-01,4.776063655092777935e+02,1.821923696553336310e-03,1.649947688349855980e-03,1.075106223440231712e-01,2.000000000000000000e+00,1.062762261887688615e-14,2.029008106055115945e+00,1.685383892098277344e-03
4.096000000000000000e+03,8.000000000000000444e-01,5.189052621281726942e+02,1.979466484558764245e-03,1.718744521434239234e-03,1.168071275798450714e-01,2.000000000000000000e+00,1.103844680823031669e-14,2.031405997762476545e+00,1.757242948941758294e-03
4.096000000000000000e+03,8.000000000000000444e-01,5.637752980473583193e+02,2.150632087888177182e-03,1.790322718784199052e-03,1.269075069605227479e-01,2.000000000000000000e+00,8.877228542627078347e-15,2.033857848466112728e+00,1.832144551413821898e-03
4.096000000000000000e+03,8.000000000000000444e-01,6.125252717323161278e+02,2.336598479203476440e-03,1.864789119862577055e-03,1.378812719448647695e-01,2.000000000000000000e+00,8.383016222438654015e-15,2.036367725850794841e+00,1.910217513538638992e-03
4.096000000000000000e+03,8.000000000000000444e-01,6.654906836291180525e+02,2.538645491138908587e-03,1.942254201886188351e-03,1.498039446874291358e-01,2.000000000000000000e+00,1.260617391840260910e-14,2.038939789748965836e+00,1.991596103370685267e-03
4.096000000000000000e+03,8.000000000000000444e-01,7.230360451000259445e+02,2.758163624191383150e-03,2.022832164495074695e-03,1.627575777868374429e-01,2.000000000000000000e+00,1.238455400870139662e-14,2.041578298277400449e+00,2.076420273905913404e-03
4.096000000000000000e+03,8.000000000000000444e-01,7.855573870140544841e+02,2.996663616234033524e-03,2.106641012897375684e-03,1.768313189770186755e-01,2.000000000000000000e+00,1.167776589541419732e-14,2.044287614179623347e+00,2.164835903769522264e-03
4.096000000000000000e+03,8.000000000000000444e-01,8.534849852568220285e+02,3.255786839511192431e-03,2.193802639091308425e-03,1.921220246476340321e-01,2.000000000000000000e+00,1.180807905834485558e-14,2.047072211299820310e+00,2.256995048094636268e-03
4.096000000000000000e+03,8.000000000000000444e-01,9.272863219168075375e+02,3.537316596667509222e-03,2.284442900726690092e-03,2.087349264159662765e-01,2.000000000000000000e+00,1.419797974321998631e-14,2.049936681172681574e+00,2.353056200023100151e-03
4.096000000000000000e+03,8.000000000000000444e-01,1.007469302527047034e+03,3.843190393551052225e-03,2.378691697139544928e-03,2.267843553376545918e-01,2.000000000000000000e+00,1.333564272084129826e-14,2.052885739775391016e+00,2.453184563278412809e-03
4.096000000000000000e+03,8.000000000000000444e-01,1.094585751503622760e+03,4.175513273252955473e-03,2.476683042045686733e-03,2.463945287403603301e-01,2.000000000000000000e+00,1.189745161182052510e-14,2.055924234403178730e+00,2.557552336279072993e-03
4.096000000000000000e+03,8.000000000000000444e-01,1.189235209836664126e+03,4.536572303148895743e-03,2.578555132354566279e-03,2.677004050953778469e-01,2.000000000000000000e+00,1.229760351946121377e-14,2.059057150706877337e+00,2.666339008281376662e-03
4.096000000000000000e+03,8.000000000000000444e-01,1.292069061169912175e+03,4.928852314643524836e-03,2.684450412506555073e-03,2.908486128104935675e-01,2.000000000000000000e+00,1.494692958328886462e-14,2.062289619925067541e+00,2.779731668061065798e-03
4.096000000000000000e+03,8.000000000000000444e-01,1.403795014664757218e+03,5.355053003939656137e-03,2.794515633710239252e-03,3.159984593360982141e-01,2.000000000000000000e+00,1.934309094364151599e-14,2.065626926231459493e+00,2.897925325663831386e-03
4.096000000000000000e+03,8.000000000000000444e-01,1.525181975500053113e+03,5.818107511520588353e-03,2.908901907405444381e-03,3.433230275292721845e-01,2.000000000000000000e+00,1.791518205789405434e-14,2.069074514308454127e+00,3.021123247779497131e-03
4.096000000000000000e+03,8.000000000000000444e-01,1.657065336526895862e+03,6.321202608211120080e-03,3.027764752230746072e-03,3.730103668211140477e-01,2.000000000000000000e+00,1.419295948036812932e-14,2.072637997060667203e+00,3.149537307314935648e-03
4.096000000000000000e+03,8.000000000000000444e-01,1.800352727495835097e+03,6.867800626738872899e-03,3.151264133740817874e-03,4.052647873849931637e-01,2.000000000000000000e+00,2.056954118309393608e-14,2.076323163554647522e+00,3.283388347768307139e-03
4.096000000000000000e+03,8.000000000000000444e-01,1.956030261422997910e+03,7.461663289730064048e-03,3.279564496051500661e-03,4.403082662122596025e-01,2.000000000000000000e+00,1.915726258442978012e-14,2.080135987142540444e+00,3.422906563030487983e-03
4.096000000000000000e+03,8.000000000000000444e-01,2.125169321083141767e+03,8.106877598125998563e-03,3.412834784570851002e-03,4.783819747721420601e-01,2.000000000000000000e+00,2.534463988337402752e-14,2.084082633741857649e+00,3.568331893267283599e-03
4.096000000000000000e+03,8.000000000000000444e-01,2.308933932334662586e+03,8.807883958185816139e-03,3.551248458904158502e-03,5.197479387692753861e-01,2.000000000000000000e+00,2.359856245975046295e-14,2.088169470420595530e+00,3.719914437562662698e-03
4.096000000000000000e+03,8.000000000000000444e-01,2.508588775020170942e+03,9.569506740647014398e-03,3.694983494979742732e-03,5.646908414213969163e-01,2.000000000000000000e+00,2.429709440785934285e-14,2.092403074133002860e+00,3.877914884033485405e-03
4.096000000000000000e+03,8.000000000000000444e-01,2.725507886574318945e+03,1.039698748235442713e-02,3.844222375409678174e-03,6.135199826675179491e-01,2.000000000000000000e+00,2.624754606649303071e-14,2.096790240681912110e+00,4.042604958154792476e-03
4.096000000000000000e+03,8.000000000000000444e-01,2.961184118237596977e+03,1.129602095885313788e-02,3.999152067031796522e-03,6.665714077899517198e-01,2.000000000000000000e+00,3.122791247666734684e-14,2.101337993966524209e+00,4.214267890066973957e-03
4.096000000000000000e+03,8.000000000000000444e-01,3.217239408954274950e+03,1.227279437619886379e-02,4.159963984549822774e-03,7.242102200994896544e-01,2.000000000000000000e+00,2.951707066505733412e-14,2.106053595401135681e+00,4.393198901668298254e-03
4.096000000000000000e+03,8.000000000000000444e-01,3.495435947660281272e+03,1.333402995170700558e-02,4.326853939148256854e-03,7.868330935998113507e-01,2.000000000000000000e+00,2.737704529146189442e-14,2.110944553673448354e+00,4.579705714330676095e-03
4.096000000000000000e+03,8.000000000000000444e-01,3.797688300780549071e+03,1.448703117668361309e-02,4.500022070892902015e-03,8.548710029234344310e-01,2.000000000000000000e+00,2.669124353243781012e-14,2.116018634709575963e+00,4.774109078111351927e-03
4.096000000000000000e+03,8.000000000000000444e-01,4.126076588397883825e+03,1.573973307952073603e-02,4.679672763737844840e-03,9.287921893267633289e-01,2.000000000000000000e+00,2.937669509467904678e-14,2.121283871893879791e+00,4.976743323372162867e-03
4.096000000000000000e+03,8.000000000000000444e-01,4.482860799772838618e+03,1.710075683507094810e-02,4.866014541874033594e-03,1.009105383156458480e+00,2.000000000000000000e+00,2.471212511991463142e-14,2.126748576648850531e+00,5.187956935752107389e-03
4.096000000000000000e+03,8.000000000000000444e-01,4.870496346734843428e+03,1.857946909612595912e-02,5.059259946163673430e-03,1.096363304964331542e+00,2.000000000000000000e+00,3.004113398803275443e-14,2.132421349241894859e+00,5.408113155485426600e-03
4.096000000000000000e+03,8.000000000000000444e-01,5.291650961983788875e+03,2.018604645532146025e-02,5.259625389366222835e-03,1.191166469365606995e+00,2.000000000000000000e+00,3.445050838737770573e-14,2.138311089924059161e+00,5.637590602093267220e-03
4.096000000000000000e+03,8.000000000000000444e-01,5.749223058597752242e+03,2.193154548110104463e-02,5.467330988845747752e-03,1.294167317819062246e+00,2.000000000000000000e+00,4.367107050143215940e-14,2.144427010408747947e+00,5.876783925525430607e-03
4.096000000000000000e+03,8.000000000000000444e-01,6.246361677097582287e+03,2.382797880972893634e-02,5.682600375438378627e-03,1.406074708770966186e+00,2.000000000000000000e+00,4.318308579059835429e-14,2.150778645657723587e+00,6.126104484869180668e-03
4.096000000000000000e+03,8.000000000000000444e-01,6.786488157345819673e+03,2.588839781702354306e-02,5.905660477166901554e-03,1.527658796064389701e+00,2.000000000000000000e+00,6.334101730764129921e-14,2.157375866021496336e+00,6.385981055795512951e-03
4.096000000000000000e+03,8.000000000000000444e-01,7.373319684427191532e+03,2.812698243876339543e-02,6.136741276481688483e-03,1.659756329187377810e+00,2.000000000000000000e+00,5.674456393987477475e-14,2.164228889762753738e+00,6.656860567957462865e-03
4.096000000000000000e+03,8.000000000000000444e-01,8.010894870554648151e+03,3.055913875791415463e-02,6.376075539737399017e-03,1.803276411836564508e+00,2.000000000000000000e+00,6.576876055056273956e-14,2.171348295961877284e+00,6.939208873609369402e-03
4.096000000000000000e+03,8.000000000000000444e-01,8.703601549057751981e+03,3.320160503028012078e-02,6.623898517634779250e-03,1.959206758427146644e+00,2.000000000000000000e+00,6.150873229146916890e-14,2.178745037815403407e+00,7.233511548768321343e-03
4.096000000000000000e+03,8.000000000000000444e-01,9.456206971733226965e+03,3.607256687825480257e-02,6.880447615409852023e-03,2.128620491606871390e+00,2.000000000000000000e+00,5.282359405553418485e-14,2.186430456358834817e+00,7.540274728297072411e-03
4.096000000000000000e+03,8.000000000000000444e-01,1.027389061737742850e+04,3.919178244544001960e-02,7.145962031593741139e-03,2.312683527554892482e+00,2.000000000000000000e+00,6.469301669751422002e-14,2.194416294653450450e+00,7.860025976341972198e-03
4.096000000000000000e+03,8.000000000000000444e-01,1.116227983729175321e+04,4.258071837345792088e-02,7.420682364246157167e-03,2.512662599891722248e+00,2.000000000000000000e+00,5.210647762893037703e-14,2.202714712438307743e+00,8.193315193627231929e-03
4.096000000000000000e+03,8.000000000000000444e-01,1.212748858307543014e+04,4.626269753675624902e-02,7.704850183645503385e-03,2.729933977421302949e+00,2.000000000000000000e+00,5.543883303108208233e-14,2.211338301279440088e+00,8.540715563158420010e-03
4.096000000000000000e+03,8.000000000000000444e-01,1.317615948323234079e+04,5.026305955212532345e-02,7.998707570524052346e-03,2.965992935701134314e+00,2.000000000000000000e+00,5.184731001702375676e-14,2.220300100253339792e+00,8.902824535972152231e-03
4.096000000000000000e+03,8.000000000000000444e-01,1.431550955816661735e+04,5.460933516756674710e-02,8.302496619050860407e-03,3.222464047624607808e+00,2.000000000000000000e+00,6.098938206021496289e-14,2.229613612197368866e+00,9.280264858617824283e-03
4.096000000000000000e+03,8.000000000000000444e-01,1.555337988818019403e+04,5.933143573066785442e-02,8.616458903907345257e-03,3.501112363835912067e+00,2.000000000000000000e+00,6.014753082483414045e-14,2.239292820579322552e+00,9.673685644139970105e-03
4.096000000000000000e+03,8.000000000000000444e-01,1.689828957629009165e+04,6.446185904041325243e-02,8.940834910946682604e-03,3.803855559921711649e+00,2.000000000000000000e+00,5.454430276388829732e-14,2.249352207029772899e+00,1.008376348841156026e-02
4.096000000000000000e+03,8.000000000000000444e-01,1.835949437724200470e+04,7.003591299912263757e-02,9.275863431113038141e-03,4.132777133977580952e+00,2.000000000000000000e+00,6.663198286186219328e-14,2.259806769657700443e+00,1.051120363372446374e-02
4.096000000000000000e+03,8.000000000000000444e-01,1.994705039620844036e+04,7.609195860370041031e-02,9.621780917458079910e-03,4.490140745375607700e+00,2.000000000000000000e+00,6.582528681143039114e-14,2.270672042348365949e+00,1.095674118165199107e-02
4.096000000000000000e+03,8.000000000000000444e-01,2.167188329554904703e+04,8.267167394847506345e-02,9.978820805288470680e-03,4.878405793413272740e+00,2.000000000000000000e+00,5.470515034120676177e-14,2.281964115349609301e+00,1.142114235725563177e-02
4.096000000000000000e+03,8.000000000000000444e-01,2.354586348592046852e+04,8.982034105652034195e-02,1.034721279563416592e-02,5.300244343057328500e+00,2.000000000000000000e+00,9.877220466279847053e-14,2.293699657891977495e+00,1.190520582682343294e-02
4.096000000000000000e+03,8.000000000000000444e-01,2.558188781920335532e+04,9.758715751344053391e-02,1.072718210229750731e-02,5.758559514266171853e+00,2.000000000000000000e+00,7.714903784604868350e-14,2.305895944146300280e+00,1.240976407139769873e-02
4.096000000000000000e+03,8.000000000000000444e-01,2.779396834546452010e+04,1.060255750483113102e-01,1.111894866269387896e-02,6.256505461447674499e+00,2.000000000000000000e+00,1.109319196672634387e-13,2.318570884883371264e+00,1.293568481845452922e-02
4.096000000000000000e+03,8.000000000000000444e-01,3.019732874478468511e+04,1.151936673919093518e-01,1.152272631233050050e-02,6.797509080552226912e+00,2.000000000000000000e+00,1.152547867872504655e-13,2.331743069170443050e+00,1.348387253420501100e-02
4.096000000000000000e+03,8.000000000000000444e-01,3.280850909760073409e+04,1.251545299438504566e-01,1.193872192186249369e-02,7.385293593190357164e+00,2.000000000000000000e+00,1.100442691649854229e-13,2.345431823277635885e+00,1.405526997906843614e-02
4.096000000000000000e+03,8.000000000000000444e-01,3.564547971460052941e+04,1.359767139991780449e-01,1.236713449394713678e-02,8.023904170082742482e+00,2.000000000000000000e+00,1.313056696980615649e-13,2.359657298454379770e+00,1.465085982901918014e-02
4.096000000000000000e+03,8.000000000000000444e-01,3.872776480955426814e+04,1.477346985227747656e-01,1.280815421397934507e-02,8.717735770184701138e+00,2.000000000000000000e+00,9.768429327815143085e-14,2.374440605645133928e+00,1.527166636556021549e-02
4.096000000000000000e+03,8.000000000000000444e-01,4.207657686620527238e+04,1.605094027183733840e-01,1.326196144371161005e-02,9.471563387075464746e+00,2.000000000000000000e+00,1.188227662560839013e-13,2.389804023700889957e+00,1.591875723726277753e-02
4.096000000000000000e+03,8.000000000000000444e-01,4.571496262394416408e+04,1.743887429197088779e-01,1.372872563890261029e-02,1.029057491077036701e+01,2.000000000000000000e+00,1.274634134808269072e-13,2.405771318487893495e+00,1.659324529588724478e-02
4.096000000000000000e+03,8.000000000000000444e-01,4.966796168694834341e+04,1.894682376363691079e-01,1.420860416070055671e-02,1.118040683111286171e+01,2.000000000000000000e+00,1.334564867230523694e-13,2.422368222975421759e+00,1.729629051023134217e-02
4.096000000000000000e+03,8.000000000000000444e-01,5.396277884834308497e+04,2.058516649183009528e-01,1.470174093467756758e-02,1.214718302845893838e+01,2.000000000000000000e+00,1.309354693594617982e-13,2.439623141922481864e+00,1.802910196102490772e-02
4.096000000000000000e+03,8.000000000000000444e-01,5.862897131533337961e+04,2.236517765630088028e-01,1.520826489083972922e-02,1.319755691861466751e+01,2.000000000000000000e+00,1.362048586196801411e-13,2.457568157614701931e+00,1.879293992027348051e-02
4.096000000000000000e+03,8.000000000000000444e-01,6.369865212380071898e+04,2.429910740806607017e-01,1.572828809255596635e-02,1.433875724207075564e+01,2.000000000000000000e+00,1.417155675571592778e-13,2.476240422912127315e+00,1.958911801864897384e-02
4.096000000000000000e+03,8.000000000000000444e-01,6.920671114227463841e+04,2.640026517573342835e-01,1.626190343306958483e-02,1.557863781265799297e+01,2.000000000000000000e+00,1.448537086734706715e-13,2.495684031732650965e+00,2.041900550463855366e-02
4.096000000000000000e+03,8.000000000000000444e-01,7.519105518624653632e+04,2.868311126184331372e-01,1.680918174707228541e-02,1.692573156799796408e+01,2.000000000000000000e+00,1.466387604653980612e-13,2.515952452379536908e+00,2.128402959933812719e-02
4.096000000000000000e+03,8.000000000000000444e-01,8.169286889530660119e+04,3.116335635959877060e-01,1.737016815487090610e-02,1.838930929372735434e+01,2.000000000000000000e+00,1.510845920270995604e-13,2.537111593216877736e+00,2.218567795097961537e-02
4.096000000000000000e+03,8.000000000000000444e-01,8.875689816847308248e+04,3.385806967486308383e-01,1.794487743260303469e-02,1.997944342563890530e+01,2.000000000000000000e+00,1.432277077723840386e-13,2.547875047686047445e+00,2.312550119331922838e-02
1.638400000000000000e+04,8.000000000000000444e-01,1.333662594950015457e-07,6.359398817777707370e-14,1.516475833807492278e-11,1.516446389418335400e-11,1.000000000000000000e+00,2.450996956571806779e-16,9.993142822469038844e-01,1.516443546090832372e-11
1.638400000000000000e+04,8.000000000000000444e-01,1.461594210609636849e-07,6.969424298332390064e-14,1.662048276798656325e-11,1.661911544843765754e-11,1.000000000000000000e+00,3.599794630276890593e-16,9.999358248227849799e-01,1.661908129861650109e-11
1.638400000000000000e+04,8.000000000000000444e-01,1.601797669498010399e-07,7.637966487398197169e-14,1.821387485295634047e-11,1.821330448710680256e-11,1.000000000000000000e+00,3.163735142766901421e-16,1.000311017319873486e+00,1.821326347142188351e-11
1.638400000000000000e+04,8.000000000000000444e-01,1.755450148464309442e-07,8.370638601609751900e-14,1.996092180453983252e-11,1.996041614665179995e-11,1.000000000000000000e+00,3.413318297553283143e-16,9.999925484344771576e-01,1.996036688471438721e-11
1.638400000000000000e+04,8.000000000000000444e-01,1.923841745074529189e-07,9.173592305538793512e-14,2.187583447745335939e-11,2.187511953306211495e-11,1.000000000000000000e+00,3.898503869730279420e-16,9.998857461243062517e-01,2.187506036695546064e-11
1.638400000000000000e+04,8.000000000000000444e-01,2.108386309533900378e-07,1.005356936232519330e-13,2.397460008325287073e-11,2.397349088666284796e-11,1.000000000000000000e+00,6.137750866997276137e-16,9.999820082739603322e-01,2.397341982514518448e-11
1.638400000000000000e+04,8.000000000000000444e-01,2.310633315661719284e-07,1.101795823889598505e-13,2.627409401191426835e-11,2.627314856150896145e-11,1.000000000000000000e+00,4.812555030297157352e-16,1.000166281636779786e+00,2.627306321299856592e-11
1.638400000000000000e+04,8.000000000000000444e-01,2.532280870589682044e-07,1.207485614104119322e-13,2.879385618867290341e-11,2.879340095268072295e-11,1.000000000000000000e+00,1.399874175116624007e-16,1.000232066267727760e+00,2.879329844476768925e-11
1.638400000000000000e+04,8.000000000000000444e-01,2.775189972415869528e-07,1.323313699920592083e-13,3.155520289560391505e-11,3.155540861350874912e-11,1.000000000000000000e+00,2.658470642209405010e-16,9.999852271871674247e-01,3.155528549628470006e-11
1.638400000000000000e+04,8.000000000000000444e-01,3.041400135524509453e-07,1.450252597582106329e-13,3.458300312846176959e-11,3.458236192389752089e-11,1.000000000000000000e+00,6.664908730637123604e-16,9.998674373579774510e-01,3.458221405384995892e-11
1.638400000000000000e+04,8.000000000000000444e-01,3.333146514764923975e-07,1.589368111975156772e-13,3.790034952616196287e-11,3.789967580148723189e-11,1.000000000000000000e+00,4.472265030476834570e-16,1.000040666321439176e+00,3.789949820205109852e-11
1.638400000000000000e+04,8.000000000000000444e-01,3.652878672267696217e-07,1.741828285344932660e-13,4.153566379813896370e-11,4.153520309048782962e-11,1.000000000000000000e+00,4.161920529580936374e-16,1.000029433075553698e+00,4.153498978456123205e-11
1.638400000000000000e+04,8.000000000000000444e-01,4.003281144468158351e-07,1.908913204416350532e-13,4.552003218908715554e-11,4.551946841984247800e-11,1.000000000000000000e+00,3.691357239146562741e-16,1.000017567282753816e+00,4.551921222863026462e-11
1.638400000000000000e+04,8.000000000000000444e-01,4.387295982022109407e-07,2.092025748263411239e-13,4.988631730054125914e-11,4.988592449424098573e-11,1.000000000000000000e+00,3.882054398133486406e-16,1.000008735574681396e+00,4.988561679565638232e-11
1.638400000000000000e+04,8.000000000000000444e-01,4.808147451863393431e-07,2.292703367168137279e-13,5.467182262613571079e-11,5.467123296985384646e-11,1.000000000000000000e+00,4.323110967881588070e-16,1.000037913930739819e+00,5.467086340834768490e-11
1.638400000000000000e+04,8.000000000000000444e-01,5.269369108807004356e-07,2.512630991366865328e-13,5.991562801634569120e-11,5.991557227307839060e-11,1.000000000000000000e+00,2.129299231104999278e-16,1.000128101526911450e+00,5.991512841113075282e-11
1.638400000000000000e+04,8.000000000000000444e-01,5.774833463996367302e-07,2.753655178068336154e-13,6.566214239216632022e-11,6.566297494680565717e-11,1.000000000000000000e+00,7.095039930281122640e-16,1.000050128416802409e+00,6.566244184635143083e-11
1.638400000000000000e+04,8.000000000000000444e-01,6.328784499297012174e-07,3.017799615524774634e-13,7.196110374511305101e-11,7.196169735663448157e-11,1.000000000000000000e+00,8.007325231250725125e-16,9.999722114086324609e-01,7.196105707633709854e-11
1.638400000000000000e+04,8.000000000000000444e-01,6.935873300634326114e-07,3.307282114331400926e-13,7.886402642354299234e-11,7.886462486116405487e-11,1.000000000000000000e+00,4.910927506152888820e-16,9.999666991145232942e-01,7.886385585261877707e-11
1.638400000000000000e+04,8.000000000000000444e-01,7.601197109460080721e-07,3.624533228616752968e-13,8.642953020317391714e-11,8.642971584825651797e-11,1.000000000000000000e+00,5.333542606994188709e-16,9.999989716595081291e-01,8.642879223080480032e-11
1.638400000000000000e+04,8.000000000000000444e-01,8.330342120231655254e-07,3.972216663471057536e-13,9.471978757340577219e-11,9.472048836548669785e-11,1.000000000000000000e+00,1.084962859297770479e-15,1.000025119858591438e+00,9.471937905523749973e-11
1.638400000000000000e+04,8.000000000000000444e-01,9.129430383240619181e-07,4.353251639957723227e-13,1.038058528078399645e-10,1.038065534306310625e-10,1.000000000000000000e+00,4.871733552799640466e-16,1.000006561486586065e+00,1.038052210943790998e-10
1.638400000000000000e+04,8.000000000000000444e-01,1.000517120659613829e-06,4.770837405489033835e-13,1.137632210721812744e-10,1.137641994999765942e-10,1.000000000000000000e+00,4.106154643699460469e-16,1.000035481982493479e+00,1.137625992988159438e-10
1.638400000000000000e+04,8.000000000000000444e-01,1.096491748894496791e-06,5.228480095360263780e-13,1.246753811379179614e-10,1.246770330017672092e-10,1.000000000000000000e+00,6.196977343254515534e-16,1.000032026129602514e+00,1.246751110821217978e-10
1.638400000000000000e+04,8.000000000000000444e-01,1.201672745590872176e-06,5.730022170976982955e-13,1.366347035607426918e-10,1.366366803128337903e-10,1.000000000000000000e+00,3.373739548475115850e-16,1.000000751124233034e+00,1.366343719941272385e-10
1.638400000000000000e+04,8.000000000000000444e-01,1.316943231859051557e-06,6.279674681945092950e-13,1.497415525021341834e-10,1.497435570723508996e-10,1.000000000000000000e+00,1.539220054596182973e-16,1.000005429195610418e+00,1.497407846703307071e-10
1.638400000000000000e+04,8.000000000000000444e-01,1.443271042222546684e-06,6.882052622902615949e-13,1.641051739077785983e-10,1.641077112920338852e-10,1.000000000000000000e+00,4.213481821788078032e-16,1.000029736363529764e+00,1.641043815045067837e-10
1.638400000000000000e+04,8.000000000000000444e-01,1.581716850754199155e-06,7.542213681956287170e-13,1.798463600428310214e-10,1.798497473416986892e-10,1.000000000000000000e+00,6.765494825073638817e-17,1.000012557238719069e+00,1.798457481087097878e-10
1.638400000000000000e+04,8.000000000000000444e-01,1.733443076712133399e-06,8.265700706062952989e-13,1.970983376703377717e-10,1.971018385681609052e-10,1.000000000000000000e+00,5.421867843930764792e-16,1.000039262133057605e+00,1.970970353009670268e-10
1.638400000000000000e+04,8.000000000000000444e-01,1.899723644449040968e-06,9.058588239903645364e-13,2.160032153375597467e-10,2.160088370496257765e-10,1.000000000000000000e+00,6.395710384501889438e-16,1.000060962189337488e+00,2.160030681015780030e-10
1.638400000000000000e+04,8.000000000000000444e-01,2.081954679540986137e-06,9.927533529000216183e-13,2.367226415170143564e-10,2.367294898032934737e-10,1.000000000000000000e+00,9.736357156836627169e-16,1.000025432374059164e+00,2.367225610302378033e-10
1.638400000000000000e+04,8.000000000000000444e-01,2.281666230942611515e-06,1.087983241530709989e-12,2.594298110007009097e-10,2.594377716577065276e-10,1.000000000000000000e+00,3.985111802221208228e-16,1.000008422650836337e+00,2.594294498848829109e-10
1.638400000000000000e+04,8.000000000000000444e-01,2.500535117590380526e-06,1.192348059458914054e-12,2.843156821490444873e-10,2.843243459809115359e-10,1.000000000000000000e+00,4.863915937423003331e-16,1.000040158170236282e+00,2.843143511565440435e-10
1.638400000000000000e+04,8.000000000000000444e-01,2.740399007316514136e-06,1.306724074991471355e-12,3.115863123556424242e-10,3.115981655290009065e-10,1.000000000000000000e+00,8.697943185593818109e-16,1.000054622702307938e+00,3.115861613005939261e-10
1.638400000000000000e+04,8.000000000000000444e-01,3.003271846283077827e-06,1.432071612493075288e-12,3.414744043667307255e-10,3.414882268560888933e-10,1.000000000000000000e+00,5.399618921296464266e-16,1.000038051273506312e+00,3.414738092523878295e-10
1.638400000000000000e+04,8.000000000000000444e-01,3.291360768484904273e-06,1.569443115465595375e-12,3.742286481401530931e-10,3.742454930161069411e-10,1.000000000000000000e+00,2.923061224604665009e-16,1.000041687401960644e+00,3.742281768539634705e-10
1.638400000000000000e+04,8.000000000000000444e-01,3.607084627296996836e-06,1.719991983078478258e-12,4.101252671648311930e-10,4.101450006998150473e-10,1.000000000000000000e+00,2.050304419991821583e-16,1.000042170229306748e+00,4.101242032586777348e-10
1.638400000000000000e+04,8.000000000000000444e-01,3.953094304660996545e-06,1.884982254343508027e-12,4.494644657470969183e-10,4.494881694989749262e-10,1.000000000000000000e+00,8.204470851971607774e-16,1.000065094003971922e+00,4.494631909138273272e-10
1.638400000000000000e+04,8.000000000000000444e-01,4.332294968430889438e-06,2.065799221244282455e-12,4.925757580812275987e-10,4.926053326867481816e-10,1.000000000000000000e+00,1.871585801722285772e-16,1.000068198636242300e+00,4.925753323999628549e-10
1.638400000000000000e+04,8.000000000000000444e-01,4.747870464755114949e-06,2.263961059930379367e-12,5.398232973199845708e-10,5.398585107632634522e-10,1.000000000000000000e+00,5.123304320055824193e-16,1.000060969991309889e+00,5.398224792433083978e-10
1.638400000000000000e+04,8.000000000000000444e-01,5.203310050298477940e-06,2.481131577634085627e-12,5.916023228609545914e-10,5.916444510536035291e-10,1.000000000000000000e+00,7.791445905437693529e-16,1.000071667291067001e+00,5.916011758293885297e-10
1.638400000000000000e+04,8.000000000000000444e-01,5.702437688753069198e-06,2.719134182335409736e-12,6.483471539523561940e-10,6.483979588793016527e-10,1.000000000000000000e+00,4.265681908106323104e-16,1.000092074469904446e+00,6.483459837478335741e-10
1.638400000000000000e+04,8.000000000000000444e-01,6.249444157617731626e-06,2.979967192467561544e-12,7.105329660499120207e-10,7.105955482725454097e-10,1.000000000000000000e+00,6.069937997097990120e-16,1.000096402887677982e+00,7.105331243080563756e-10
1.638400000000000000e+04,8.000000000000000444e-01,6.848922234821047411e-06,3.265820615206264215e-12,7.786846726010884232e-10,7.787594428852218941e-10,1.000000000000000000e+00,2.609801903566665648e-16,1.000091554538869332e+00,7.786844696023426414e-10
1.638400000000000000e+04,8.000000000000000444e-01,7.505905260621956408e-06,3.579094534216860012e-12,8.533724841530390454e-10,8.534619606852551467e-10,1.000000000000000000e+00,8.469929891705721569e-16,1.000104777151022972e+00,8.533719153778716872e-10
1.638400000000000000e+04,8.000000000000000444e-01,8.225909398561656415e-06,3.922419261246517379e-12,9.352225664937024360e-10,9.353303192550507500e-10,1.000000000000000000e+00,6.136065805369842742e-16,1.000117534924143570e+00,9.352221721350980743e-10
1.638400000000000000e+04,8.000000000000000444e-01,9.014979950298247487e-06,4.298677420758365386e-12,1.024922369722389526e-09,1.025051902038298427e-09,1.000000000000000000e+00,3.597683777763103875e-16,1.000128468731837472e+00,1.024922014321598361e-09
1.638400000000000000e+04,8.000000000000000444e-01,9.879742113192959419e-06,4.711028153034667692e-12,1.123224180963543181e-09,1.123380029751621890e-09,1.000000000000000000e+00,8.206956915991830584e-16,1.000136172979850357e+00,1.123224031264934454e-09
1.638400000000000000e+04,8.000000000000000444e-01,1.082745660681909147e-05,5.162933638963266119e-12,1.230954006151038085e-09,1.231140285419033649e-09,1.000000000000000000e+00,7.672020729570816320e-16,1.000149401122605752e+00,1.230952927614569929e-09
1.638400000000000000e+04,8.000000000000000444e-01,1.186608063544509457e-05,5.658188169214770591e-12,1.349013346385132536e-09,1.349237446135463463e-09,1.000000000000000000e+00,1.229965621019869105e-15,1.000169647742637835e+00,1.349012425573169189e-09
1.638400000000000000e+04,8.000000000000000444e-01,1.300433469834526802e-05,6.200950001881250392e-12,1.478393408787335015e-09,1.478663079759866996e-09,1.000000000000000000e+00,6.235045462909057358e-16,1.000182904356570646e+00,1.478392826126104837e-09
1.638400000000000000e+04,8.000000000000000444e-01,1.425177580889101258e-05,6.795776276059633530e-12,1.620180435571092378e-09,1.620503870321290196e-09,1.000000000000000000e+00,7.464585276314990440e-16,1.000199656064673093e+00,1.620179291862001161e-09
1.638400000000000000e+04,8.000000000000000444e-01,1.561887773718529407e-05,7.447661274521491083e-12,1.775561921290928969e-09,1.775950742039725484e-09,1.000000000000000000e+00,1.245917197174924473e-15,1.000220775759160574e+00,1.775560919856807779e-09
1.638400000000000000e+04,8.000000000000000444e-01,1.711711894997352377e-05,8.162078356730234036e-12,1.945841711875837532e-09,1.946308858568862522e-09,1.000000000000000000e+00,1.326340793374678547e-15,1.000244169605942091e+00,1.945840679512642660e-09
1.638400000000000000e+04,8.000000000000000444e-01,1.875907898619249618e-05,8.945025914283989037e-12,2.132446221878507864e-09,2.133008581416437757e-09,1.000000000000000000e+00,1.210247751171236680e-15,1.000264768561187623e+00,2.132446297247292716e-09
1.638400000000000000e+04,8.000000000000000444e-01,2.055854407734621740e-05,9.803077734635456751e-12,2.336943086222511722e-09,2.337617479551326877e-09,1.000000000000000000e+00,1.262075652445073965e-15,1.000288094472281841e+00,2.336942177570990944e-09
1.638400000000000000e+04,8.000000000000000444e-01,2.253062289951864342e-05,1.074343819595272227e-11,2.561042936559548153e-09,2.561853491032463095e-09,1.000000000000000000e+00,1.583460535762186165e-15,1.000317730665287286e+00,2.561042458417743568e-09
1.638400000000000000e+04,8.000000000000000444e-01,2.469187342890091571e-05,1.177400275654836450e-11,2.806626046622576723e-09,2.807599347167316170e-09,1.000000000000000000e+00,2.758373113255241748e-15,1.000346933866779864e+00,2.806625307676874261e-09
1.638400000000000000e+04,8.000000000000000444e-01,2.706044196593825819e-05,1.290342424675858411e-11,3.075749437653775233e-09,3.076918380308135925e-09,1.000000000000000000e+00,3.355914634458605637e-15,1.000381603412805021e+00,3.075748577757943219e-09
1.638400000000000000e+04,8.000000000000000444e-01,2.965621549537102405e-05,1.414118551987220004e-11,3.370667306508943900e-09,3.372071848011377250e-09,1.000000000000000000e+00,3.718355836418676308e-15,1.000417630318864326e+00,3.370666945784065728e-09
1.638400000000000000e+04,8.000000000000000444e-01,3.250098866141672881e-05,1.549767907210194054e-11,3.693851453762058025e-09,3.695537919017579588e-09,1.000000000000000000e+00,3.991638291138391590e-15,1.000457550512621197e+00,3.693850678714542042e-09
1.638400000000000000e+04,8.000000000000000444e-01,3.561864676004992497e-05,1.698429430010315178e-11,4.048006382739453410e-09,4.050032480461760970e-09,1.000000000000000000e+00,5.463382369319841376e-15,1.000500930416521328e+00,4.048006175420001767e-09
1.638400000000000000e+04,8.000000000000000444e-01,3.903536628482093664e-05,1.861351312867209274e-11,4.436099497587413862e-09,4.438531941015973765e-09,1.000000000000000000e+00,5.982214768612249861e-15,1.000548866203295972e+00,4.436098451549183490e-09
1.638400000000000000e+04,8.000000000000000444e-01,4.277983471003715834e-05,2.039901481153352658e-11,4.861376202306807840e-09,4.864298221423869183e-09,1.000000000000000000e+00,7.884642405455330343e-15,1.000602244812696995e+00,4.861375748015297071e-09
1.638400000000000000e+04,8.000000000000000444e-01,4.688349135665074546e-05,2.235579078514611505e-11,5.327397204248616724e-09,5.330906142252822179e-09,1.000000000000000000e+00,8.301356523718616446e-15,1.000658741226672532e+00,5.327396460174640137e-09
1.638400000000000000e+04,8.000000000000000444e-01,5.138079136321272507e-05,2.450027053986202482e-11,5.838059830398193443e-09,5.842273438816881036e-09,1.000000000000000000e+00,1.199335197246663431e-14,1.000722789712405358e+00,5.838058602355194516e-09
1.638400000000000000e+04,8.000000000000000444e-01,5.630949497824670974e-05,2.685045956528029906e-11,6.397632666336305879e-09,6.402693655281863645e-09,1.000000000000000000e+00,1.209554471497325925e-14,1.000792247750467823e+00,6.397632041404438479e-09
1.638400000000000000e+04,8.000000000000000444e-01,6.171098460300023653e-05,2.942609052801143481e-11,7.010794636092832987e-09,7.016872194138244006e-09,1.000000000000000000e+00,1.576690858888671049e-14,1.000867745280942245e+00,7.010793753449275634e-09
1.638400000000000000e+04,8.000000000000000444e-01,6.763061224653008660e-05,3.224878895117286997e-11,7.682666976573674068e-09,7.689965823720638605e-09,1.000000000000000000e+00,1.783969370289125835e-14,1.000950899649325265e+00,7.682666380181605753e-09
1.638400000000000000e+04,8.000000000000000444e-01,7.411808031042383597e-05,3.534225478669349478e-11,8.418861199200059676e-09,8.427625975486922082e-09,1.000000000000000000e+00,2.275448214316176252e-14,1.001041800919757918e+00,8.418860384780689997e-09
1.638400000000000000e+04,8.000000000000000444e-01,8.122785890030576354e-05,3.873246140494621446e-11,9.225520834299774140e-09,9.236046194589963133e-09,1.000000000000000000e+00,2.635279641817423906e-14,1.001141823935583375e+00,9.225520133134508044e-09
1.638400000000000000e+04,8.000000000000000444e-01,8.901964316795809695e-05,4.244787367246537063e-11,1.010937472181898975e-08,1.012201414214650568e-08,1.000000000000000000e+00,3.235302523512227771e-14,1.001250989850653639e+00,1.010937425339056279e-08
1.638400000000000000e+04,8.000000000000000444e-01,9.755885452399568872e-05,4.651968694877418934e-11,1.107779119021382431e-08,1.109296858582486265e-08,1.000000000000000000e+00,3.922862604240665224e-14,1.001370800409382866e+00,1.107779065610711113e-08
1.638400000000000000e+04,8.000000000000000444e-01,1.069171899293794948e-04,5.098208900898909323e-11,1.213883667623555390e-08,1.215706185725622682e-08,1.000000000000000000e+00,4.623014088845509529e-14,1.001501768275907978e+00,1.213883662842256731e-08
1.638400000000000000e+04,8.000000000000000444e-01,1.171732238777295444e-04,5.587254709135510654e-11,1.330134500285882909e-08,1.332322830067441482e-08,1.000000000000000000e+00,5.602345882963255610e-14,1.001645066838833031e+00,1.330134444872606004e-08
1.638400000000000000e+04,8.000000000000000444e-01,1.284130681228072730e-04,6.123212247982371952e-11,1.457498399267680097e-08,1.460125928749319073e-08,1.000000000000000000e+00,6.667798964653232549e-14,1.001802607421154789e+00,1.457498300327888375e-08
1.638400000000000000e+04,8.000000000000000444e-01,1.407310946903706211e-04,6.710581526297122053e-11,1.597033718033220435e-08,1.600188542665852219e-08,1.000000000000000000e+00,8.112232601340634090e-14,1.001975427421967879e+00,1.597033592304654849e-08
1.638400000000000000e+04,8.000000000000000444e-01,1.542307282449586320e-04,7.354294216392451860e-11,1.749898730130847166e-08,1.753686666103083544e-08,1.000000000000000000e+00,9.572362697660960986e-14,1.002164180667598714e+00,1.749898679755123353e-08
1.638400000000000000e+04,8.000000000000000444e-01,1.690253144644790625e-04,8.059755061363175511e-11,1.917361310340112936e-08,1.921909100626493771e-08,1.000000000000000000e+00,1.158972129953186410e-13,1.002370918958035872e+00,1.917361206267871978e-08
1.638400000000000000e+04,8.000000000000000444e-01,1.852390717136481149e-04,8.832887254412084338e-11,2.100808260547998729e-08,2.106268276121921479e-08,1.000000000000000000e+00,1.388093937431396310e-13,1.002597627173905437e+00,2.100808220083383278e-08
1.638400000000000000e+04,8.000000000000000444e-01,2.030081340067264157e-04,9.680182171188660415e-11,2.301757211343135079e-08,2.308312109845082921e-08,1.000000000000000000e+00,1.671752993314656400e-13,1.002845383254168610e+00,2.301757193430558435e-08
1.638400000000000000e+04,8.000000000000000444e-01,2.224816940164819922e-04,1.060875387270364724e-10,2.521868079521456811e-08,2.529737003050713597e-08,1.000000000000000000e+00,1.997748860378036103e-13,1.003116883455952291e+00,2.521868013574042746e-08
1.638400000000000000e+04,8.000000000000000444e-01,2.438232557263120606e-04,1.162639883643684676e-10,2.762956124313817933e-08,2.772402084323637392e-08,1.000000000000000000e+00,2.404978130629831281e-13,1.003414486838465791e+00,2.762956022265994321e-08
1.638400000000000000e+04,8.000000000000000444e-01,2.672120072430514979e-04,1.274166141715295305e-10,3.027006247064347997e-08,3.038344819201729888e-08,1.000000000000000000e+00,2.880003420091089187e-13,1.003740180667286097e+00,3.027006184527721537e-08
1.638400000000000000e+04,8.000000000000000444e-01,2.928443252968807985e-04,1.396390558704761498e-10,3.316188534359735581e-08,3.329798117152316135e-08,1.000000000000000000e+00,3.451914022995092598e-13,1.004096595197168540e+00,3.316188471755523832e-08
1.638400000000000000e+04,8.000000000000000444e-01,3.209354240604218715e-04,1.530339355756863935e-10,3.632874600520426210e-08,3.649209079535664078e-08,1.000000000000000000e+00,4.144181711305030872e-13,1.004486838211754218e+00,3.632874547939255250e-08
1.638400000000000000e+04,8.000000000000000444e-01,3.517211621308476903e-04,1.677137194303739978e-10,3.979655884085977808e-08,3.999259545967358983e-08,1.000000000000000000e+00,4.977994687011595444e-13,1.004913934592465807e+00,3.979655851164468023e-08
1.638400000000000000e+04,8.000000000000000444e-01,3.854600228467883844e-04,1.838016618951742098e-10,4.359363187752116825e-08,4.382888611590917135e-08,1.000000000000000000e+00,5.957194685367608821e-13,1.005381200165402333e+00,4.359363165373763777e-08
1.638400000000000000e+04,8.000000000000000444e-01,4.224352845671877155e-04,2.014328406177462175e-10,4.775087905849088712e-08,4.803317304320348087e-08,1.000000000000000000e+00,7.158016668244415661e-13,1.005892813015087484e+00,4.775087779392220706e-08
1.638400000000000000e+04,8.000000000000000444e-01,4.629573991342067572e-04,2.207552905722650324e-10,5.230204317636800705e-08,5.264075629247764738e-08,1.000000000000000000e+00,8.559192167258757180e-13,1.006452423539357710e+00,5.230204331239671397e-08
1.638400000000000000e+04,8.000000000000000444e-01,5.073665984902360829e-04,2.419312469912701048e-10,5.728395522134813954e-08,5.769032207286408278e-08,1.000000000000000000e+00,1.027902897990618703e-12,1.007064464498974132e+00,5.728395435483961519e-08
1.638400000000000000e+04,8.000000000000000444e-01,5.560357513347118650e-04,2.651385075257834744e-10,6.273678218324078604e-08,6.322426756901264643e-08,1.000000000000000000e+00,1.232283737580317715e-12,1.007734113130986486e+00,6.273678189512487161e-08
1.638400000000000000e+04,8.000000000000000444e-01,6.093734938057951585e-04,2.905719250706649582e-10,6.870432636788219392e-08,6.928905691650354283e-08,1.000000000000000000e+00,1.475103216657657430e-12,1.008466157127529073e+00,6.870432650745270955e-08
1.638400000000000000e+04,8.000000000000000444e-01,6.678276604727734385e-04,3.184450437892787163e-10,7.523432382542261316e-08,7.593561132421107625e-08,1.000000000000000000e+00,1.767922124568541722e-12,1.009266569461260588e+00,7.523432370562314354e-08
1.638400000000000000e+04,8.000000000000000444e-01,7.318890444464832765e-04,3.489918920738617308e-10,8.237877031220857430e-08,8.321973661916357000e-08,1.000000000000000000e+00,2.118147045066982533e-12,1.010141503360429738e+00,8.237877061598357360e-08
1.638400000000000000e+04,8.000000000000000444e-01,8.020955181784120277e-04,3.824689474956569804e-10,9.019427389809347423e-08,9.120259180365396619e-08,1.000000000000000000e+00,2.535979963668177584e-12,1.011097582153389851e+00,9.019427462548586318e-08
1.638400000000000000e+04,8.000000000000000444e-01,8.790365495475579907e-04,4.191572902429380372e-10,9.874242267286957352e-08,9.995120255870308851e-08,1.000000000000000000e+00,3.035638522254916455e-12,1.012142035654179040e+00,9.874242448160557081e-08
1.638400000000000000e+04,8.000000000000000444e-01,9.633581511530163064e-04,4.593649631276208431e-10,1.080901817626928760e-07,1.095390240053532417e-07,1.000000000000000000e+00,3.631907588759523686e-12,1.013282695937114397e+00,1.080901841105417994e-07
1.638400000000000000e+04,8.000000000000000444e-01,1.055768304367584853e-03,5.034295579755710853e-10,1.183103063338418534e-07,1.200465574488536087e-07,1.000000000000000000e+00,4.345412693613525599e-12,1.014528166521486696e+00,1.183103091578435189e-07
1.638400000000000000e+04,8.000000000000000444e-01,1.157042903693830975e-03,5.517210501164584039e-10,1.294817812419730343e-07,1.315620262840450464e-07,1.000000000000000000e+00,5.197710783602221681e-12,1.015887443616023234e+00,1.294817859350374291e-07
1.638400000000000000e+04,8.000000000000000444e-01,1.268032271332651109e-03,6.046449047721152824e-10,1.416902864387199197e-07,1.441821167369846111e-07,1.000000000000000000e+00,6.213569472006559629e-12,1.017370408351482070e+00,1.416902920709070543e-07
1.638400000000000000e+04,8.000000000000000444e-01,1.389668296661983977e-03,6.626454814252776991e-10,1.550286694839141795e-07,1.580127896622290482e-07,1.000000000000000000e+00,7.423132392755241062e-12,1.018987658193815093e+00,1.550286777113431108e-07
1.638400000000000000e+04,8.000000000000000444e-01,1.522972260570175720e-03,7.262097647524717905e-10,1.695974553615318625e-07,1.731701702117904401e-07,1.000000000000000000e+00,8.867141054359600407e-12,1.020750524896008926e+00,1.695974655828801897e-07
1.638400000000000000e+04,8.000000000000000444e-01,1.669063410338705433e-03,7.958714534467246211e-10,1.855053536313672176e-07,1.897815228456073492e-07,1.000000000000000000e+00,1.058526027568535370e-11,1.022671197052972047e+00,1.855053676297089102e-07
1.638400000000000000e+04,8.000000000000000444e-01,1.829168357070743572e-03,8.722154412606923926e-10,2.028697975554403407e-07,2.079863198699187050e-07,1.000000000000000000e+00,1.262962047631387374e-11,1.024762648650096253e+00,2.028698152522269630e-07
1.638400000000000000e+04,8.000000000000000444e-01,2.004631374568273741e-03,9.558827278939598757e-10,2.218174761193288765e-07,2.279374124752075564e-07,1.000000000000000000e+00,1.505954163114510902e-11,1.027038784892944534e+00,2.218174994207668894e-07
1.638400000000000000e+04,8.000000000000000444e-01,2.196925686129212220e-03,1.047575800957304106e-09,2.424848855938355527e-07,2.498023141059830949e-07,1.000000000000000000e+00,1.794702121978992405e-11,1.029514299166834235e+00,2.424849161193124556e-07
1.638400000000000000e+04,8.000000000000000444e-01,2.407665834030833351e-03,1.148064534202019382e-09,2.650188713271576954e-07,2.737646069378426250e-07,1.000000000000000000e+00,2.137304244366388675e-11,1.032204800808870004e+00,2.650189117049433759e-07
1.638400000000000000e+04,8.000000000000000444e-01,2.638621235556193757e-03,1.258192651537033919e-09,2.895771695375904543e-07,3.000254832708795417e-07,1.000000000000000000e+00,2.543423798930887490e-11,1.035126796914482838e+00,2.895772218705675001e-07
1.638400000000000000e+04,8.000000000000000444e-01,2.891731039382657974e-03,1.378884811106995570e-09,3.163289286787282981e-07,3.288054347812846596e-07,1.000000000000000000e+00,3.024156706592272461e-11,1.038297666498237959e+00,3.163289970007007499e-07
1.638400000000000000e+04,8.000000000000000444e-01,3.169120407069885709e-03,1.511154368910734991e-09,3.454552165944960907e-07,3.603461038144516852e-07,1.000000000000000000e+00,3.593053241536021664e-11,1.041735562133965232e+00,3.454553058514120414e-07
1.638400000000000000e+04,8.000000000000000444e-01,3.473118356349945510e-03,1.656111887145016437e-09,3.771494930359871736e-07,3.949123122634187263e-07,1.000000000000000000e+00,4.264853427080568122e-11,1.045459465216524109e+00,3.771496087148489226e-07
1.638400000000000000e+04,8.000000000000000444e-01,3.806277316035390837e-03,1.814974458711333674e-09,4.116180413229505449e-07,4.327942850675144343e-07,1.000000000000000000e+00,5.057333258208053843e-11,1.049489110658537783e+00,4.116181906050759490e-07
1.638400000000000000e+04,8.000000000000000444e-01,4.171394556732410316e-03,1.989075926176266821e-09,4.490803502682384410e-07,4.743100870001713270e-07,1.000000000000000000e+00,5.990868119398075313e-11,1.053844760805098701e+00,4.490805445939797465e-07
1.638400000000000000e+04,8.000000000000000444e-01,4.571535677295603985e-03,2.179878080985834114e-09,4.897694454771393462e-07,5.198082932056624541e-07,1.000000000000000000e+00,7.088738624639638966e-11,1.058547257652321605e+00,4.897696953102544337e-07
1.638400000000000000e+04,8.000000000000000444e-01,5.010060344221536031e-03,2.388982936964767471e-09,5.339321300536575930e-07,5.696709159071434631e-07,1.000000000000000000e+00,8.377764441554386529e-11,1.063617809591324459e+00,5.339324528725799553e-07
1.638400000000000000e+04,8.000000000000000444e-01,5.490650500094119459e-03,2.618146181151447038e-09,5.818291729055360606e-07,6.243166118592211257e-07,1.000000000000000000e+00,9.888618088476086079e-11,1.069077743324829299e+00,5.818295882417801057e-07
1.638400000000000000e+04,8.000000000000000444e-01,6.017341277925870521e-03,2.869291914904532681e-09,6.337353895810436492e-07,6.842041974754937274e-07,1.000000000000000000e+00,1.165613935201504840e-10,1.074948459846702065e+00,6.337359222219269065e-07
1.638400000000000000e+04,8.000000000000000444e-01,6.594554880958082392e-03,3.144528809050599285e-09,6.899396387302824320e-07,7.498365011447850980e-07,1.000000000000000000e+00,1.371968362093397782e-10,1.081251022457273336e+00,6.899403221788384066e-07
1.638400000000000000e+04,8.000000000000000444e-01,7.227137712381521625e-03,3.446167808714638531e-09,7.507447297502262001e-07,8.217645850808915177e-07,1.000000000000000000e+00,1.612416823418581394e-10,1.088005986183393503e+00,7.507456030148834348e-07
1.638400000000000000e+04,8.000000000000000444e-01,7.920401066726539749e-03,3.776741536486883044e-09,8.164672176327518437e-07,9.005923721533743416e-07,1.000000000000000000e+00,1.891905141643396890e-10,1.095233064600041217e+00,8.164683320467037448e-07
1.638400000000000000e+04,8.000000000000000444e-01,8.680165724575772748e-03,4.139025556838880896e-09,8.874371249838138996e-07,9.869817165472093223e-07,1.000000000000000000e+00,2.216058424996600403e-10,1.102950806902864400e+00,8.874385411392306295e-07
1.638400000000000000e+04,8.000000000000000444e-01,9.512810825025535752e-03,4.536061680329101444e-09,9.639975556866804264e-07,1.081657960825563333e-06,1.000000000000000000e+00,2.591043248529043825e-10,1.111176214200035872e+00,9.639993536652987315e-07
1.638400000000000000e+04,8.000000000000000444e-01,1.042532742623940474e-02,4.971183503265097018e-09,1.046504262381846326e-06,1.185416026053967242e-06,1.000000000000000000e+00,3.023686479016351002e-10,1.119924335890043920e+00,1.046506538438036372e-06
1.638400000000000000e+04,8.000000000000000444e-01,1.142537720379901978e-02,5.448044397258291138e-09,1.135325133124709895e-06,1.299127086119779966e-06,2.000000000000000000e+00,6.601955761007383137e-16,1.129207931908581486e+00,1.135328007497411640e-06
1.638400000000000000e+04,8.000000000000000444e-01,1.252135677969572723e-02,5.970648183677543274e-09,1.230839661169984177e-06,1.423745882285918954e-06,2.000000000000000000e+00,1.088160232183427035e-15,1.139037038821303582e+00,1.230843279264780499e-06
1.638400000000000000e+04,8.000000000000000444e-01,1.372246822208200018e-02,6.543382750550270165e-09,1.333438391665661853e-06,1.560318739393302825e-06,2.000000000000000000e+00,6.806943499409618754e-16,1.149418601140883567e+00,1.333442932811335487e-06
1.638400000000000000e+04,8.000000000000000444e-01,1.503879630771337572e-02,7.171056894165695058e-09,1.443522399435553518e-06,1.709992351017722927e-06,2.000000000000000000e+00,4.966438160665367130e-16,1.160356050842011655e+00,1.443528082499712421e-06
1.638400000000000000e+04,8.000000000000000444e-01,1.648139319579197681e-02,7.858940694709766776e-09,1.561502816502270895e-06,1.874023407343098179e-06,2.000000000000000000e+00,4.628454893182380468e-16,1.171849030638401956e+00,1.561509904740686618e-06
1.638400000000000000e+04,8.000000000000000444e-01,1.806237122415018173e-02,8.612809764933672777e-09,1.687800435996158341e-06,2.053789146588665818e-06,2.000000000000000000e+00,6.364077516366142530e-16,1.183893065761491670e+00,1.687809249785366778e-06
1.638400000000000000e+04,8.000000000000000444e-01,1.979500460691064473e-02,9.438993743377039303e-09,1.822845449293833561e-06,2.250798918582102856e-06,2.000000000000000000e+00,5.942168252251689067e-16,1.196479343998795741e+00,1.822856371144556519e-06
1.638400000000000000e+04,8.000000000000000444e-01,2.169384088749677295e-02,1.034442943930472038e-08,1.967077313722002364e-06,2.466706857568672322e-06,2.000000000000000000e+00,4.879543647333699186e-16,1.209594568938626935e+00,1.967090803287904773e-06
1.638400000000000000e+04,8.000000000000000444e-01,2.377482308277551262e-02,1.133671907557273513e-08,2.120944812111222438e-06,2.703325770659847251e-06,2.000000000000000000e+00,8.638031297781345299e-16,1.223220883230279554e+00,2.120961414744797873e-06
1.638400000000000000e+04,8.000000000000000444e-01,2.605542354388019205e-02,1.242419411844262698e-08,2.284906294429965882e-06,2.962642358531729527e-06,2.000000000000000000e+00,6.707866251016095405e-16,1.237335898434125170e+00,2.284926658757154559e-06
1.638400000000000000e+04,8.000000000000000444e-01,2.855479065763602553e-02,1.361598523027230526e-08,2.459430147684757844e-06,3.246833896169328783e-06,2.000000000000000000e+00,6.558333016341422732e-16,1.251912805203318158e+00,2.459455037498024216e-06
1.638400000000000000e+04,8.000000000000000444e-01,3.129390962032280871e-02,1.492209893242016254e-08,2.644995477211450855e-06,3.558286513711574993e-06,2.000000000000000000e+00,5.951133208910612025e-16,1.266920634022959291e+00,2.645025788952736765e-06
1.638400000000000000e+04,8.000000000000000444e-01,3.429577863366507079e-02,1.635350162204030551e-08,2.842093013569100081e-06,3.899615230886871749e-06,2.000000000000000000e+00,6.575787264684043859e-16,1.282324541408168983e+00,2.842129798317566795e-06
1.638400000000000000e+04,8.000000000000000444e-01,3.758560200242637428e-02,1.792221164819067682e-08,3.051226246813467388e-06,4.273685913252310243e-06,2.000000000000000000e+00,8.072479495302412460e-16,1.298086222065020223e+00,3.051270728688497628e-06
1.638400000000000000e+04,8.000000000000000444e-01,4.119100175489534554e-02,1.964140022034423139e-08,3.272912760617310150e-06,4.683639334585705598e-06,2.000000000000000000e+00,9.361562288002177999e-16,1.314164418997918915e+00,3.272966359356073049e-06
1.638400000000000000e+04,8.000000000000000444e-01,4.514224956307098108e-02,2.152550199655102781e-08,3.507685758244664728e-06,5.132917547463050713e-06,2.000000000000000000e+00,6.690508303703883818e-16,1.330515473301932872e+00,3.507750114592413775e-06
1.638400000000000000e+04,8.000000000000000444e-01,4.947252090979779859e-02,2.359033627977266245e-08,3.756095756399163622e-06,5.625292783434309293e-06,2.000000000000000000e+00,4.783038694205176641e-16,1.347093905687710702e+00,3.756172761714438735e-06
1.638400000000000000e+04,8.000000000000000444e-01,5.421817363688958419e-02,2.585323983997801980e-08,4.018712431848319638e-06,6.164899125449273207e-06,2.000000000000000000e+00,7.467996022310908256e-16,1.363853057863916973e+00,4.018804254609277509e-06
1.638400000000000000e+04,8.000000000000000444e-01,5.941905321298743964e-02,2.833321247720119459e-08,4.296126575527600504e-06,6.756267218461490120e-06,2.000000000000000000e+00,8.414338717291756507e-16,1.380745723539071435e+00,4.296235697859065735e-06
1.638400000000000000e+04,8.000000000000000444e-01,6.511882728424513156e-02,3.105107654773956850e-08,4.588952155901831535e-06,7.404362309647797419e-06,2.000000000000000000e+00,1.013034609925714520e-15,1.397724759889889867e+00,4.589081407023571052e-06
1.638400000000000000e+04,8.000000000000000444e-01,7.136535231679698443e-02,3.402965179290627691e-08,4.897828445399695884e-06,8.114625937636817742e-06,2.000000000000000000e+00,1.125207298280349184e-15,1.414743688961991097e+00,4.897981042347544392e-06
1.638400000000000000e+04,8.000000000000000444e-01,7.821107540941182878e-02,3.729394693823424758e-08,5.223422205481748945e-06,8.893021620777543523e-06,2.000000000000000000e+00,6.794496562336582427e-16,1.431757229044873014e+00,5.223601795899076454e-06
1.638400000000000000e+04,8.000000000000000444e-01,8.571347465003653632e-02,4.087136967183901611e-08,5.566429908138801006e-06,9.746084928056293088e-06,2.000000000000000000e+00,1.143857969581569228e-15,1.448721794771742566e+00,5.566640615618536324e-06
1.638400000000000000e+04,8.000000000000000444e-01,9.393554171355038285e-02,4.479195676496047156e-08,5.927579975170300738e-06,1.068097835306745901e-05,2.000000000000000000e+00,8.540229478978370331e-16,1.465595907810005372e+00,5.927826453658670978e-06
1.638400000000000000e+04,8.000000000000000444e-01,1.029463107527215648e-01,4.908862626682356112e-08,6.307635042349819765e-06,1.170555145177131706e-05,2.000000000000000000e+00,8.334704847730594338e-16,1.482340538191209589e+00,6.307922530440407561e-06
1.638400000000000000e+04,8.000000000000000444e-01,1.128214380230389557e-01,5.379745389129588878e-08,6.707394227162940192e-06,1.282840674896742702e-05,2.000000000000000000e+00,9.420402975697218592e-16,1.498919384410026368e+00,6.707728609789710074e-06
1.638400000000000000e+04,8.000000000000000444e-01,1.236438371080713083e-01,5.895797591594281594e-08,7.127695409001234268e-06,1.405897196684824393e-05,2.000000000000000000e+00,7.883336579392916558e-16,1.515299074138248159e+00,7.128083284167436730e-06
1.638400000000000000e+04,8.000000000000000444e-01,1.355043750788340884e-01,6.461352113668159885e-08,7.569417515597063372e-06,1.540757918207845024e-05,2.000000000000000000e+00,9.198964604748065685e-16,1.531449275894615880e+00,7.569866272221687776e-06
1.638400000000000000e+04,8.000000000000000444e-01,1.485026354322575293e-01,7.081157466519237960e-08,8.033482839682348927e-06,1.688555157601870360e-05,2.000000000000000000e+00,1.348422060294590000e-15,1.547342768976402994e+00,8.034000733604106949e-06
1.638400000000000000e+04,8.000000000000000444e-01,1.627477542145474854e-01,7.760417662360548275e-08,8.520859361004526849e-06,1.850529850646692010e-05,2.000000000000000000e+00,1.089283603323973661e-15,1.562955449251964168e+00,8.521455608170601300e-06
1.638400000000000000e+04,8.000000000000000444e-01,1.783593363496994433e-01,8.504835908398601688e-08,9.032563117223338516e-06,2.028041969915856058e-05,2.000000000000000000e+00,1.189647242516491943e-15,1.578266277390863337e+00,9.033247988345094120e-06
1.638400000000000000e+04,8.000000000000000444e-01,1.954684598668437190e-01,9.320662492124734830e-08,9.569660602374866352e-06,2.222581943383869344e-05,2.000000000000000000e+00,8.835859530252560972e-16,1.593257185555980726e+00,9.570445534606385055e-06
1.638400000000000000e+04,8.000000000000000444e-01,2.142187764581251208e-01,1.021474726000428776e-07,1.013327123553885185e-05,2.435783168363603006e-05,2.000000000000000000e+00,1.519472656254675314e-15,1.607912956656122105e+00,1.013416894482411170e-05
1.638400000000000000e+04,8.000000000000000444e-01,2.347677176076235495e-01,1.119459713018529651e-07,1.072456987395533127e-05,2.669435725843440288e-05,2.000000000000000000e+00,1.069419807708379744e-15,1.622221082264434955e+00,1.072559448859251201e-05
1.638400000000000000e+04,8.000000000000000444e-01,2.572878164182157423e-01,1.226843912211493217e-07,1.134478941500365540e-05,2.925501410372491904e-05,2.000000000000000000e+00,1.445865501443376812e-15,1.636171577892929108e+00,1.134595661786452666e-05
1.638400000000000000e+04,8.000000000000000444e-01,2.819681562347133852e-01,1.344528943227354933e-07,1.199522348171894790e-05,3.206130201687945196e-05,2.000000000000000000e+00,8.481332410295619377e-16,1.649756810627600601e+00,1.199655066514567751e-05
1.638400000000000000e+04,8.000000000000000444e-01,3.090159582262078652e-01,1.473502913600005461e-07,1.267722920250879680e-05,3.513678316383635062e-05,2.000000000000000000e+00,8.249915862973394751e-16,1.662971312205998586e+00,1.267873564033002347e-05
1.638400000000000000e+04,8.000000000000000444e-01,3.386583212572911172e-01,1.614848715101676546e-07,1.339223010106251368e-05,3.850727991185368072e-05,2.000000000000000000e+00,1.080037349280812451e-15,1.675811587659753243e+00,1.339393713700558886e-05
1.638400000000000000e+04,8.000000000000000444e-01,3.711441286564589048e-01,1.769753115923208737e-07,1.414171910356401553e-05,4.220109163937339471e-05,2.000000000000000000e+00,9.599507897306917662e-16,1.688275926615414591e+00,1.414365035876864293e-05
1.638400000000000000e+04,8.000000000000000444e-01,4.067461378913221903e-01,1.939516725021944954e-07,1.492726167653715155e-05,4.624923234337732292e-05,2.000000000000000000e+00,1.261677348724730130e-15,1.700364224895196230e+00,1.492944327580070799e-05
1.638400000000000000e+04,8.000000000000000444e-01,4.457632706959641089e-01,2.125564912299938721e-07,1.575049909710646084e-05,5.068569103923453592e-05,2.000000000000000000e+00,1.197739574522163965e-15,1.712077802174473362e+00,1.575295992170501133e-05
1.638400000000000000e+04,8.000000000000000444e-01,4.885231228788090574e-01,2.329459776300473487e-07,1.661315188410274931e-05,5.554771713940923945e-05,2.000000000000000000e+00,1.169481340055266785e-15,1.723419243233100140e+00,1.661592384038896060e-05
1.638400000000000000e+04,8.000000000000000444e-01,5.353847148838775105e-01,2.552913259906184723e-07,1.751702336692842309e-05,6.087613320712871563e-05,2.000000000000000000e+00,9.824786204819934156e-16,1.734392242105789350e+00,1.752014169262954815e-05
1.638400000000000000e+04,8.000000000000000444e-01,5.867415061996955616e-01,2.797801524160840805e-07,1.846400344104189324e-05,6.671567771095444053e-05,2.000000000000000000e+00,8.265391214912916233e-16,1.745001452412702214e+00,1.846750703187292631e-05
1.638400000000000000e+04,8.000000000000000444e-01,6.430246989254391199e-01,3.066180700900264358e-07,1.945607248431300375e-05,7.311538065809221267e-05,2.000000000000000000e+00,1.149093231763407551e-15,1.755252359940500106e+00,1.946000425880404011e-05
1.638400000000000000e+04,8.000000000000000444e-01,7.047068582317487229e-01,3.360304156454795470e-07,2.049530546801134518e-05,8.012897526033757839e-05,2.000000000000000000e+00,1.521992269563230882e-15,1.765151157265374859e+00,2.049971276427562847e-05
1.638400000000000000e+04,8.000000000000000444e-01,7.723058801143265484e-01,3.682641411372788183e-07,2.158387625622157745e-05,8.781534908908608715e-05,2.000000000000000000e+00,1.733347280510058085e-15,1.774704632140304161e+00,2.158881127030521085e-05
1.638400000000000000e+04,8.000000000000000444e-01,8.463893397543975627e-01,4.035898875019061865e-07,2.272406211679142782e-05,9.623903850739919867e-05,2.000000000000000000e+00,1.726859293912407872e-15,1.783920068095122824e+00,2.272958237903314330e-05
1.638400000000000000e+04,8.000000000000000444e-01,9.275792569957361788e-01,4.423042569140129942e-07,2.391824843760880686e-05,1.054707705304762887e-04,2.000000000000000000e+00,1.432478879632154517e-15,1.792805158400007093e+00,2.392441733977750289e-05
1.638400000000000000e+04,8.000000000000000444e-01,1.016557318950199962e+00,4.847323031188010987e-07,2.516893366953986891e-05,1.155880566641062602e-04,2.000000000000000000e+00,1.204175870841315156e-15,1.801367915849312329e+00,2.517582104462285901e-05
1.638400000000000000e+04,8.000000000000000444e-01,1.114070603581824859e+00,5.312302606495975774e-07,2.647873451292040220e-05,1.266758437070871076e-04,2.000000000000000000e+00,1.498441997784340164e-15,1.809616606715528153e+00,2.648641726333039774e-05
1.638400000000000000e+04,8.000000000000000444e-01,1.220937852325840511e+00,5.821885358456804807e-07,2.785039133163102280e-05,1.388272269818806423e-04,2.000000000000000000e+00,1.371298774675488105e-15,1.817559685311425310e+00,2.785895412875734236e-05
1.638400000000000000e+04,8.000000000000000444e-01,1.338056344408827814e+00,6.380349847835673397e-07,2.928677384273898997e-05,1.521442319819363450e-04,2.000000000000000000e+00,1.222675577758353118e-15,1.825205735794629192e+00,2.929630988442030119e-05
1.638400000000000000e+04,8.000000000000000444e-01,1.466409430588203167e+00,6.992385056439414819e-07,3.079088705597046130e-05,1.667386709985535021e-04,2.000000000000000000e+00,1.131469526439477398e-15,1.832563423615300113e+00,3.080149890632394674e-05
1.638400000000000000e+04,8.000000000000000444e-01,1.607074789565813067e+00,7.663129756764474233e-07,3.236587750922364977e-05,1.827330819196924653e-04,2.000000000000000000e+00,1.174155434439352972e-15,1.839641449941765483e+00,3.237767801170563604e-05
1.638400000000000000e+04,8.000000000000000444e-01,1.761233476398221365e+00,8.398215658179385017e-07,3.401503978238493170e-05,2.002617570830863257e-04,2.000000000000000000e+00,1.040276045216018847e-15,1.846448517238691522e+00,3.402815306791404326e-05
1.638400000000000000e+04,8.000000000000000444e-01,1.930179838875967446e+00,9.203814691905820114e-07,3.574182332411644591e-05,2.194718708221120112e-04,2.000000000000000000e+00,1.308105631186542123e-15,1.852993289016898082e+00,3.575638591524428115e-05
1.638400000000000000e+04,8.000000000000000444e-01,2.115332385131705628e+00,1.008669083181240858e-06,3.754983960230513632e-05,2.405247151715217380e-04,2.000000000000000000e+00,1.246319245219410857e-15,1.859284366536819277e+00,3.756600161819360179e-05
1.638400000000000000e+04,8.000000000000000444e-01,2.318245693723945955e+00,1.105425688611958482e-06,3.944286957376638632e-05,2.635970541082798858e-04,2.000000000000000000e+00,1.352865158750039557e-15,1.865330264602260257e+00,3.946079606027984754e-05
1.638400000000000000e+04,8.000000000000000444e-01,2.540623466195830460e+00,1.211463673684993010e-06,4.142487151498574328e-05,2.888826076979807665e-04,2.000000000000000000e+00,1.140318545470029976e-15,1.871139387285964517e+00,4.144474389827923754e-05
1.638400000000000000e+04,8.000000000000000444e-01,2.784332831700951250e+00,1.327673354959941506e-06,4.349998920949883758e-05,3.165936786080503912e-04,2.000000000000000000e+00,1.107350850707409816e-15,1.876720010986563381e+00,4.352200689249138691e-05
1.638400000000000000e+04,8.000000000000000444e-01,3.051420023800676340e+00,1.455030452633226557e-06,4.567256052126555059e-05,3.469629346442586648e-04,2.000000000000000000e+00,1.118318234412749380e-15,1.882080270777413133e+00,4.569694263042756209e-05
1.638400000000000000e+04,8.000000000000000444e-01,3.344127561058676257e+00,1.594604282883966568e-06,4.794712635586427556e-05,3.802453622770935533e-04,2.000000000000000000e+00,1.371111253964470059e-15,1.887228147421234681e+00,4.797411366214691968e-05
1.638400000000000000e+04,8.000000000000000444e-01,3.664913075684390620e+00,1.747566736070819197e-06,5.032844004686530320e-05,4.167204075601997626e-04,2.000000000000000000e+00,1.827733834562935481e-15,1.892171456417464981e+00,5.035829706632998501e-05
1.638400000000000000e+04,8.000000000000000444e-01,4.016469948314495220e+00,1.915202116162536249e-06,5.282147716655437823e-05,4.566943224164609900e-04,2.000000000000000000e+00,1.545713169904241996e-15,1.896917841608525279e+00,5.285449446708848927e-05
1.638400000000000000e+04,8.000000000000000444e-01,4.401749922186326103e+00,2.098917924016154338e-06,5.543144579393525953e-05,5.005027359916371012e-04,2.000000000000000000e+00,1.097050789565395429e-15,1.901474768172120022e+00,5.546794252245900835e-05
1.638400000000000000e+04,8.000000000000000444e-01,4.823987886576423634e+00,2.300256675041400735e-06,5.816379725162916742e-05,5.485134726651590045e-04,2.000000000000000000e+00,1.829530941042492504e-15,1.905849518396316000e+00,5.820412390652417438e-05
1.638400000000000000e+04,8.000000000000000444e-01,5.286729037590932379e+00,2.520908850474802198e-06,6.102423733839542106e-05,6.011296403786680047e-04,2.000000000000000000e+00,1.247050740703508803e-15,1.910049186994502435e+00,6.106877880814326617e-05
1.638400000000000000e+04,8.000000000000000444e-01,5.793858644355522891e+00,2.762727091005097814e-06,6.401873807867576908e-05,6.587930152125499352e-04,2.000000000000000000e+00,1.908785336099533708e-15,1.914080681276029594e+00,6.406791697036532936e-05
1.638400000000000000e+04,8.000000000000000444e-01,6.349634670527741775e+00,3.027741751922484291e-06,6.715355000169059320e-05,7.219877506280482143e-04,2.000000000000000000e+00,2.244194204916456396e-15,1.917950718370729390e+00,6.720783029573541346e-05
1.638400000000000000e+04,8.000000000000000444e-01,6.958723525028762680e+00,3.318177950395947780e-06,7.043521499637695599e-05,7.912444425185215843e-04,2.000000000000000000e+00,1.673409551917124671e-15,1.921665826423698320e+00,7.049510604389688459e-05
1.638400000000000000e+04,8.000000000000000444e-01,7.626239242164785104e+00,3.636474248011009743e-06,7.387057973428567883e-05,8.671445842008224060e-04,2.000000000000000000e+00,2.384609927518473863e-15,1.925232346065378408e+00,7.393664064913739627e-05
1.638400000000000000e+04,8.000000000000000444e-01,8.357786420102614855e+00,3.985303125430400302e-06,7.746680972095974988e-05,9.503254487518426712e-04,2.000000000000000000e+00,1.946912514136002320e-15,1.928656429786315130e+00,7.753965418683616238e-05
1.638400000000000000e+04,8.000000000000000444e-01,9.159507278219543025e+00,4.367593421087047112e-06,8.123140397681565840e-05,1.041485439683308405e-03,2.000000000000000000e+00,1.637225775510922482e-15,1.931944045432000934e+00,8.131170551912765174e-05
1.638400000000000000e+04,8.000000000000000444e-01,1.003813322843044098e+01,4.786554922309132089e-06,8.517221039030952086e-05,1.141389954880160651e-03,2.000000000000000000e+00,1.801248180408636028e-15,1.935100978670735827e+00,8.526070815153255131e-05
1.638400000000000000e+04,8.000000000000000444e-01,1.100104139349578958e+01,5.245705315349478520e-06,8.929744176220096659e-05,1.250877813037381192e-03,2.000000000000000000e+00,1.222325506366280962e-15,1.938132837514952911e+00,8.939494683379358450e-05
1.638400000000000000e+04,8.000000000000000444e-01,1.205631654684973064e+01,5.748899720597138711e-06,9.361569257484314175e-05,1.370868296552924491e-03,2.000000000000000000e+00,1.446908667128933557e-15,1.941045054175102536e+00,9.372309493972769373e-05
1.638400000000000000e+04,8.000000000000000444e-01,1.321281899400738347e+01,6.300363060954753621e-06,9.813595652666163725e-05,1.502368870010292994e-03,2.000000000000000000e+00,1.650397914145147860e-15,1.943842889196144341e+00,9.825423266253150508e-05
1.638400000000000000e+04,8.000000000000000444e-01,1.448025896549793501e+01,6.904725535153357987e-06,1.028676448480203754e-04,1.646483639056759351e-03,2.000000000000000000e+00,1.535392758176602827e-15,1.946531436370289470e+00,1.029978660636990043e-04
1.638400000000000000e+04,8.000000000000000444e-01,1.586927814594162278e+01,7.567061493845759765e-06,1.078206054466693698e-04,1.804422620699683028e-03,2.000000000000000000e+00,1.883730720203649385e-15,1.949115626953521030e+00,1.079639470155025936e-04
1.638400000000000000e+04,8.000000000000000444e-01,1.739153902380505912e+01,8.292932044889955099e-06,1.130051429070081737e-04,1.977511902856187755e-03,2.000000000000000000e+00,2.263364330040645438e-15,1.951600233608903778e+00,1.131628940788526050e-04
1.638400000000000000e+04,8.000000000000000444e-01,1.905982281203421635e+01,9.088431745545490434e-06,1.184320393940701529e-04,2.167204778457910812e-03,2.000000000000000000e+00,1.562974905557414380e-15,1.953989876273784176e+00,1.186056143603385425e-04
1.638400000000000000e+04,8.000000000000000444e-01,2.088813676172629741e+01,9.960239773619793610e-06,1.241125764758513827e-04,2.375093947595000293e-03,2.000000000000000000e+00,2.424617254089156393e-15,1.956289026605915637e+00,1.243035263942835009e-04
1.638400000000000000e+04,8.000000000000000444e-01,2.289183176986800206e+01,1.091567600720787146e-05,1.300585579362622754e-04,2.602924890151045272e-03,2.000000000000000000e+00,2.649442150604653130e-15,1.958502012473914533e+00,1.302685840978147459e-04
1.638400000000000000e+04,8.000000000000000444e-01,2.508773126859933811e+01,1.196276248388258844e-05,1.362823335861663065e-04,2.852610521208387429e-03,2.000000000000000000e+00,3.707110213960336906e-15,1.960633024257809609e+00,1.365133018492021265e-04
1.638400000000000000e+04,8.000000000000000444e-01,2.749427247818212194e+01,1.311029075535875413e-05,1.427968241386308402e-04,3.126247252273415232e-03,2.000000000000000000e+00,2.508099354353027155e-15,1.962686118286278258e+00,1.430507807420573025e-04
1.638400000000000000e+04,8.000000000000000444e-01,3.013166120966374706e+01,1.436789570315539697e-05,1.496155471852381972e-04,3.426132593175385248e-03,2.000000000000000000e+00,2.500632631282775878e-15,1.964665223348809775e+00,1.498947360704840494e-04
1.638400000000000000e+04,8.000000000000000444e-01,3.302204151698960999e+01,1.574613643502693653e-05,1.567526443067918313e-04,3.754784442427739569e-03,2.000000000000000000e+00,2.649333666468084473e-15,1.966574145918826844e+00,1.570595261028268595e-04
1.638400000000000000e+04,8.000000000000000444e-01,3.618968162299852054e+01,1.725658494138647105e-05,1.642229093846633034e-04,4.114962228017801475e-03,2.000000000000000000e+00,2.829368253178114282e-15,1.968416574007498809e+00,1.645601822043782228e-04
1.638400000000000000e+04,8.000000000000000444e-01,3.966117768037354097e+01,1.891192325609852837e-05,1.720418181515364297e-04,4.509690076127213267e-03,2.000000000000000000e+00,2.165902610022355800e-15,1.970196083545801002e+00,1.724124403722422411e-04
1.638400000000000000e+04,8.000000000000000444e-01,4.346567707836666727e+01,2.072604993742307056e-05,1.802255590230216430e-04,4.942282202312407377e-03,2.000000000000000000e+00,3.600271055407398767e-15,1.971916143596637028e+00,1.806327742485058720e-04
1.638400000000000000e+04,8.000000000000000444e-01,4.763512317022713916e+01,2.271419676314694364e-05,1.887910652774313575e-04,5.416370738334757261e-03,2.000000000000000000e+00,2.324369861621688151e-15,1.973580120655000769e+00,1.892384296809753634e-04
1.638400000000000000e+04,8.000000000000000444e-01,5.220452347611232824e+01,2.489305661969772732e-05,1.977560486279730085e-04,5.935936228279860456e-03,2.000000000000000000e+00,4.389042900329798578e-15,1.975191284037926209e+00,1.982474609039782331e-04
1.638400000000000000e+04,8.000000000000000444e-01,5.721224361337088737e+01,2.728092365902466172e-05,2.071390342423443760e-04,6.505341050017989304e-03,2.000000000000000000e+00,3.670217809123560061e-15,1.976752811299327561e+00,2.076787684151437836e-04
1.638400000000000000e+04,8.000000000000000444e-01,6.270032942209429194e+01,2.989784690003122899e-05,2.169593972638993694e-04,7.129366042618799811e-03,2.000000000000000000e+00,3.784070931535407119e-15,1.978267793246601514e+00,2.175521386276091005e-04
1.638400000000000000e+04,8.000000000000000444e-01,6.871485999056964999e+01,3.276579856422884464e-05,2.272374008966294577e-04,7.813250647251690495e-03,2.000000000000000000e+00,3.539983231091018492e-15,1.979739238016804848e+00,2.278882853808544839e-04
1.638400000000000000e+04,8.000000000000000444e-01,7.530633454470704180e+01,3.590885855899192896e-05,2.379942361180694852e-04,8.562736898602926056e-03,2.000000000000000000e+00,4.808913895457191800e-15,1.981170077135033125e+00,2.387088933972333546e-04
1.638400000000000000e+04,8.000000000000000444e-01,8.253009644984574322e+01,3.935341665737425958e-05,2.492520630550144347e-04,9.384117636170649993e-03,2.000000000000000000e+00,4.791164440825490405e-15,1.982563169931182756e+00,2.500366637753878747e-04
1.638400000000000000e+04,8.000000000000000444e-01,9.044679788494065065e+01,4.312839407202751667e-05,2.610340541263317209e-04,1.028428934022916977e-02,2.000000000000000000e+00,4.574877793787688326e-15,1.983921307972508430e+00,2.618953616159733840e-04
1.638400000000000000e+04,8.000000000000000444e-01,9.912290909063385413e+01,4.726548628360455233e-05,2.733644389728697257e-04,1.127081003608467087e-02,2.000000000000000000e+00,5.267029664995282590e-15,1.985247220582820660e+00,2.743098658796146237e-04
1.638400000000000000e+04,8.000000000000000444e-01,1.086312764669580559e+02,5.179942916248228834e-05,2.862685512709855161e-04,1.235196275279787544e-02,2.000000000000000000e+00,6.533045259647588216e-15,1.986543579074897536e+00,2.873062215816943755e-04
1.638400000000000000e+04,8.000000000000000444e-01,1.190517342065753610e+02,5.676829061821716356e-05,2.997728774766002940e-04,1.353682506918617127e-02,2.000000000000000000e+00,5.886775175012186974e-15,1.987813001675675650e+00,3.009116944334718326e-04
1.638400000000000000e+04,8.000000000000000444e-01,1.304717745989489970e+02,6.221379022548150872e-05,3.139051075779271003e-04,1.483534533102763217e-02,2.000000000000000000e+00,5.983299691825119708e-15,1.989058058063776002e+00,3.151548280441625327e-04
1.638400000000000000e+04,8.000000000000000444e-01,1.429872826334577951e+02,6.818164951012506251e-05,3.286941879174070389e-04,1.625842617940205515e-02,2.000000000000000000e+00,6.226763471430362199e-15,1.990281274112845722e+00,3.300655038039982943e-04
1.638400000000000000e+04,8.000000000000000444e-01,1.567033410693343853e+02,7.472197583643645541e-05,3.441703761559960877e-04,1.781801609149039067e-02,2.000000000000000000e+00,5.663517271238991125e-15,1.991485136265708888e+00,3.456750035738847182e-04
1.638400000000000000e+04,8.000000000000000444e-01,1.717351127319504940e+02,8.188968311879658412e-05,3.603652984495782797e-04,1.952720970242684956e-02,2.000000000000000000e+00,1.157901548236753268e-14,1.992672096319786590e+00,3.620160753131656411e-04
1.638400000000000000e+04,8.000000000000000444e-01,1.882088074433997065e+02,8.974495289010987590e-05,3.773120089003735838e-04,2.140035775052768000e-02,2.000000000000000000e+00,5.483066694154827024e-15,1.993844575882356196e+00,3.791230017832281150e-04
1.638400000000000000e+04,8.000000000000000444e-01,2.062627417059161985e+02,9.835373959823427129e-05,3.950450513650838541e-04,2.345318756901825299e-02,2.000000000000000000e+00,1.057474785622667131e-14,1.995004970912205522e+00,3.970316724710054763e-04
1.638400000000000000e+04,8.000000000000000444e-01,2.260485000354508713e+02,1.077883243729833943e-04,4.136005236759920803e-04,2.570293513593199450e-02,2.000000000000000000e+00,8.993853600707499508e-15,1.996155656201402451e+00,4.157796588833526270e-04
1.638400000000000000e+04,8.000000000000000444e-01,2.477322076961978041e+02,1.181279219132412930e-04,4.330161443599159373e-04,2.816848979089888946e-02,2.000000000000000000e+00,1.046174753194695259e-14,1.997298989810872172e+00,4.354062933701891968e-04
1.638400000000000000e+04,8.000000000000000444e-01,2.714959255222090633e+02,1.294593455897374455e-04,4.533313219090973740e-04,3.087055283389527130e-02,2.000000000000000000e+00,7.686095378019410910e-15,1.998437317644125244e+00,4.559527516418238969e-04
1.638400000000000000e+04,8.000000000000000444e-01,2.975391785373108746e+02,1.418777363478235601e-04,4.745872266850643300e-04,3.383181133758296488e-02,2.000000000000000000e+00,1.088662765514007210e-14,1.999572977889648939e+00,4.774621391535548934e-04
1.638400000000000000e+04,8.000000000000000444e-01,3.260806312079104146e+02,1.554873615302612374e-04,4.968268655110569384e-04,3.707712863259993857e-02,2.000000000000000000e+00,9.218065497864161014e-15,2.000708305408963383e+00,4.999795815387709196e-04
1.638400000000000000e+04,8.000000000000000444e-01,3.573599233944778462e+02,1.704024903271092635e-04,5.200951590311742295e-04,4.063375306515808888e-02,2.000000000000000000e+00,9.967050011160572275e-15,2.001845636536678796e+00,5.235523192803097012e-04
1.638400000000000000e+04,8.000000000000000444e-01,3.916396824167121054e+02,1.867483532031593825e-04,5.444390218756787548e-04,4.453154677971795511e-02,2.000000000000000000e+00,1.126999454146861595e-14,2.002987313411665582e+00,5.482298068186333998e-04
1.638400000000000000e+04,8.000000000000000444e-01,4.292077281261061330e+02,2.046621933584719338e-04,5.699074457265047812e-04,4.880323644764695407e-02,2.000000000000000000e+00,1.212614097847541910e-14,2.004135688357280287e+00,5.740638163048236318e-04
1.638400000000000000e+04,8.000000000000000444e-01,4.703794895001466898e+02,2.242944190502866220e-04,5.965515853037044441e-04,5.348468804702970897e-02,2.000000000000000000e+00,1.104935369492622701e-14,2.005293128779399581e+00,6.011085462159791769e-04
1.638400000000000000e+04,8.000000000000000444e-01,5.155006530483807410e+02,2.458098664514449792e-04,6.244248473491301491e-04,5.861520800073945908e-02,2.000000000000000000e+00,1.296483114017828284e-14,2.006462021636238546e+00,6.294207350609522114e-04
1.638400000000000000e+04,8.000000000000000444e-01,5.649500652668745033e+02,2.693891836485264317e-04,6.535829826397268486e-04,6.423787320118351518e-02,2.000000000000000000e+00,1.337622964212976124e-14,2.007644778281246545e+00,6.590597804149091622e-04
1.638400000000000000e+04,8.000000000000000444e-01,6.191429135107055117e+02,2.952303474000480231e-04,6.840841810775751940e-04,7.039989269268266681e-02,2.000000000000000000e+00,1.411891019648196086e-14,2.008843838802263804e+00,6.900878635325506227e-04
1.638400000000000000e+04,8.000000000000000444e-01,6.785342119917120272e+02,3.235503253897247444e-04,7.159891699008559627e-04,7.715300404823992320e-02,2.000000000000000000e+00,1.950958598411343226e-14,2.010061677153331061e+00,7.225700798013013791e-04
1.638400000000000000e+04,8.000000000000000444e-01,7.436226221706608612e+02,3.545868979314140612e-04,7.493613150107649064e-04,8.455390776876046954e-02,2.000000000000000000e+00,1.777529799132310621e-14,2.011300805949090886e+00,7.565745753082058975e-04
1.638400000000000000e+04,8.000000000000000444e-01,8.149546396206235386e+02,3.886006544211499875e-04,7.842667254758482753e-04,9.266474335202699864e-02,2.000000000000000000e+00,1.676077954595108251e-14,2.012563781234035787e+00,7.921726898070249271e-04
1.638400000000000000e+04,8.000000000000000444e-01,8.931291825153156196e+02,4.258771812988832567e-04,8.207743611799593391e-04,1.015536110286020949e-01,2.000000000000000000e+00,1.913621739943298300e-14,2.013853207697309244e+00,8.294391063856215154e-04
1.638400000000000000e+04,8.000000000000000444e-01,9.788026202683057591e+02,4.667294598905113979e-04,8.589561436412422590e-04,1.112951435452614185e-01,2.000000000000000000e+00,2.516278576060973305e-14,2.015171743667139026e+00,8.684520081472457079e-04
1.638400000000000000e+04,8.000000000000000444e-01,1.072694284544523043e+03,5.115004942629447189e-04,8.988870699637057423e-04,1.219711327967620690e-01,2.000000000000000000e+00,2.479939554624111155e-14,2.016522106356532618e+00,9.092932422349823268e-04
1.638400000000000000e+04,8.000000000000000444e-01,1.175592508915707640e+03,5.605661911562479210e-04,9.406453299087057587e-04,1.336712165672819252e-01,2.000000000000000000e+00,2.826752664614611259e-14,2.017907077003158633e+00,9.520484915428875997e-04
1.638400000000000000e+04,8.000000000000000444e-01,1.288361247869934232e+03,6.143385161733313712e-04,9.843124260301388921e-04,1.464936311475457387e-01,2.000000000000000000e+00,2.567340454244027672e-14,2.019329506569476962e+00,9.968074544745315207e-04
1.638400000000000000e+04,8.000000000000000444e-01,1.411947330749783305e+03,6.732689527272144817e-04,1.029973296801232679e-03,1.605460361467671848e-01,2.000000000000000000e+00,2.236990728637542983e-14,2.020792321200460151e+00,1.043664033125813210e-03
1.638400000000000000e+04,8.000000000000000444e-01,1.547388411524693538e+03,7.378522927878825846e-04,1.077716442671640927e-03,1.759464184246946339e-01,2.000000000000000000e+00,2.773102260966087446e-14,2.022298527769052612e+00,1.092716530286970238e-03
1.638400000000000000e+04,8.000000000000000444e-01,1.695821681145447201e+03,8.086307912566410069e-04,1.127634054929741933e-03,1.928240827333638496e-01,2.000000000000000000e+00,2.850690794131532889e-14,2.023851219830888226e+00,1.144067855676903162e-03
1.638400000000000000e+04,8.000000000000000444e-01,1.858493415631397738e+03,8.861987188488949481e-04,1.179822147249750446e-03,2.113207373861760163e-01,2.000000000000000000e+00,2.674250813977364533e-14,2.025453583585445472e+00,1.197825741842716181e-03
1.638400000000000000e+04,8.000000000000000444e-01,2.036769440058254304e+03,9.712073517123481292e-04,1.234380689765337928e-03,2.315916840698155899e-01,2.000000000000000000e+00,2.083913663855669718e-14,2.027108903928350969e+00,1.254102970177310662e-03
1.638400000000000000e+04,8.000000000000000444e-01,2.232146596304104605e+03,1.064370439674427321e-03,1.291413745493161930e-03,2.538071217888996922e-01,2.000000000000000000e+00,2.585504243094448197e-14,2.028820570879943830e+00,1.313017607529152727e-03
1.638400000000000000e+04,8.000000000000000444e-01,2.446265310839254653e+03,1.166470199031474425e-03,1.351029608872338951e-03,2.781535758915502088e-01,2.000000000000000000e+00,4.693890203188057220e-14,2.030592086014621600e+00,1.374693253900700126e-03
1.638400000000000000e+04,8.000000000000000444e-01,2.680923368081597800e+03,1.278363880196379566e-03,1.413340946198820159e-03,3.048354641742765936e-01,2.000000000000000000e+00,3.713769074796865877e-14,2.032427069026709887e+00,1.439259301755171005e-03
1.638400000000000000e+04,8.000000000000000444e-01,2.938091004961412636e+03,1.400990965347963637e-03,1.478464937642573040e-03,3.340768132155051973e-01,2.000000000000000000e+00,4.927457715137883321e-14,2.034329264698527595e+00,1.506851207475353761e-03
1.638400000000000000e+04,8.000000000000000444e-01,3.219927453432701441e+03,1.535381056515074463e-03,1.546523420535138348e-03,3.661231393484496999e-01,2.000000000000000000e+00,4.366932263780639920e-14,2.036302549933012074e+00,1.577610775544804715e-03
1.638400000000000000e+04,8.000000000000000444e-01,3.528799069825193328e+03,1.682662520325276054e-03,1.617643033549937557e-03,4.012435100663338527e-01,2.000000000000000000e+00,5.544757966411900573e-14,2.038350941088935997e+00,1.651686456046146242e-03
1.638400000000000000e+04,8.000000000000000444e-01,3.867299203254989152e+03,1.844071962001318527e-03,1.691955361359189077e-03,4.397328031679730298e-01,2.000000000000000000e+00,5.927054915622690199e-14,2.040478601374729806e+00,1.729233656102380917e-03
1.638400000000000000e+04,8.000000000000000444e-01,4.238269969912893430e+03,2.020964608150908198e-03,1.769597079309255918e-03,4.819141826119406335e-01,2.000000000000000000e+00,3.893017228113824273e-14,2.042689848636157990e+00,1.810415065913277338e-03
1.638400000000000000e+04,8.000000000000000444e-01,4.644826116051891404e+03,2.214825685525842382e-03,1.850710097570603492e-03,5.281418118671064033e-01,2.000000000000000000e+00,4.844900696802375050e-14,2.044989163396749632e+00,1.895401000071385289e-03
1.638400000000000000e+04,8.000000000000000444e-01,5.090381170032217597e+03,2.427282891288861082e-03,1.935441704201390977e-03,5.788038275413842637e-01,2.000000000000000000e+00,5.619218039665519529e-14,2.047381197036642675e+00,1.984369754873618625e-03
1.638400000000000000e+04,8.000000000000000444e-01,5.578676103002084346e+03,2.660120059491197751e-03,2.023944706469140743e-03,6.343255982559010686e-01,2.000000000000000000e+00,5.152028321856177451e-14,2.049870780315401930e+00,2.077507982378050573e-03
1.638400000000000000e+04,8.000000000000000444e-01,6.113810738854662304e+03,2.915292138507205155e-03,2.116377569727426276e-03,6.951732961267220734e-01,2.000000000000000000e+00,5.391960095617449299e-14,2.052462932116810634e+00,2.175011081990751126e-03
1.638400000000000000e+04,8.000000000000000444e-01,6.700278177186120956e+03,3.194941605179844359e-03,2.212904553064923199e-03,7.618578108410672955e-01,2.000000000000000000e+00,5.388693647783984068e-14,2.055162868607297355e+00,2.277083610404444496e-03
1.638400000000000000e+04,8.000000000000000444e-01,7.343002518276643968e+03,3.501416453493425354e-03,2.313695840862665682e-03,8.349390391913706910e-01,2.000000000000000000e+00,5.153785531233049401e-14,2.057976012515368325e+00,2.383939710747409995e-03
1.638400000000000000e+04,8.000000000000000444e-01,8.047380206841127801e+03,3.837289908810199643e-03,2.418927669351080608e-03,9.150305860829949234e-01,2.000000000000000000e+00,6.108684974206430135e-14,2.060908002816177031e+00,2.495803561846550618e-03
1.638400000000000000e+04,8.000000000000000444e-01,8.819325341680145357e+03,4.205382033195564917e-03,2.528782447116030216e-03,1.002804916486221831e+00,2.000000000000000000e+00,6.214978434449375870e-14,2.063964704798593175e+00,2.612909848542227867e-03
1.638400000000000000e+04,8.000000000000000444e-01,9.665319331660211901e+03,4.608783403234582854e-03,2.643448868478879589e-03,1.098999001589355817e+00,2.000000000000000000e+00,7.542593332781985224e-14,2.067152220277961305e+00,2.735504254046240355e-03
1.638400000000000000e+04,8.000000000000000444e-01,1.059246531494529518e+04,5.050881059143683995e-03,2.763122018546994470e-03,1.204420506559214621e+00,2.000000000000000000e+00,7.103701996854398795e-14,2.070476898353632578e+00,2.863843975372963417e-03
1.638400000000000000e+04,8.000000000000000444e-01,1.160854779839399998e+04,5.535386943051338188e-03,2.888003468635942216e-03,1.319954571862647086e+00,2.000000000000000000e+00,1.016034491457701181e-13,2.073945346394737044e+00,2.998198262925807524e-03
1.638400000000000000e+04,8.000000000000000444e-01,1.272209801786772732e+04,6.066369065221656476e-03,3.018301360702975878e-03,1.446571245086523350e+00,2.000000000000000000e+00,1.074914356803952871e-13,2.077564441423930930e+00,3.138848985371388723e-03
1.638400000000000000e+04,8.000000000000000444e-01,1.394246556822770981e+04,6.648285659898619561e-03,3.154230479278418656e-03,1.585333625655204859e+00,2.000000000000000000e+00,1.074334807219446565e-13,2.081341341897399388e+00,3.286091220986196888e-03
1.638400000000000000e+04,8.000000000000000444e-01,1.527989690444124972e+04,7.286022617550492152e-03,3.296012309334919732e-03,1.737406790830237302e+00,2.000000000000000000e+00,1.052425438934588042e-13,2.085283499843214372e+00,3.440233876716096862e-03
1.638400000000000000e+04,8.000000000000000444e-01,1.674562137290832470e+04,7.984934507803118087e-03,3.443875078379528450e-03,1.904067577936762623e+00,2.000000000000000000e+00,1.087388683773920047e-13,2.089398673467087519e+00,3.601600336247521954e-03
1.638400000000000000e+04,8.000000000000000444e-01,1.835194549534556427e+04,8.750889537499220022e-03,3.598053780988668630e-03,2.086715304950267136e+00,2.000000000000000000e+00,1.065412231186587853e-13,2.093694940073874022e+00,3.770529138451594701e-03
1.638400000000000000e+04,8.000000000000000444e-01,2.011235629685332242e+04,9.590318821360264978e-03,3.758790183882514385e-03,2.286883519455790825e+00,2.000000000000000000e+00,1.053015507740017589e-13,2.098180709533366439e+00,3.947374687620568146e-03
1.638400000000000000e+04,8.000000000000000444e-01,2.204163454573068884e+04,1.051027037893804972e-02,3.926332809520608792e-03,2.506252874626396121e+00,2.000000000000000000e+00,1.139125643264576876e-13,2.102864738139828660e+00,4.132507996991827311e-03
1.638400000000000000e+04,8.000000000000000444e-01,2.415597885582206072e+04,1.151846831122496639e-02,4.100936896132112430e-03,2.746665240330139479e+00,2.000000000000000000e+00,1.212550848694027775e-13,2.107756142880830907e+00,4.326317467114757995e-03
1.638400000000000000e+04,8.000000000000000444e-01,2.647314169338428837e+04,1.262337765378202838e-02,4.282864331963031658e-03,3.010139167845312880e+00,2.000000000000000000e+00,1.202728205541563568e-13,2.112864416323660066e+00,4.529209700694823530e-03
1.638400000000000000e+04,8.000000000000000444e-01,2.901257843041572050e+04,1.383427545090471292e-02,4.472383561430556473e-03,3.298886838028858737e+00,2.000000000000000000e+00,1.262994057540386430e-13,2.118199441875248112e+00,4.741610355628562458e-03
1.638400000000000000e+04,8.000000000000000444e-01,3.179561069592925560e+04,1.516132864757979183e-02,4.669769460827513131e-03,3.615332635238227343e+00,2.000000000000000000e+00,1.123268013386604364e-13,2.123771509562772053e+00,4.963965038010968375e-03
1.638400000000000000e+04,8.000000000000000444e-01,3.484560539670065918e+04,1.661567945323021850e-02,4.875303181080308836e-03,3.962133502957187581e+00,2.000000000000000000e+00,1.129711666348508353e-13,2.129591332463704134e+00,5.196740236994764998e-03
1.638400000000000000e+04,8.000000000000000444e-01,3.818817091058508959e+04,1.820953889397863845e-02,5.089271955034906439e-03,4.342201252035375880e+00,2.000000000000000000e+00,1.231681462503805762e-13,2.135670063563949839e+00,5.440424303463928593e-03
1.638400000000000000e+04,8.000000000000000444e-01,4.185137209968346724e+04,1.995628933891461718e-02,5.311968866691641443e-03,4.758727008846407536e+00,2.000000000000000000e+00,1.773962851331564266e-13,2.142019313263986646e+00,5.695528474566173734e-03
1.638400000000000000e+04,8.000000000000000444e-01,4.586596594865107909e+04,2.187059686119607882e-02,5.543692579729146003e-03,5.215208008636024850e+00,2.000000000000000000e+00,1.752131917285233503e-13,2.148651167448250021e+00,5.962587946266690968e-03
1.638400000000000000e+04,8.000000000000000444e-01,5.026565980661674257e+04,2.396853437739216927e-02,5.784747022692907255e-03,5.715476959022844028e+00,2.000000000000000000e+00,2.165190612682957656e-13,2.155578206230444493e+00,6.242162996162119691e-03
1.638400000000000000e+04,8.000000000000000444e-01,5.508739440096397448e+04,2.626771659897040104e-02,6.035441028139457674e-03,6.263734220193566848e+00,2.000000000000000000e+00,2.385307557733754683e-13,2.162813523348035005e+00,6.534840158912321763e-03
1.638400000000000000e+04,8.000000000000000444e-01,6.037165399921560311e+04,2.878744792900829463e-02,6.296087923136889537e-03,6.864583071984164953e+00,2.000000000000000000e+00,2.458394538935552246e-13,2.170370746179713706e+00,6.841233456765903262e-03
1.638400000000000000e+04,8.000000000000000444e-01,6.616280632320560107e+04,3.154888454590110830e-02,6.567005068485327543e-03,7.523068363956785021e+00,2.000000000000000000e+00,2.036497884994573573e-13,2.178264056612135846e+00,7.161985687744506363e-03
1.638400000000000000e+04,8.000000000000000444e-01,7.250947506952336698e+04,3.457521203495186185e-02,6.848513344128985374e-03,8.244718872985906444e+00,2.000000000000000000e+00,2.251218016832454573e-13,2.186508212574494792e+00,7.497769774204553379e-03
1.638400000000000000e+04,8.000000000000000444e-01,7.946494816399285628e+04,3.789184005927698912e-02,7.140936578346279359e-03,9.035593723997225268e+00,2.000000000000000000e+00,2.426814160734582019e-13,2.195118570409277936e+00,7.849290174592207098e-03
1.638400000000000000e+04,8.000000000000000444e-01,8.708762517797082546e+04,4.152661570452252648e-02,7.444600918400065201e-03,9.902333263616860393e+00,2.000000000000000000e+00,2.376096678500770668e-13,2.204111108124692464e+00,8.217284361364247600e-03
1.638400000000000000e+04,8.000000000000000444e-01,9.544150766306438891e+04,4.551005728867740102e-02,7.759834140543401745e-03,1.085221481387657860e+01,2.000000000000000000e+00,2.576654186874913006e-13,2.213502449525634574e+00,8.602524368169776198e-03
1.638400000000000000e+04,8.000000000000000444e-01,1.045967365212172590e+05,4.987561060009825659e-02,8.086964897463447613e-03,1.189321377409445901e+01,2.000000000000000000e+00,2.302004238644671766e-13,2.223309889297951258e+00,9.005818409536008040e-03
1.638400000000000000e+04,8.000000000000000444e-01,1.146301809220363648e+05,5.465992971517389526e-02,8.426321901525497121e-03,1.303407058395512763e+01,2.000000000000000000e+00,2.703107410604891958e-13,2.233551419168804841e+00,9.428012576463203065e-03
1.638400000000000000e+04,8.000000000000000444e-01,1.256260837120223587e+05,5.990318475342863019e-02,8.778233042437284459e-03,1.428436411002453177e+01,2.000000000000000000e+00,2.613309930592487298e-13,2.244245755170453549e+00,9.869992611485123996e-03
1.638400000000000000e+04,8.000000000000000444e-01,1.376767687347002793e+05,6.564939915404333082e-02,9.143024438354725378e-03,1.565459207186839308e+01,2.000000000000000000e+00,2.631047090748209844e-13,2.255412366090808973e+00,1.033268576690986491e-02
1.638400000000000000e+04,8.000000000000000444e-01,1.508834160004477599e+05,7.194681930563343042e-02,9.521019419788829055e-03,1.715625918304765563e+01,2.000000000000000000e+00,2.557279772020654120e-13,2.267071503428098822e+00,1.081706275014807442e-02
1.638400000000000000e+04,8.000000000000000444e-01,1.653569112145078834e+05,7.884831963277239009e-02,9.912537446093867485e-03,1.880197374704107816e+01,2.000000000000000000e+00,2.615186274237772208e-13,2.279244233146215493e+00,1.132413976021243510e-02
1.638400000000000000e+04,8.000000000000000444e-01,1.812187767959966441e+05,8.641184654044944957e-02,1.031789295474379482e-02,2.060555351913396649e+01,2.000000000000000000e+00,3.591947157299764123e-13,2.291952470036306977e+00,1.185498061965683560e-02
1.638400000000000000e+04,8.000000000000000444e-01,1.986021922049292480e+05,9.470090494390928648e-02,1.073739414391722442e-02,2.258214172311091872e+01,2.000000000000000000e+00,4.503002381809684073e-13,2.305219016313714064e+00,1.241069900640714985e-02
1.638400000000000000e+04,8.000000000000000444e-01,2.176531121441448922e+05,1.037850914688801252e-01,1.117134168905920162e-02,2.474833419685305813e+01,2.000000000000000000e+00,4.559795662436182024e-13,2.319067607711616574e+00,1.299246079022623075e-02
1.638400000000000000e+04,8.000000000000000444e-01,2.385314920247689588e+05,1.137406787990422052e-01,1.162002739371161171e-02,2.712231873437871243e+01,2.000000000000000000e+00,5.438765062296596606e-13,2.333522973371259468e+00,1.360148647863267633e-02
1.638400000000000000e+04,8.000000000000000444e-01,2.614126309844865173e+05,1.246512560770447337e-01,1.208373277361679023e-02,2.972402779427353181e+01,2.000000000000000000e+00,4.887449175691564663e-13,2.348610920915035649e+00,1.423905377747233282e-02
1.638400000000000000e+04,8.000000000000000444e-01,2.864886437348712934e+05,1.366084307360035388e-01,1.256272757010420266e-02,3.257530585667988987e+01,2.000000000000000000e+00,4.977527745084677735e-13,2.364358466553454718e+00,1.490650027148735304e-02
1.638400000000000000e+04,8.000000000000000444e-01,3.139700735957046854e+05,1.497125976542018344e-01,1.305726818288126430e-02,3.570009283400948163e+01,2.000000000000000000e+00,4.967669618496458800e-13,2.380794042678104461e+00,1.560522623048664521e-02
1.638400000000000000e+04,8.000000000000000444e-01,3.440876602596482844e+05,1.640737820909730360e-01,1.356759600205521832e-02,3.912462507533269473e+01,2.000000000000000000e+00,5.604867251296719665e-13,2.397947833286366404e+00,1.633669754706008892e-02
1.638400000000000000e+04,8.000000000000000444e-01,3.770942771297912113e+05,1.798125634812313134e-01,1.409393560236997696e-02,4.287765565211950758e+01,2.000000000000000000e+00,5.420938786366149273e-13,2.415852310777012235e+00,1.710244881194151675e-02
1.638400000000000000e+04,8.000000000000000444e-01,4.132670544963330030e+05,1.970610878450074210e-01,1.463649273721783634e-02,4.699069577489370175e+01,2.000000000000000000e+00,5.537867738921889360e-13,2.434543075552596747e+00,1.790408653350726575e-02
1.638400000000000000e+04,8.000000000000000444e-01,4.529097063790532411e+05,2.159641773123995023e-01,1.519545203370096381e-02,5.149827936778678605e+01,2.000000000000000000e+00,5.391272204762483457e-13,2.454060129765082365e+00,1.874329250814575978e-02
1.638400000000000000e+04,8.000000000000000444e-01,4.963550805721930228e+05,2.366805460797276606e-01,1.577097424194465539e-02,5.643825302241152286e+01,2.000000000000000000e+00,5.551888385561106378e-13,2.474449743624063558e+00,1.962182734858417682e-02
1.638400000000000000e+04,8.000000000000000444e-01,5.439679533024522243e+05,2.593841330063115236e-01,1.636319283242201189e-02,6.185209376556758087e+01,2.000000000000000000e+00,5.576322646016773281e-13,2.495767090898112883e+00,2.054153417757123568e-02
1.638400000000000000e+04,8.000000000000000444e-01,5.961480919646215625e+05,2.842655620406253636e-01,1.697220966754724170e-02,6.778525730882196854e+01,2.000000000000000000e+00,5.775652054082495089e-13,2.518079831807710889e+00,2.150434249467303438e-02
1.638400000000000000e+04,8.000000000000000444e-01,6.533336116501982324e+05,3.115337427378646051e-01,1.759808940485719023e-02,7.428755970393818586e+01,2.000000000000000000e+00,5.742604878018388289e-13,2.541472798948291256e+00,2.251227222422479135e-02
1.638400000000000000e+04,8.000000000000000444e-01,7.160046536511011655e+05,3.414176243072038486e-01,1.824085222949527879e-02,8.141359560861285161e+01,2.000000000000000000e+00,6.150861324858707881e-13,2.553392235620410400e+00,2.356743795306601164e-02
