N,c,force,force_over_N_1p5,strain,hookean_strain,newton_iterations,relative_gradient,local_exponent
8.192000000000000000e+03,8.000000000000000444e-01,1.879573809994460661e-07,2.534979604316174253e-13,3.009681393041135086e-11,3.009656893297192150e-11,1.000000000000000000e+00,1.348611461968145314e-16,1.000209897019677774e+00
8.192000000000000000e+03,8.000000000000000444e-01,2.062934399840787330e-07,2.782277876416056085e-13,3.303224360761292190e-11,3.303261996888022606e-11,1.000000000000000000e+00,6.661756634598321115e-16,1.000058077316850813e+00
8.192000000000000000e+03,8.000000000000000444e-01,2.264182611726752665e-07,3.053701169198330652e-13,3.625499900360647631e-11,3.625509553725449773e-11,1.000000000000000000e+00,7.836692762880050545e-16,9.999674422179509747e-01
8.192000000000000000e+03,8.000000000000000444e-01,2.485063460884380480e-07,3.351602983227264466e-13,3.979172547098684999e-11,3.979193759543656695e-11,1.000000000000000000e+00,1.015139193009331112e-15,9.999685631471351144e-01
8.192000000000000000e+03,8.000000000000000444e-01,2.727492196361737066e-07,3.678566413270520149e-13,4.367395334365811492e-11,4.367381396008381870e-11,1.000000000000000000e+00,6.568978207549710295e-16,1.000003106519514517e+00
8.192000000000000000e+03,8.000000000000000444e-01,2.993570908071183004e-07,4.037426546211060047e-13,4.793410113394489621e-11,4.793438422658657400e-11,1.000000000000000000e+00,1.016103454471643106e-15,1.000040747706705702e+00
8.192000000000000000e+03,8.000000000000000444e-01,3.285606753927292997e-07,4.431295043972604458e-13,5.261036051390114288e-11,5.261059163007932963e-11,1.000000000000000000e+00,6.171924941733035715e-16,9.999946835311845916e-01
8.192000000000000000e+03,8.000000000000000444e-01,3.606131965121291935e-07,4.863587124616309401e-13,5.774269951242150311e-11,5.774298337876197211e-11,1.000000000000000000e+00,1.009979553559799894e-15,1.000021764499734900e+00
8.192000000000000000e+03,8.000000000000000444e-01,3.957925802996848238e-07,5.338051175560536772e-13,6.337552705050081240e-11,6.337606223712701964e-11,1.000000000000000000e+00,9.961573514421044757e-16,1.000049233334607379e+00
8.192000000000000000e+03,8.000000000000000444e-01,4.344038657914548440e-07,5.858801255698940146e-13,6.955769294123444897e-11,6.955867240765891646e-11,1.000000000000000000e+00,6.083947021219125296e-16,9.999658325604627862e-01
8.192000000000000000e+03,8.000000000000000444e-01,4.767818499065231901e-07,6.430352768241294972e-13,7.634426424665818639e-11,7.634442305696861911e-11,1.000000000000000000e+00,4.210479717622394616e-16,9.999572566195098489e-01
8.192000000000000000e+03,8.000000000000000444e-01,5.232939904577584595e-07,7.057661613594999280e-13,8.379164029644003029e-11,8.379215315874342788e-11,1.000000000000000000e+00,3.875167429277447178e-16,1.000015187326624755e+00
8.192000000000000000e+03,8.000000000000000444e-01,5.743435923638710605e-07,7.746167161780079104e-13,9.196599038286848753e-11,9.196644168414388251e-11,1.000000000000000000e+00,9.066195419315097666e-16,1.000027316780716546e+00
8.192000000000000000e+03,8.000000000000000444e-01,6.303733046903083141e-07,8.501839416990101877e-13,1.009370365119148721e-10,1.009381675634918970e-10,1.000000000000000000e+00,6.433812513653140953e-16,1.000036564668249639e+00
8.192000000000000000e+03,8.000000000000000444e-01,6.918689588416788978e-07,9.331230783260869062e-13,1.107838265629627003e-10,1.107851242746538864e-10,1.000000000000000000e+00,1.309229019494717980e-15,9.999674080414422406e-01
8.192000000000000000e+03,8.000000000000000444e-01,7.593637811865104040e-07,1.024153288010481219e-12,1.215920697535493007e-10,1.215926943871885959e-10,1.000000000000000000e+00,8.581643059622989166e-16,9.999910800232356678e-01
8.192000000000000000e+03,8.000000000000000444e-01,8.334430166418638980e-07,1.124063890075749330e-12,1.334532484609472004e-10,1.334545899112088970e-10,1.000000000000000000e+00,1.216550974662464996e-15,1.000011026998876673e+00
8.192000000000000000e+03,8.000000000000000444e-01,9.147490033087035848e-07,1.233721205374183356e-12,1.464726118279437133e-10,1.464736648704894190e-10,1.000000000000000000e+00,8.433848134920670678e-16,1.000000304090249870e+00
8.192000000000000000e+03,8.000000000000000444e-01,1.003986742160000943e-06,1.354076068120434749e-12,1.607611821570644535e-10,1.607628071456125783e-10,1.000000000000000000e+00,1.105028540005137060e-15,1.000027407963315795e+00
8.192000000000000000e+03,8.000000000000000444e-01,1.101930010076088762e-06,1.486172070537114929e-12,1.764437485163536734e-10,1.764459173202843693e-10,1.000000000000000000e+00,5.520818410857230232e-16,1.000010518956457872e+00
8.192000000000000000e+03,8.000000000000000444e-01,1.209428069233186563e-06,1.631154611801413468e-12,1.936566462933273661e-10,1.936589830183631456e-10,1.000000000000000000e+00,7.731197618996850074e-16,1.000000001961097951e+00
8.192000000000000000e+03,8.000000000000000444e-01,1.327413031021920084e-06,1.790280829755761430e-12,2.125486453733958864e-10,2.125512580471322550e-10,1.000000000000000000e+00,3.842280838655430107e-16,1.000023376846115752e+00
8.192000000000000000e+03,8.000000000000000444e-01,1.456907938348064021e-06,1.964930501499993162e-12,2.332827264967074091e-10,2.332865565711183031e-10,1.000000000000000000e+00,4.449865789253467039e-16,1.000021066367310141e+00
8.192000000000000000e+03,8.000000000000000444e-01,1.599035636396849073e-06,2.156618007383648620e-12,2.560405221502516774e-10,2.560446735381901552e-10,1.000000000000000000e+00,9.658443656257713431e-16,1.000008681906578545e+00
8.192000000000000000e+03,8.000000000000000444e-01,1.755028508778852936e-06,2.367005462137682204e-12,2.810178756757657415e-10,2.810229436743924712e-10,1.000000000000000000e+00,9.006890068669849066e-16,1.000009768766730645e+00
8.192000000000000000e+03,8.000000000000000444e-01,1.926239163479213287e-06,2.597917127005108683e-12,3.084323907863095520e-10,3.084379525654976091e-10,1.000000000000000000e+00,1.052751843748202641e-15,1.000015656850536061e+00
8.192000000000000000e+03,8.000000000000000444e-01,2.114152161267624314e-06,2.851355227837624663e-12,3.385203229418037566e-10,3.385274146619980076e-10,1.000000000000000000e+00,9.591796978564189861e-16,1.000033164972066402e+00
8.192000000000000000e+03,8.000000000000000444e-01,2.320396888265632483e-06,3.129517316316208501e-12,3.715432406871884106e-10,3.715522344916370293e-10,1.000000000000000000e+00,6.777107251039467120e-16,1.000028985398103032e+00
8.192000000000000000e+03,8.000000000000000444e-01,2.546761684288841878e-06,3.434815324834276532e-12,4.077880256524345063e-10,4.077987689521843951e-10,1.000000000000000000e+00,6.104398112746249339e-16,1.000016599939897333e+00
8.192000000000000000e+03,8.000000000000000444e-01,2.795209349470238673e-06,3.769896480267417787e-12,4.475690929986067679e-10,4.475813103006929358e-10,1.000000000000000000e+00,6.984876037518332869e-16,1.000028323698685995e+00
8.192000000000000000e+03,8.000000000000000444e-01,3.067894163621985602e-06,4.137666257972216428e-12,4.912292795962998440e-10,4.912448113691445670e-10,1.000000000000000000e+00,7.537497308875517631e-16,1.000030898982330996e+00
8.192000000000000000e+03,8.000000000000000444e-01,3.367180565909897024e-06,4.541313575047387803e-12,5.391500580774887436e-10,5.391678766367215522e-10,1.000000000000000000e+00,4.594214241376499158e-16,1.000030390503852118e+00
8.192000000000000000e+03,8.000000000000000444e-01,3.695663656811307130e-06,4.984338441306970382e-12,5.917439873189805134e-10,5.917660450941715921e-10,1.000000000000000000e+00,6.584533733802427149e-16,1.000041398849035090e+00
8.192000000000000000e+03,8.000000000000000444e-01,4.056191700127973317e-06,5.470582307726060807e-12,6.494689232971653711e-10,6.494953933658497349e-10,1.000000000000000000e+00,1.999759365896126704e-16,1.000034396116646462e+00
8.192000000000000000e+03,8.000000000000000444e-01,4.451890820168080817e-06,6.004261375509244061e-12,7.128253545527894509e-10,7.128564903319674684e-10,1.000000000000000000e+00,7.522801256973605796e-16,1.000044299946736714e+00
8.192000000000000000e+03,8.000000000000000444e-01,4.886192108245649373e-06,6.590003154603369354e-12,7.823603989938863640e-10,7.823987375414216045e-10,1.000000000000000000e+00,6.937752938409179587e-16,1.000054550530705910e+00
8.192000000000000000e+03,8.000000000000000444e-01,5.362861373536710037e-06,7.232886588652057353e-12,8.586789061260799060e-10,8.587251330507511935e-10,1.000000000000000000e+00,1.123755867740525166e-15,1.000054921712134615e+00
8.192000000000000000e+03,8.000000000000000444e-01,5.886031796260716519e-06,7.938486094313788211e-12,9.424416806958025582e-10,9.424974999962746179e-10,1.000000000000000000e+00,1.332985396189207650e-15,1.000054000444549729e+00
8.192000000000000000e+03,8.000000000000000444e-01,6.460239766321635392e-06,8.712919896806764907e-12,1.034376140831411713e-09,1.034442225236148157e-09,1.000000000000000000e+00,1.130030291619407479e-15,1.000063606251700321e+00
8.192000000000000000e+03,8.000000000000000444e-01,7.090464218164209757e-06,9.562903080796211399e-12,1.135275873954063576e-09,1.135356557821897454e-09,1.000000000000000000e+00,4.575952783564397031e-16,1.000073594331972515e+00
8.192000000000000000e+03,8.000000000000000444e-01,7.782169802916262796e-06,1.049580581662610401e-11,1.246018844435439439e-09,1.246115521913194035e-09,1.000000000000000000e+00,6.253839929344808109e-16,1.000076037184861377e+00
8.192000000000000000e+03,8.000000000000000444e-01,8.541354272161025418e-06,1.151971726677274385e-11,1.367562952705765366e-09,1.367679504077502066e-09,1.000000000000000000e+00,8.551148139977184232e-16,1.000084656885718459e+00
8.192000000000000000e+03,8.000000000000000444e-01,9.374600484202299901e-06,1.264351572665050056e-11,1.500962466554745803e-09,1.501102580763763603e-09,1.000000000000000000e+00,1.600719272800397285e-15,1.000093899117167950e+00
8.192000000000000000e+03,8.000000000000000444e-01,1.028913348376672988e-05,1.387694560795787739e-11,1.647372462023847365e-09,1.647541658157322042e-09,1.000000000000000000e+00,9.434276980829615520e-16,1.000104370700540812e+00
8.192000000000000000e+03,8.000000000000000444e-01,1.129288315007891211e-05,1.523070193208331805e-11,1.808062590172040765e-09,1.808266503667385816e-09,1.000000000000000000e+00,3.771036897998932834e-16,1.000112136528436224e+00
8.192000000000000000e+03,8.000000000000000444e-01,1.239455295652839515e-05,1.671652306620979245e-11,1.984425514771062792e-09,1.984670756029672033e-09,1.000000000000000000e+00,7.853198847143844587e-16,1.000122012602446375e+00
8.192000000000000000e+03,8.000000000000000444e-01,1.360369543814088832e-05,1.834729250622925576e-11,2.177988902714415828e-09,2.178284009492393922e-09,1.000000000000000000e+00,7.155179970006810282e-16,1.000135879885689860e+00
8.192000000000000000e+03,8.000000000000000444e-01,1.493079502122915364e-05,2.013715058902259032e-11,2.390429190783277894e-09,2.390785076867087939e-09,1.000000000000000000e+00,1.164815970884250359e-15,1.000150462688488062e+00
8.192000000000000000e+03,8.000000000000000444e-01,1.638735893343606104e-05,2.210161710275761945e-11,2.623587572858546530e-09,2.624016546447650049e-09,1.000000000000000000e+00,1.781926358122863282e-15,1.000163052652730755e+00
8.192000000000000000e+03,8.000000000000000444e-01,1.798601698244725142e-05,2.425772585835429427e-11,2.879484654865348461e-09,2.880000759020060279e-09,1.000000000000000000e+00,1.443149081509997076e-15,1.000179310788588793e+00
8.192000000000000000e+03,8.000000000000000444e-01,1.974063106855079332e-05,2.662417238898106790e-11,3.160335109717658234e-09,3.160957343498827943e-09,1.000000000000000000e+00,1.272623521659663669e-15,1.000197887106885730e+00
8.192000000000000000e+03,8.000000000000000444e-01,2.166641538062248883e-05,2.922147605827841160e-11,3.468572990404128630e-09,3.469322463240906428e-09,1.000000000000000000e+00,2.246261974131059832e-15,1.000216704200489914e+00
8.192000000000000000e+03,8.000000000000000444e-01,2.378006831775198455e-05,3.207215798294411474e-11,3.806866829022229347e-09,3.807769939921185937e-09,1.000000000000000000e+00,2.728808818475371365e-15,1.000238303567876130e+00
8.192000000000000000e+03,8.000000000000000444e-01,2.609991728039620366e-05,3.520093631243916743e-11,4.178146282132079602e-09,4.179234438133740104e-09,1.000000000000000000e+00,1.740384144408493096e-15,1.000260628233981208e+00
8.192000000000000000e+03,8.000000000000000444e-01,2.864607758653913886e-05,3.863494055907781980e-11,4.585626555664474674e-09,4.586936911751701741e-09,1.000000000000000000e+00,4.530551191639589815e-15,1.000285626643879766e+00
8.192000000000000000e+03,8.000000000000000444e-01,3.144062689081303396e-05,4.240394683694842024e-11,5.032834162096829444e-09,5.034412532690024532e-09,1.000000000000000000e+00,3.715074435744209631e-15,1.000313398213904748e+00
8.192000000000000000e+03,8.000000000000000444e-01,3.450779661896257459e-05,4.654063604941301724e-11,5.523640671235292141e-09,5.525541344240390554e-09,1.000000000000000000e+00,4.889250976158942516e-15,1.000344371696471057e+00
8.192000000000000000e+03,8.000000000000000444e-01,3.787418207757283731e-05,5.108087726391936274e-11,6.062292020105166981e-09,6.064581904772124839e-09,1.000000000000000000e+00,6.510682970401738241e-15,1.000378603519060050e+00
8.192000000000000000e+03,8.000000000000000444e-01,4.156897306091353491e-05,5.606403873125624077e-11,6.653449813250569374e-09,6.656208213522213838e-09,1.000000000000000000e+00,6.868621692266536680e-15,1.000414739234223305e+00
8.192000000000000000e+03,8.000000000000000444e-01,4.562420695448308046e-05,6.153332924608883871e-11,7.302228182142583985e-09,7.305550238656622393e-09,1.000000000000000000e+00,7.964874123010463251e-15,1.000455377713464600e+00
8.192000000000000000e+03,8.000000000000000444e-01,5.007504652990229051e-05,6.753617280869636404e-11,8.014236417747913517e-09,8.018238399019947435e-09,1.000000000000000000e+00,1.166292192082097568e-14,1.000499955207899916e+00
8.192000000000000000e+03,8.000000000000000444e-01,5.496008483990736602e-05,7.412461983659069259e-11,8.795632261239542442e-09,8.800452385273084496e-09,1.000000000000000000e+00,1.192504981445447114e-14,1.000548305266725890e+00
8.192000000000000000e+03,8.000000000000000444e-01,6.032167985717309515e-05,8.135579849161350525e-11,9.653168977459485228e-09,9.658974743744828834e-09,1.000000000000000000e+00,1.527570075340479779e-14,1.000602409517675540e+00
8.192000000000000000e+03,8.000000000000000444e-01,6.620632175860773636e-05,8.929241003595351316e-11,1.059425575105922966e-08,1.060124968762109353e-08,1.000000000000000000e+00,1.783849272171212752e-14,1.000660833086861601e+00
8.192000000000000000e+03,8.000000000000000444e-01,7.266503603982537652e-05,9.800327251229360645e-11,1.162702429989073602e-08,1.163544764542095069e-08,1.000000000000000000e+00,2.268268461280962788e-14,1.000724690475280454e+00
8.192000000000000000e+03,8.000000000000000444e-01,7.975382595518713217e-05,1.075639174623193682e-10,1.276039060341795517e-08,1.277053610645707281e-08,1.000000000000000000e+00,2.636208270796691584e-14,1.000795833959990944e+00
8.192000000000000000e+03,8.000000000000000444e-01,8.753415811978966065e-05,1.180572448577094088e-10,1.400413705923445481e-08,1.401635737757846979e-08,1.000000000000000000e+00,3.202524239742304551e-14,1.000873505525866847e+00
8.192000000000000000e+03,8.000000000000000444e-01,9.607349548403680214e-05,1.295742419224883470e-10,1.536899508367298692e-08,1.538371392542121942e-08,1.000000000000000000e+00,3.958040792831689993e-14,1.000958386001336464e+00
8.192000000000000000e+03,8.000000000000000444e-01,1.054458823021971138e-04,1.422147720796244391e-10,1.686673437375655302e-08,1.688446204416666283e-08,1.000000000000000000e+00,4.590874797193327083e-14,1.001051692489959066e+00
8.192000000000000000e+03,8.000000000000000444e-01,1.157325861671833775e-04,1.560884408627925523e-10,1.851026327138379047e-08,1.853161466099600688e-08,1.000000000000000000e+00,5.674284485280739541e-14,1.001154125790421290e+00
8.192000000000000000e+03,8.000000000000000444e-01,1.270228026786158939e-04,1.713155463015938612e-10,2.031373889748181433e-08,2.033945417066393390e-08,1.000000000000000000e+00,6.702524353549921468e-14,1.001266488679497968e+00
8.192000000000000000e+03,8.000000000000000444e-01,1.394144288543141793e-04,1.880281220209789909e-10,2.229268572385990953e-08,2.232365627757466032e-08,1.000000000000000000e+00,8.154787346263474939e-14,1.001389667734116529e+00
8.192000000000000000e+03,8.000000000000000444e-01,1.530149119914414949e-04,2.063710820995541318e-10,2.446412746774653303e-08,2.450142591919081249e-08,1.000000000000000000e+00,9.753946024662449051e-14,1.001524850447715664e+00
8.192000000000000000e+03,8.000000000000000444e-01,1.679421813377391488e-04,2.265034776137851563e-10,2.684672786811892038e-08,2.689164644936094754e-08,1.000000000000000000e+00,1.185446179572545249e-13,1.001673280221076823e+00
8.192000000000000000e+03,8.000000000000000444e-01,1.843256706513391179e-04,2.485998757635499106e-10,2.946094922561127722e-08,2.951504337512904855e-08,1.000000000000000000e+00,1.425085642626194408e-13,1.001836163341621955e+00
8.192000000000000000e+03,8.000000000000000444e-01,2.023074405157258252e-04,2.728518735373760581e-10,3.232922115648690723e-08,3.239436406678066220e-08,1.000000000000000000e+00,1.708986580660068425e-13,1.002014870372001099e+00
8.192000000000000000e+03,8.000000000000000444e-01,2.220434101414002004e-04,2.994697590423009542e-10,3.547612888655026416e-08,3.555457499938511025e-08,1.000000000000000000e+00,2.058580051881481653e-13,1.002210678192206217e+00
8.192000000000000000e+03,8.000000000000000444e-01,2.437047093351450884e-04,3.286843349036743242e-10,3.892861620002041891e-08,3.902307823610659905e-08,1.000000000000000000e+00,2.483767427749668975e-13,1.002425381971988827e+00
8.192000000000000000e+03,8.000000000000000444e-01,2.674791623597650553e-04,3.607489195455310660e-10,4.271620570790468140e-08,4.282994903040270643e-08,1.000000000000000000e+00,2.981107045524030709e-13,1.002660982053789951e+00
8.192000000000000000e+03,8.000000000000000444e-01,2.935729165507922674e-04,3.959415437045624577e-10,4.687124176494723979e-08,4.700819660734989639e-08,1.000000000000000000e+00,3.600295173499789475e-13,1.002919485887225903e+00
8.192000000000000000e+03,8.000000000000000444e-01,3.222122298118223474e-04,4.345673612235599845e-10,5.142915381471167474e-08,5.159405038531943157e-08,1.000000000000000000e+00,4.325921209934322527e-13,1.003202934090595022e+00
8.192000000000000000e+03,8.000000000000000444e-01,3.536454324877896468e-04,4.769612950282390717e-10,5.642874504778473840e-08,5.662727411982185256e-08,1.000000000000000000e+00,5.197975446743430954e-13,1.003513611503052516e+00
8.192000000000000000e+03,8.000000000000000444e-01,3.881450806274979013e-04,5.234909412305889133e-10,6.191250282039464779e-08,6.215151069344736716e-08,1.000000000000000000e+00,6.255321708146248367e-13,1.003854326491840254e+00
8.192000000000000000e+03,8.000000000000000444e-01,4.260103193062693004e-04,5.745597565401255906e-10,6.792693660661233592e-08,6.821466054156340877e-08,1.000000000000000000e+00,7.539392984266001035e-13,1.004227912938986833e+00
8.192000000000000000e+03,8.000000000000000444e-01,4.675694765009787385e-04,6.306105566209527940e-10,7.452294970139494798e-08,7.486929699508195364e-08,1.000000000000000000e+00,9.063168371182974573e-13,1.004637367211216770e+00
8.192000000000000000e+03,8.000000000000000444e-01,5.131829100088708233e-04,6.921293557287565510e-10,8.175623668087757808e-08,8.217312214171905096e-08,1.000000000000000000e+00,1.090088662742567573e-12,1.005086124081152832e+00
8.192000000000000000e+03,8.000000000000000444e-01,5.632461320956678400e-04,7.596495809210598719e-10,8.968771683397961792e-08,9.018946715849926788e-08,1.000000000000000000e+00,1.311360467522540354e-12,1.005577973012854898e+00
8.192000000000000000e+03,8.000000000000000444e-01,6.181932389666807076e-04,8.337566973820033528e-10,9.838400090080765718e-08,9.898784145387044687e-08,1.000000000000000000e+00,1.575882872879742613e-12,1.006117017033119510e+00
8.192000000000000000e+03,8.000000000000000444e-01,6.785006747977193964e-04,9.150932849676433244e-10,1.079178986673919113e-07,1.086445353810165410e-07,1.000000000000000000e+00,1.895952798123948933e-12,1.006707516428981819e+00
8.192000000000000000e+03,8.000000000000000444e-01,7.446913629635679632e-04,1.004364609990294374e-09,1.183689669726912529e-07,1.192432817484719467e-07,1.000000000000000000e+00,2.279265104960572891e-12,1.007354356134314344e+00
8.192000000000000000e+03,8.000000000000000444e-01,8.173392402857505411e-04,1.102344740554647722e-09,1.298240910224666465e-07,1.308759818639710095e-07,1.000000000000000000e+00,2.739388801747963716e-12,1.008062839518430565e+00
8.192000000000000000e+03,8.000000000000000444e-01,8.970742336158522325e-04,1.209883258471477977e-09,1.423781225467874270e-07,1.436435024070271566e-07,1.000000000000000000e+00,3.291374255274747366e-12,1.008838612534859180e+00
8.192000000000000000e+03,8.000000000000000444e-01,9.845877219061731703e-04,1.327912625947703544e-09,1.561345525967465211e-07,1.576565500398957835e-07,1.000000000000000000e+00,3.954637273130351128e-12,1.009687880426078266e+00
8.192000000000000000e+03,8.000000000000000444e-01,1.080638531129088061e-03,1.457456270929046851e-09,1.712062398526270950e-07,1.730366313406334008e-07,1.000000000000000000e+00,4.750121297900284715e-12,1.010617394916529577e+00
8.192000000000000000e+03,8.000000000000000444e-01,1.186059514026844902e-03,1.599637461203008807e-09,1.877161793445391471e-07,1.899171063817989428e-07,1.000000000000000000e+00,5.703498575348493118e-12,1.011634442889295826e+00
8.192000000000000000e+03,8.000000000000000444e-01,1.301764771744523064e-03,1.755689044209118708e-09,2.057983311255193348e-07,2.084443450903317404e-07,1.000000000000000000e+00,6.846107997722574524e-12,1.012746969834104505e+00
8.192000000000000000e+03,8.000000000000000444e-01,1.428757579964674059e-03,1.926964137010005924e-09,2.255984844722569877e-07,2.287789964153612127e-07,1.000000000000000000e+00,8.215213745884160746e-12,1.013963580209782833e+00
8.192000000000000000e+03,8.000000000000000444e-01,1.568139088270805240e-03,2.114947859115555330e-09,2.472751878116060977e-07,2.510973813088463650e-07,1.000000000000000000e+00,9.855727271928659092e-12,1.015293486130865119e+00
8.192000000000000000e+03,8.000000000000000444e-01,1.721117868171585276e-03,2.321270209895061896e-09,2.710007132867333287e-07,2.755930215975314996e-07,1.000000000000000000e+00,1.181764137361891585e-11,1.016746708270687805e+00
8.192000000000000000e+03,8.000000000000000444e-01,1.889020392576266352e-03,2.547720202236846953e-09,2.969620759470376175e-07,3.024783180029989524e-07,1.000000000000000000e+00,1.416451426259043474e-11,1.018334021451693161e+00
8.192000000000000000e+03,8.000000000000000444e-01,2.073302537588461551e-03,2.796261375007778024e-09,3.253620902424935231e-07,3.319863918598687071e-07,1.000000000000000000e+00,1.696913274673470371e-11,1.020067010950391762e+00
8.192000000000000000e+03,8.000000000000000444e-01,2.275562206349869988e-03,3.069048818820600073e-09,3.564204704839122212e-07,3.643731065016083226e-07,1.000000000000000000e+00,2.032082974896388501e-11,1.021958112793520002e+00
8.192000000000000000e+03,8.000000000000000444e-01,2.497553184394808029e-03,3.368447862738846568e-09,3.903749575057248885e-07,3.999192858413120842e-07,1.000000000000000000e+00,2.432015167756994766e-11,1.024020646483570829e+00
8.192000000000000000e+03,8.000000000000000444e-01,2.741200346654721481e-03,3.697054583950935862e-09,4.274824768605602707e-07,4.389331493846654694e-07,1.000000000000000000e+00,2.908863692459376443e-11,1.026268842465469788e+00
8.192000000000000000e+03,8.000000000000000444e-01,3.008616347972087324e-03,4.057718318252121753e-09,4.680203050091082770e-07,4.817529847890092920e-07,1.000000000000000000e+00,3.477180205964639097e-11,1.028717852358042251e+00
8.192000000000000000e+03,8.000000000000000444e-01,3.302119941846422529e-03,4.453566366521708128e-09,5.122872483905070302e-07,5.287500811421445123e-07,1.000000000000000000e+00,4.153508007528072806e-11,1.031383752423920441e+00
8.192000000000000000e+03,8.000000000000000444e-01,3.624256086253575641e-03,4.888031111424484741e-09,5.606048047313700027e-07,5.803319483952334428e-07,1.000000000000000000e+00,4.957899539084408648e-11,1.034283585931092375e+00
8.192000000000000000e+03,8.000000000000000444e-01,3.977818010874963409e-03,5.364879779464092469e-09,6.133183052614995397e-07,6.369458508653533996e-07,1.000000000000000000e+00,5.913147823207201596e-11,1.037435299737424543e+00
8.192000000000000000e+03,8.000000000000000444e-01,4.365871437080932546e-03,5.888247106454056583e-09,6.707980134117113654e-07,6.990826854465838106e-07,1.000000000000000000e+00,7.046502134168362967e-11,1.040857761698845252e+00
8.192000000000000000e+03,8.000000000000000444e-01,4.791781160678725698e-03,6.462671189647430915e-09,7.334401595660326550e-07,7.672812381574336364e-07,1.000000000000000000e+00,8.389359516527281395e-11,1.044570679462147211e+00
8.192000000000000000e+03,8.000000000000000444e-01,5.259240227922887256e-03,7.093132837397303215e-09,8.016679003223483508e-07,8.421328559329447639e-07,1.000000000000000000e+00,9.978126398840879195e-11,1.048594549878615112e+00
8.192000000000000000e+03,8.000000000000000444e-01,5.772301957772333313e-03,7.785098757547762470e-09,8.759321654024970874e-07,9.242865741704274625e-07,1.000000000000000000e+00,1.185534639723052466e-10,1.052950555167978308e+00
8.192000000000000000e+03,8.000000000000000444e-01,6.335415088057617244e-03,8.544568959039896750e-09,9.567123895477300759e-07,1.014454744489541353e-06,1.000000000000000000e+00,1.406954179709310064e-10,1.057660445924224035e+00
8.192000000000000000e+03,8.000000000000000444e-01,6.953462350309577884e-03,9.378128777750493597e-09,1.044517084991043843e-06,1.113419211504835366e-06,1.000000000000000000e+00,1.667685367892062930e-10,1.062746405907347480e+00
8.192000000000000000e+03,8.000000000000000444e-01,7.631802807729948061e-03,1.029300597767711522e-08,1.139884255839130173e-06,1.222038092169255834e-06,1.000000000000000000e+00,1.974176853472853209e-10,1.068230849444226749e+00
8.192000000000000000e+03,8.000000000000000444e-01,8.376318323415038458e-03,1.129713342259198305e-08,1.243381618393165007e-06,1.341253216472086497e-06,1.000000000000000000e+00,2.333763841730607692e-10,1.074136202803973816e+00
8.192000000000000000e+03,8.000000000000000444e-01,9.193464561756414105e-03,1.239921786158785063e-08,1.355606630517531947e-06,1.472098294009277776e-06,1.000000000000000000e+00,2.754771790601272627e-10,1.080484665416371115e+00
8.192000000000000000e+03,8.000000000000000444e-01,1.009032696524985590e-02,1.360881542495279192e-08,1.477186299414748812e-06,1.615707877238205711e-06,1.000000000000000000e+00,3.246636421321661578e-10,1.087297901117260324e+00
8.192000000000000000e+03,8.000000000000000444e-01,1.107468219208500998e-02,1.493641448499528811e-08,1.608776795784685980e-06,1.773327199136837235e-06,2.000000000000000000e+00,9.873241166849681275e-16,1.094596707138482117e+00
8.192000000000000000e+03,8.000000000000000444e-01,1.215506554723893955e-02,1.639352660030293908e-08,1.751062847279001498e-06,1.946322970569306515e-06,2.000000000000000000e+00,6.833516175670460333e-16,1.102400683441100426e+00
8.192000000000000000e+03,8.000000000000000444e-01,1.334084499176581631e-02,1.799278633200874055e-08,1.904756953439700073e-06,2.136195230981412857e-06,2.000000000000000000e+00,5.558529855964362386e-16,1.110727807544975576e+00
8.192000000000000000e+03,8.000000000000000444e-01,1.464230237201405785e-02,1.974806079756738630e-08,2.070598435888946321e-06,2.344590355182902177e-06,2.000000000000000000e+00,8.367297290856001052e-16,1.119594046939500487e+00
8.192000000000000000e+03,8.000000000000000444e-01,1.607072257310670702e-02,2.167456991197867119e-08,2.249352358409462277e-06,2.573315328997903607e-06,2.000000000000000000e+00,4.780897732469721800e-16,1.129012910463021768e+00
8.192000000000000000e+03,8.000000000000000444e-01,1.763849136973094991e-02,2.378901835906438464e-08,2.441808378644330093e-06,2.824353417567051199e-06,2.000000000000000000e+00,1.444050479643016162e-15,1.138995029206611775e+00
8.192000000000000000e+03,8.000000000000000444e-01,1.935920282269737794e-02,2.610974043711675231e-08,2.648779563391001455e-06,3.099881362160570453e-06,2.000000000000000000e+00,1.486517420812828684e-15,1.149547736153483157e+00
8.192000000000000000e+03,8.000000000000000444e-01,2.124777715249979645e-02,2.865685903486861536e-08,2.871101259860616750e-06,3.402288254615127582e-06,2.000000000000000000e+00,7.602644262961075828e-16,1.160674647084274369e+00
8.192000000000000000e+03,8.000000000000000444e-01,2.332059011195316764e-02,3.145246011626058951e-08,3.109630072197081355e-06,3.734196253054038617e-06,2.000000000000000000e+00,7.123548662849913456e-16,1.172375316215536145e+00
8.192000000000000000e+03,8.000000000000000444e-01,2.559561497969414443e-02,3.452078422695484749e-08,3.365243024524968351e-06,4.098483318515934189e-06,2.000000000000000000e+00,6.795379094450982547e-16,1.184644900991020933e+00
8.192000000000000000e+03,8.000000000000000444e-01,2.809257840576466839e-02,3.788843668314164232e-08,3.638836990907323407e-06,4.498308169640363763e-06,2.000000000000000000e+00,1.387829298127441465e-15,1.197473934391453554e+00
8.192000000000000000e+03,8.000000000000000444e-01,3.083313146060871757e-02,4.158461826517620631e-08,3.931328436179246760e-06,4.937137671791299542e-06,2.000000000000000000e+00,6.490708572451058846e-16,1.210848155949129534e+00
8.192000000000000000e+03,8.000000000000000444e-01,3.384103737064216716e-02,4.564137841638268895e-08,4.243653561361555291e-06,5.418776898108685713e-06,2.000000000000000000e+00,8.345358403254192320e-16,1.224748438524983385e+00
8.192000000000000000e+03,8.000000000000000444e-01,3.714237756824303321e-02,5.009389314250136286e-08,4.576768867422818300e-06,5.947402123146155731e-06,2.000000000000000000e+00,1.048964022159650356e-15,1.239150839920860392e+00
8.192000000000000000e+03,8.000000000000000444e-01,4.076577784281278094e-02,5.498077002143330243e-08,4.931652196455677849e-06,6.527597035181342472e-06,2.000000000000000000e+00,1.111758942257661671e-15,1.254026733926899340e+00
8.192000000000000000e+03,8.000000000000000444e-01,4.474265655385659124e-02,6.034438296801131162e-08,5.309304258263279992e-06,7.164392481194453889e-06,2.000000000000000000e+00,1.125587472032655998e-15,1.269343068498113070e+00
8.192000000000000000e+03,8.000000000000000444e-01,4.910749705832751638e-02,6.623123965652812965e-08,5.710750647687514447e-06,7.863310089142100178e-06,2.000000000000000000e+00,7.405787029651050265e-16,1.285062732022687726e+00
8.192000000000000000e+03,8.000000000000000444e-01,5.389814671444197181e-02,7.269238478692884260e-08,6.137044334030187361e-06,8.630410145773511596e-06,2.000000000000000000e+00,1.110943401692721995e-15,1.301145011404969409e+00
8.192000000000000000e+03,8.000000000000000444e-01,5.915614505461519457e-02,7.978384269137086120e-08,6.589268602586411060e-06,9.472344145135535724e-06,2.000000000000000000e+00,1.235664954936675119e-15,1.317546133152653454e+00
8.192000000000000000e+03,8.000000000000000444e-01,6.492708397309325530e-02,8.756710311897783009e-08,7.068540401220256178e-06,1.039641246341273724e-05,2.000000000000000000e+00,1.188279993828638245e-15,1.334219874419453333e+00
8.192000000000000000e+03,8.000000000000000444e-01,7.126100305145238734e-02,9.610965441100547330e-08,7.576014048909901534e-06,1.141062766019856277e-05,2.000000000000000000e+00,9.950117531641929275e-16,1.351118216761669544e+00
8.192000000000000000e+03,8.000000000000000444e-01,7.821282344981904389e-02,1.054855686895623527e-07,8.112885249867105120e-06,1.252378395508063985e-05,2.000000000000000000e+00,1.565197922556091217e-15,1.368192028490543777e+00
8.192000000000000000e+03,8.000000000000000444e-01,8.584282412606154822e-02,1.157761441340299244e-07,8.680395358168403950e-06,1.374553348196850229e-05,2.000000000000000000e+00,9.744609295640942901e-16,1.385391754126210628e+00
8.192000000000000000e+03,8.000000000000000444e-01,9.421716451223406674e-02,1.270706099143395331e-07,9.279835834727125099e-06,1.508646998236246494e-05,2.000000000000000000e+00,8.463868089134175814e-16,1.402668074431520751e+00
8.192000000000000000e+03,8.000000000000000444e-01,1.034084581803782071e-01,1.394668998935526502e-07,9.912552860196138384e-06,1.655822066326445154e-05,2.000000000000000000e+00,1.449441732965840730e-15,1.419972528384843002e+00
8.192000000000000000e+03,8.000000000000000444e-01,1.134964024719137682e-01,1.530725018084866748e-07,1.057995204962794231e-05,1.817354701622674905e-05,2.000000000000000000e+00,1.309576993809571049e-15,1.437258098063743716e+00
8.192000000000000000e+03,8.000000000000000444e-01,1.245684695501135669e-01,1.680053892916016630e-07,1.128350323070630405e-05,1.994645547173726287e-05,2.000000000000000000e+00,7.201961043135364541e-16,1.454479709234352214e+00
8.192000000000000000e+03,8.000000000000000444e-01,1.367206648677477265e-01,1.843950448156695988e-07,1.202474527800662842e-05,2.189231884842047498e-05,2.000000000000000000e+00,1.069341541201853310e-15,1.471594660827003409e+00
8.192000000000000000e+03,8.000000000000000444e-01,1.500583596265431252e-01,2.023835824311414245e-07,1.280529096465604382e-05,2.402800965013582451e-05,2.000000000000000000e+00,9.743014765124390405e-16,1.488562975421674039e+00
8.192000000000000000e+03,8.000000000000000444e-01,1.646972044466762097e-01,2.221269800314177437e-07,1.362683184383562947e-05,2.637204636678656743e-05,2.000000000000000000e+00,1.181825195166130157e-15,1.505347663663956226e+00
8.192000000000000000e+03,8.000000000000000444e-01,1.807641321686966340e-01,2.437964318309530556e-07,1.449114314325752720e-05,2.894475404740853765e-05,2.000000000000000000e+00,1.289475374421957878e-15,1.521914909590210030e+00
8.192000000000000000e+03,8.000000000000000444e-01,1.983984584831330611e-01,2.675798327834722208e-07,1.540008869571897376e-05,3.176844053786096980e-05,2.000000000000000000e+00,8.065654116273300654e-16,1.538234183917408515e+00
8.192000000000000000e+03,8.000000000000000444e-01,2.177530899312997703e-01,2.936834078116344254e-07,1.635562589730531300e-05,3.486758991126989439e-05,2.000000000000000000e+00,5.817369418702386532e-16,1.554278282430452407e+00
8.192000000000000000e+03,8.000000000000000444e-01,2.389958497518257508e-01,3.223334999751228995e-07,1.735981073810647542e-05,3.826907476845094766e-05,2.000000000000000000e+00,8.143056766202510793e-16,1.570023303788673275e+00
8.192000000000000000e+03,8.000000000000000444e-01,2.623109330692758312e-01,3.537785330823049815e-07,1.841480289790909769e-05,4.200238924916127999e-05,2.000000000000000000e+00,1.789981332204377635e-15,1.585448583496534170e+00
8.192000000000000000e+03,8.000000000000000444e-01,2.879005040427426998e-01,3.882911657631843441e-07,1.952287094729005421e-05,4.609990477461112864e-05,2.000000000000000000e+00,9.142821726961087913e-16,1.600536570654751856e+00
8.192000000000000000e+03,8.000000000000000444e-01,3.159864488232180801e-01,4.261706556815213371e-07,2.068639767899510288e-05,5.059715073876781892e-05,2.000000000000000000e+00,1.183205725758945064e-15,1.615272686324139784e+00
8.192000000000000000e+03,8.000000000000000444e-01,3.468122995195746516e-01,4.677454543861222087e-07,2.190788557361522798e-05,5.553312258231638655e-05,2.000000000000000000e+00,1.152197076962284797e-15,1.629645150709565726e+00
8.192000000000000000e+03,8.000000000000000444e-01,3.806453458557843006e-01,5.133760553011393686e-07,2.318996245242550410e-05,6.095061992057290761e-05,2.000000000000000000e+00,1.134466099123863454e-15,1.643644787964706033e+00
8.192000000000000000e+03,8.000000000000000444e-01,4.177789528294744703e-01,5.634581195502016828e-07,2.453538732140243703e-05,6.689661765724517876e-05,2.000000000000000000e+00,1.463584542503685342e-15,1.657264828045296845e+00
8.192000000000000000e+03,8.000000000000000444e-01,4.585351044681371113e-01,6.184259067182574015e-07,2.594705644063626711e-05,7.342267330195157598e-05,2.000000000000000000e+00,1.192869385988129642e-15,1.670500705000189434e+00
8.192000000000000000e+03,8.000000000000000444e-01,5.032671957398134888e-01,6.787560402991478496e-07,2.742800962893132501e-05,8.058537402333461742e-05,2.000000000000000000e+00,1.372423703970790579e-15,1.683349847866429272e+00
8.192000000000000000e+03,8.000000000000000444e-01,5.523630968267885244e-01,7.449716404789422861e-07,2.898143685247078885e-05,8.844682731414670073e-05,2.000000000000000000e+00,1.480878431508346229e-15,1.695811479920614318e+00
8.192000000000000000e+03,8.000000000000000444e-01,6.062485163325019855e-01,8.176468600902471893e-07,3.061068508647104620e-05,9.707519952284753180e-05,2.000000000000000000e+00,1.802080688780983264e-15,1.707886432993181103e+00
8.192000000000000000e+03,8.000000000000000444e-01,6.653906925838914965e-01,8.974118630685482806e-07,3.231926548893704126e-05,1.065453069212963654e-04,2.000000000000000000e+00,1.028887848606830456e-15,1.719576954177067130e+00
8.192000000000000000e+03,8.000000000000000444e-01,7.303024450363239106e-01,9.849582885786067077e-07,3.411086092030394287e-05,1.169392644336666678e-04,2.000000000000000000e+00,1.219598136319241357e-15,1.730886536338540171e+00
8.192000000000000000e+03,8.000000000000000444e-01,8.015466209106777429e-01,1.081045248190122821e-06,3.598933379301419498e-05,1.283471976516847694e-04,2.000000000000000000e+00,1.343409664560444468e-15,1.741819760399415440e+00
8.192000000000000000e+03,8.000000000000000444e-01,8.797409756191769681e-01,1.186505908103922294e-06,3.795873430658322896e-05,1.408680243100459133e-04,2.000000000000000000e+00,1.389114043458621669e-15,1.752382142872145110e+00
8.192000000000000000e+03,8.000000000000000444e-01,9.655635292979763973e-01,1.302254713502911996e-06,4.002330906642181458e-05,1.546103119981536702e-04,2.000000000000000000e+00,1.531682704734514363e-15,1.762580001718908163e+00
8.192000000000000000e+03,8.000000000000000444e-01,1.059758445892763357e+00,1.429295317669848981e-06,4.218751011666282654e-05,1.696932195453646115e-04,2.000000000000000000e+00,1.180418819472926506e-15,1.772420329778747750e+00
8.192000000000000000e+03,8.000000000000000444e-01,1.163142485774706802e+00,1.568729284625000878e-06,4.445600440747462525e-05,1.862475302424539559e-04,2.000000000000000000e+00,1.151591480926234102e-15,1.781910683174593224e+00
8.192000000000000000e+03,8.000000000000000444e-01,1.276612087837102782e+00,1.721765640743888321e-06,4.683368371068703497e-05,2.044167858583207352e-04,2.000000000000000000e+00,1.541340769879266983e-15,1.791059082144305314e+00
8.192000000000000000e+03,8.000000000000000444e-01,1.401151142481331879e+00,1.889731358176857221e-06,4.932567500821992553e-05,2.243585312849514938e-04,2.000000000000000000e+00,1.575931321782686915e-15,1.799873918795519945e+00
8.192000000000000000e+03,8.000000000000000444e-01,1.537839522891347510e+00,2.074082860971749496e-06,5.193735138091963506e-05,2.462456806029048430e-04,2.000000000000000000e+00,1.116210342391036404e-15,1.808363875179676228e+00
8.192000000000000000e+03,8.000000000000000444e-01,1.687862448571069818e+00,2.276418653668849544e-06,5.467434341431259018e-05,2.702680164124211131e-04,2.000000000000000000e+00,1.361190889802702312e-15,1.816537852814766651e+00
8.192000000000000000e+03,8.000000000000000444e-01,1.852520762335491344e+00,2.498493181870076081e-06,5.754255114445450950e-05,2.966338354307890865e-04,2.000000000000000000e+00,1.766595359298618246e-15,1.824404909960889221e+00
8.192000000000000000e+03,8.000000000000000444e-01,2.033242209866937600e+00,2.742232044966951175e-06,6.054815656928242475e-05,3.255717546248890833e-04,2.000000000000000000e+00,1.423625540344569943e-15,1.831974205808942102e+00
8.192000000000000000e+03,8.000000000000000444e-01,2.231593819641043641e+00,3.009748692936270179e-06,6.369763675132995048e-05,3.573326935398121957e-04,2.000000000000000000e+00,1.692261041585401194e-15,1.839254950903018049e+00
8.192000000000000000e+03,8.000000000000000444e-01,2.449295490568244471e+00,3.303362751980661376e-06,6.699777753989650468e-05,3.921920500122402548e-04,2.000000000000000000e+00,1.213934438203369264e-15,1.846256364140717032e+00
8.192000000000000000e+03,8.000000000000000444e-01,2.688234905168762179e+00,3.625620137915052820e-06,7.045568793766346155e-05,4.304520881341250571e-04,2.000000000000000000e+00,1.228043168845373041e-15,1.852987637366757312e+00
8.192000000000000000e+03,8.000000000000000444e-01,2.950483897592566240e+00,3.979315131701313740e-06,7.407881513542940164e-05,4.724445591725926472e-04,2.000000000000000000e+00,1.333876333351991829e-15,1.859457903932618450e+00
8.192000000000000000e+03,8.000000000000000444e-01,3.238316418410812858e+00,4.367514608547246551e-06,7.787496025241732892e-05,5.185335781719740056e-04,2.000000000000000000e+00,1.694371539632716103e-15,1.865676210636561194e+00
8.192000000000000000e+03,8.000000000000000444e-01,3.554228251950673378e+00,4.793584630659351285e-06,8.185229480940640803e-05,5.691187811808517440e-04,2.000000000000000000e+00,1.364435419540473117e-15,1.871651493783634379e+00
8.192000000000000000e+03,8.000000000000000444e-01,3.900958657141877506e+00,5.261219634234217726e-06,8.601937797128258621e-05,6.246387904803275219e-04,2.000000000000000000e+00,1.509146548456343283e-15,1.877392561960977702e+00
8.192000000000000000e+03,8.000000000000000444e-01,4.281514119521809825e+00,5.774474463767665697e-06,9.038517457430166589e-05,6.855750178603546964e-04,2.000000000000000000e+00,1.446750926177948523e-15,1.882908078633850124e+00
8.192000000000000000e+03,8.000000000000000444e-01,4.699194420351926915e+00,6.337799531449956402e-06,9.495907400533969481e-05,7.524558389222054311e-04,2.000000000000000000e+00,1.953065895982694632e-15,1.888206548177576494e+00
8.192000000000000000e+03,8.000000000000000444e-01,5.157621248889634913e+00,6.956079406512624582e-06,9.975090993425099332e-05,8.258611746022630944e-04,2.000000000000000000e+00,1.542753306248755640e-15,1.893296306458017497e+00
8.192000000000000000e+03,8.000000000000000444e-01,5.660769605911654345e+00,7.634675169133817616e-06,1.047709809635428329e-04,9.064275196433732671e-04,2.000000000000000000e+00,1.828248748580372922e-15,1.898185511803095693e+00
8.192000000000000000e+03,8.000000000000000444e-01,6.213002270787517212e+00,8.379470896151106733e-06,1.100300722151869302e-04,9.948534616154216387e-04,2.000000000000000000e+00,1.394551185226586425e-15,1.902882139368571757e+00
8.192000000000000000e+03,8.000000000000000444e-01,6.819107630965697275e+00,9.196924681657366225e-06,1.155394779077247123e-04,1.091905738340325080e-03,2.000000000000000000e+00,1.424817125512940506e-15,1.907393973461147141e+00
8.192000000000000000e+03,8.000000000000000444e-01,7.484341201890557294e+00,1.009412463487756324e-05,1.213110249746321759e-04,1.198425886245163769e-03,2.000000000000000000e+00,1.507442751603750862e-15,1.911728607924857215e+00
8.192000000000000000e+03,8.000000000000000444e-01,8.214471197367474886e+00,1.107885034088157558e-05,1.273570977220894339e-04,1.315337537291026747e-03,2.000000000000000000e+00,1.468490959806939063e-15,1.915893442676996017e+00
8.192000000000000000e+03,8.000000000000000444e-01,9.015828545515137904e+00,1.215964031705665892e-05,1.336906636473615413e-04,1.443654427748980061e-03,2.000000000000000000e+00,1.959934016432509820e-15,1.919895682734622966e+00
8.192000000000000000e+03,8.000000000000000444e-01,9.895361783991086568e+00,1.334586605025159745e-05,1.403253003800333559e-04,1.584489188266894602e-03,2.000000000000000000e+00,2.104694616071446901e-15,1.923742340297696529e+00
8.192000000000000000e+03,8.000000000000000444e-01,1.086069731048512566e+01,1.464781325656610641e-05,1.472752238691622914e-04,1.739062991445500337e-03,2.000000000000000000e+00,1.633984507467097948e-15,1.927440233827695693e+00
8.192000000000000000e+03,8.000000000000000444e-01,1.192020551090998204e+01,1.607677106838550888e-05,1.545553178159869473e-04,1.908716140577375667e-03,2.000000000000000000e+00,1.598797253050719149e-15,1.930995991635068521e+00
8.192000000000000000e+03,8.000000000000000444e-01,1.308307333868436828e+01,1.764512992199829128e-05,1.621811644327132522e-04,2.094919691363445868e-03,2.000000000000000000e+00,2.653157573050617367e-15,1.934416054803907770e+00
8.192000000000000000e+03,8.000000000000000444e-01,1.435938397444013681e+01,1.936648899457561277e-05,1.701690765599875061e-04,2.299288207378371012e-03,2.000000000000000000e+00,2.017069730509529110e-15,1.937706679985012670e+00
8.192000000000000000e+03,8.000000000000000444e-01,1.576020425688008864e+01,2.125577412209511311e-05,1.785361312272456494e-04,2.523593759887019384e-03,2.000000000000000000e+00,1.900609100155205719e-15,1.940873943915558897e+00
8.192000000000000000e+03,8.000000000000000444e-01,1.729768064289583052e+01,2.332936722067054843e-05,1.873002046744597256e-04,2.769781293403863077e-03,2.000000000000000000e+00,1.582111316524345850e-15,1.943923747777301259e+00
8.192000000000000000e+03,8.000000000000000444e-01,1.898514452901164873e+01,2.560524833349384050e-05,1.964800089395945235e-04,3.039985490229392927e-03,2.000000000000000000e+00,1.705512472870699078e-15,1.946861821105667190e+00
8.192000000000000000e+03,8.000000000000000444e-01,2.083722784739306277e+01,2.810315153507385172e-05,2.060951300344412475e-04,3.336549280195363291e-03,2.000000000000000000e+00,1.799439337829040618e-15,1.949693728162220197e+00
8.192000000000000000e+03,8.000000000000000444e-01,2.286998993874799879e+01,3.084473604461064166e-05,2.161660677919839712e-04,3.662044156116071609e-03,2.000000000000000000e+00,2.617857250291926266e-15,1.952424872506167475e+00
8.192000000000000000e+03,8.000000000000000444e-01,2.510105680223060176e+01,3.385377403222269852e-05,2.267142774476732189e-04,4.019292471100155244e-03,2.000000000000000000e+00,1.757223656906135962e-15,1.955060503022671980e+00
8.192000000000000000e+03,8.000000000000000444e-01,2.754977392977799511e+01,3.715635674648738713e-05,2.377622130117502247e-04,4.411391911062006836e-03,2.000000000000000000e+00,1.570260973330360927e-15,1.957605719534477373e+00
8.192000000000000000e+03,8.000000000000000444e-01,3.023737405010098200e+01,4.078112075061901846e-05,2.493333725160822370e-04,4.841742354633056869e-03,2.000000000000000000e+00,2.417637411550565322e-15,1.960065478628855828e+00
8.192000000000000000e+03,8.000000000000000444e-01,3.318716123682862928e+01,4.475949622896738456e-05,2.614523451888853050e-04,5.314075353373912299e-03,2.000000000000000000e+00,1.767502416205820422e-15,1.962444599980628368e+00
8.192000000000000000e+03,8.000000000000000444e-01,3.642471297720321388e+01,4.912597951689535032e-05,2.741448606410448502e-04,5.832486487909427711e-03,2.000000000000000000e+00,2.235680568879382033e-15,1.964747772902008194e+00
8.192000000000000000e+03,8.000000000000000444e-01,3.997810195345353179e+01,5.391843221712904524e-05,2.874378401207910018e-04,6.401470880545199506e-03,2.000000000000000000e+00,3.221155111694787347e-15,1.966979561515259434e+00
8.192000000000000000e+03,8.000000000000000444e-01,4.387813945990477293e+01,5.917840949620761505e-05,3.013594499465017821e-04,7.025962172294107112e-03,2.000000000000000000e+00,3.411478996428422935e-15,1.969144411752374424e+00
8.192000000000000000e+03,8.000000000000000444e-01,4.815864256648467290e+01,6.495152040767751772e-05,3.159391571334010159e-04,7.711375302281070314e-03,2.000000000000000000e+00,3.976633046914975956e-15,1.971246658576347954e+00
8.192000000000000000e+03,8.000000000000000444e-01,5.285672734519026505e+01,7.128782336637964423e-05,3.312077873464861063e-04,8.463653460464577727e-03,2.000000000000000000e+00,3.664050480805897107e-15,1.973290530688622368e+00
8.192000000000000000e+03,8.000000000000000444e-01,5.801313070207100253e+01,7.824226020297222008e-05,3.471975852358149314e-04,9.289319620800288654e-03,2.000000000000000000e+00,2.912327173056505722e-15,1.975280158056122559e+00
8.192000000000000000e+03,8.000000000000000444e-01,6.367256360531790449e+01,8.587513256235514971e-05,3.639422772136051182e-04,1.019553310168828594e-02,2.000000000000000000e+00,3.196729120551354944e-15,1.977219578458836224e+00
8.192000000000000000e+03,8.000000000000000444e-01,6.988409877228922085e+01,9.425262477683293534e-05,3.814771367825889651e-04,1.119015164413798315e-02,2.000000000000000000e+00,2.021441514830264832e-15,1.979112743236221661e+00
8.192000000000000000e+03,8.000000000000000444e-01,7.670159617708848998e+01,1.034473777478245440e-04,3.998390524755678684e-04,1.228179954592750235e-02,2.000000000000000000e+00,4.418784455549719669e-15,1.980963524044518920e+00
8.192000000000000000e+03,8.000000000000000444e-01,8.418417006825542614e+01,1.135391188122272262e-04,4.190665984872651742e-04,1.347994244254631206e-02,2.000000000000000000e+00,4.630264285625816414e-15,1.982775719596205022e+00
8.192000000000000000e+03,8.000000000000000444e-01,9.239670154606118047e+01,1.246153530549801202e-04,4.392001080714360195e-04,1.479496938334365699e-02,2.000000000000000000e+00,3.212005066562883736e-15,1.984553062046529703e+00
8.192000000000000000e+03,8.000000000000000444e-01,1.014104011439449948e+02,1.367721220621710102e-04,4.602817497902900157e-04,1.623828291456173162e-02,2.000000000000000000e+00,5.163476480006702835e-15,1.986299222800468556e+00
8.192000000000000000e+03,8.000000000000000444e-01,1.113034262922157893e+02,1.501148366938073026e-04,4.823556066938605811e-04,1.782239795036037397e-02,2.000000000000000000e+00,4.440680141643628953e-15,1.988017819890039561e+00
8.192000000000000000e+03,8.000000000000000444e-01,1.221615590180160211e+02,1.647591910971827819e-04,5.054677584673499110e-04,1.956105028913907029e-02,2.000000000000000000e+00,5.253572657095887666e-15,1.989712423995740664e+00
8.192000000000000000e+03,8.000000000000000444e-01,1.340789497578647911e+02,1.808321658862239664e-04,5.296663666813001582e-04,2.146931571609815570e-02,2.000000000000000000e+00,8.389650103119767528e-15,1.991386564570269968e+00
8.192000000000000000e+03,8.000000000000000444e-01,1.471589337323438542e+02,1.984731291853372682e-04,5.550017631461554891e-04,2.356374072477199558e-02,2.000000000000000000e+00,7.814264068697326526e-15,1.993043736473339322e+00
8.192000000000000000e+03,8.000000000000000444e-01,1.615149269616805725e+02,2.178350450848660609e-04,5.815265414936632380e-04,2.586248599101553802e-02,2.000000000000000000e+00,5.882509037640293377e-15,1.994687406959407383e+00
8.192000000000000000e+03,8.000000000000000444e-01,1.772714096915433686e+02,2.390857999866275254e-04,6.092956519730087159e-04,2.838548384350154941e-02,2.000000000000000000e+00,5.192167512805398992e-15,1.996321021737458068e+00
8.192000000000000000e+03,8.000000000000000444e-01,1.945650057562954487e+02,2.624096583402179129e-04,6.383664996145378039e-04,3.115461109614887578e-02,2.000000000000000000e+00,7.849968234464662777e-15,1.997948011189919271e+00
8.192000000000000000e+03,8.000000000000000444e-01,2.135456672388215225e+02,2.880088603927166788e-04,6.687990457056823806e-04,3.419387874110470238e-02,2.000000000000000000e+00,7.767519136958661761e-15,1.999571797124666261e+00
8.192000000000000000e+03,8.000000000000000444e-01,2.343779746990713306e+02,3.161053758058212054e-04,7.006559127145297206e-04,3.752964014710195167e-02,2.000000000000000000e+00,9.753142929381914880e-15,2.001195799434000833e+00
8.192000000000000000e+03,8.000000000000000444e-01,2.572425642455365846e+02,3.469428283459377810e-04,7.340024925972061728e-04,4.119081956846944170e-02,2.000000000000000000e+00,1.005428520745963162e-14,2.002823442855856229e+00
8.192000000000000000e+03,8.000000000000000444e-01,2.823376938237584568e+02,3.807886083361641176e-04,7.689070586095144745e-04,4.520916294618996384e-02,2.000000000000000000e+00,8.405071376225760939e-15,2.004458162781958208e+00
8.192000000000000000e+03,8.000000000000000444e-01,3.098809623030785474e+02,4.179361911871332818e-04,8.054408805685287246e-04,4.961951317569041064e-02,2.000000000000000000e+00,8.578820047437340411e-15,2.006103412928034402e+00
8.192000000000000000e+03,8.000000000000000444e-01,3.401111962677703673e+02,4.587076821106132567e-04,8.436783435724691353e-04,5.446011222820060227e-02,3.000000000000000000e+00,8.182112936130507304e-15,2.007762671506235108e+00
8.192000000000000000e+03,8.000000000000000444e-01,3.732905208728423645e+02,5.034566090809731564e-04,8.836970702080855673e-04,5.977293274536318174e-02,2.000000000000000000e+00,8.245727751122334885e-15,2.009439448177580800e+00
8.192000000000000000e+03,8.000000000000000444e-01,4.097066327208179928e+02,5.525709882621700729e-04,9.255780461473082314e-04,6.560404198233772688e-02,2.000000000000000000e+00,9.708346566947854459e-15,2.011137290994241766e+00
8.192000000000000000e+03,8.000000000000000444e-01,4.496752944675268964e+02,6.064766884804645864e-04,9.694057491599488178e-04,7.200400125513695127e-02,2.000000000000000000e+00,8.455902568076235216e-15,2.012859793031040567e+00
8.192000000000000000e+03,8.000000000000000444e-01,4.935430727875117896e+02,6.656411239160449789e-04,1.015268281416548428e-03,7.902830435578320212e-02,2.000000000000000000e+00,9.151764817084714190e-15,2.014610600053515554e+00
8.192000000000000000e+03,8.000000000000000444e-01,5.416903434398697073e+02,7.305773070327791332e-04,1.063257505014401135e-03,8.673785873677032632e-02,2.000000000000000000e+00,9.017739352628327352e-15,2.016393417533947741e+00
8.192000000000000000e+03,8.000000000000000444e-01,5.945345894913117490e+02,8.018482968888603632e-04,1.113469180622334758e-03,9.519951363715885295e-02,2.000000000000000000e+00,9.214756409711986615e-15,2.018212017378814949e+00
8.192000000000000000e+03,8.000000000000000444e-01,6.525340212952120282e+02,8.800720813994816370e-04,1.166003109121124771e-03,1.044866397296661392e-01,2.000000000000000000e+00,1.606973276354545843e-14,2.020070246095670541e+00
8.192000000000000000e+03,8.000000000000000444e-01,7.161915496153359300e+02,9.659269358854403065e-04,1.220963275991950687e-03,1.146797653148479562e-01,2.000000000000000000e+00,1.645345116370442351e-14,2.021972032387282070e+00
8.192000000000000000e+03,8.000000000000000444e-01,7.860591463450456331e+02,1.060157304371434246e-03,1.278457998365439352e-03,1.258672745787857705e-01,2.000000000000000000e+00,1.474075438752698137e-14,2.023921393874303476e+00
8.192000000000000000e+03,8.000000000000000444e-01,8.627426306336208199e+02,1.163580254630573350e-03,1.338600074439935238e-03,1.381461739688468193e-01,2.000000000000000000e+00,1.890138451552020432e-14,2.025922446136334543e+00
8.192000000000000000e+03,8.000000000000000444e-01,9.469069219199622012e+02,1.277092562946483337e-03,1.401506934936026880e-03,1.516229333327239193e-01,2.000000000000000000e+00,1.207273567240962041e-14,2.027979410409955108e+00
8.192000000000000000e+03,8.000000000000000444e-01,1.039281805422582238e+03,1.401678490024768544e-03,1.467300796413372691e-03,1.664144091142472359e-01,2.000000000000000000e+00,1.625924795374694697e-14,2.030096621459151152e+00
8.192000000000000000e+03,8.000000000000000444e-01,1.140668260078173489e+03,1.538418315478395091e-03,1.536108815949357130e-03,1.826488576109552564e-01,2.000000000000000000e+00,1.882744049376924566e-14,2.032278536411283199e+00
8.192000000000000000e+03,8.000000000000000444e-01,1.251945403798075404e+03,1.688497704889201220e-03,1.608063246867997252e-03,2.004670470793439574e-01,2.000000000000000000e+00,1.841012921025777231e-14,2.034529743167283300e+00
8.192000000000000000e+03,8.000000000000000444e-01,1.374078116264679238e+03,1.853217990666946148e-03,1.683301594993559741e-03,2.200234783308137321e-01,2.000000000000000000e+00,2.147001023993837136e-14,2.036854969555321304e+00
8.192000000000000000e+03,8.000000000000000444e-01,1.508125405364735343e+03,2.034007455850820635e-03,1.761966774937988572e-03,2.414877244020533775e-01,2.000000000000000000e+00,1.868525172572377924e-14,2.039259092008009588e+00
8.192000000000000000e+03,8.000000000000000444e-01,1.655249589804563811e+03,2.232433718694797932e-03,1.844207265861386126e-03,2.650459009160878177e-01,2.000000000000000000e+00,1.646893256694794400e-14,2.041747145181147971e+00
8.192000000000000000e+03,8.000000000000000444e-01,1.816726377529303136e+03,2.450217325423130043e-03,1.930177265985936553e-03,2.909022798834390300e-01,2.000000000000000000e+00,3.599691474340773530e-14,2.044324331691370844e+00
8.192000000000000000e+03,8.000000000000000444e-01,1.993955927335668775e+03,2.689246669018101072e-03,2.020036845224967934e-03,3.192810609365894781e-01,2.000000000000000000e+00,3.047075536111469654e-14,2.046996031387692483e+00
8.192000000000000000e+03,8.000000000000000444e-01,2.188474989593152259e+03,2.951594363400415321e-03,2.113952095114347059e-03,3.504283153560722730e-01,2.000000000000000000e+00,3.568748698526373293e-14,2.049767811887406310e+00
8.192000000000000000e+03,8.000000000000000444e-01,2.401970231345279444e+03,3.239535214981970578e-03,2.212095275112110904e-03,3.846141197447455751e-01,2.000000000000000000e+00,2.548174339223506300e-14,2.052645439245040393e+00
8.192000000000000000e+03,8.000000000000000444e-01,2.636292861332386110e+03,3.555565947421678117e-03,2.314644954375934868e-03,4.221348978512622363e-01,2.000000000000000000e+00,2.802697353513667615e-14,2.055634888201382182e+00
8.192000000000000000e+03,8.000000000000000444e-01,2.893474681748894000e+03,3.902426850616894267e-03,2.421786147968683738e-03,4.633159908485914857e-01,2.000000000000000000e+00,3.675388819890443163e-14,2.058742353291705740e+00
8.192000000000000000e+03,8.000000000000000444e-01,3.175745705919224292e+03,4.283125541647992557e-03,2.533710446305805462e-03,5.085144783543732450e-01,2.000000000000000000e+00,3.410809612683354359e-14,2.061974260564397810e+00
8.192000000000000000e+03,8.000000000000000444e-01,3.485553494654588576e+03,4.700963043706375168e-03,2.650616136615497297e-03,5.581222746540726032e-01,2.000000000000000000e+00,3.688114955757988622e-14,2.065337279084914712e+00
8.192000000000000000e+03,8.000000000000000444e-01,3.825584378955255943e+03,5.159562409135033494e-03,2.772708315110969032e-03,6.125695269741322502e-01,2.000000000000000000e+00,3.583770759766558817e-14,2.068838332862199536e+00
8.192000000000000000e+03,8.000000000000000444e-01,4.198786753079737537e+03,5.662900134771210042e-03,2.900198988377463306e-03,6.723283452714532427e-01,2.000000000000000000e+00,3.690149948205542510e-14,2.072484613597637804e+00
8.192000000000000000e+03,8.000000000000000444e-01,4.608396639953993144e+03,6.215340641992128483e-03,3.033307162406873383e-03,7.379168958800308431e-01,2.000000000000000000e+00,4.141964265727716750e-14,2.076283593396127003e+00
8.192000000000000000e+03,8.000000000000000444e-01,5.057965750597370970e+03,6.821674120438969355e-03,3.172258917656739508e-03,8.099038945106042942e-01,2.000000000000000000e+00,4.102731750073541706e-14,2.080243038035433756e+00
8.192000000000000000e+03,8.000000000000000444e-01,5.551392280867435147e+03,7.487158063560520396e-03,3.317287468269313876e-03,8.889135375619400259e-01,2.000000000000000000e+00,3.555400197370286371e-14,2.084371020680848119e+00
8.192000000000000000e+03,8.000000000000000444e-01,6.092954712561007909e+03,8.217562856129493123e-03,3.468633203610026021e-03,9.756309145029474772e-01,2.000000000000000000e+00,4.399608943922988151e-14,2.088675935781537873e+00
8.192000000000000000e+03,8.000000000000000444e-01,6.687348911959559700e+03,9.019221809019250038e-03,3.626543710059866241e-03,1.070807948256199627e+00,2.000000000000000000e+00,3.495779590342853399e-14,2.093166513830112763e+00
8.192000000000000000e+03,8.000000000000000444e-01,7.339728847498622599e+03,9.899086075090024126e-03,3.791273770892879431e-03,1.175269915091633699e+00,2.000000000000000000e+00,6.668081545798607076e-14,2.097851836352049304e+00
8.192000000000000000e+03,8.000000000000000444e-01,8.055751279622963011e+03,1.086478492235871257e-02,3.963085342024026160e-03,1.289922600564240573e+00,2.000000000000000000e+00,7.604068654059617975e-14,2.102741351294469041e+00
8.192000000000000000e+03,8.000000000000000444e-01,8.841624810331140907e+03,1.192469188707804065e-02,4.142247501208668262e-03,1.415760153544543209e+00,2.000000000000000000e+00,6.720789483066043466e-14,2.107844889167509450e+00
8.192000000000000000e+03,8.000000000000000444e-01,9.704163717716221072e+03,1.308799738033599239e-02,4.329036368201046557e-03,1.553873706443867020e+00,2.000000000000000000e+00,6.398872716478261368e-14,2.113172679470153525e+00
8.192000000000000000e+03,8.000000000000000444e-01,1.065084704229979434e+04,1.436478837774442067e-02,4.523734993314104322e-03,1.705460836380033207e+00,2.000000000000000000e+00,7.256784591262422308e-14,2.118735367559523297e+00
8.192000000000000000e+03,8.000000000000000444e-01,1.168988343749449086e+04,1.576613588320286211e-02,4.726633211671655080e-03,1.871835949320854509e+00,2.000000000000000000e+00,7.270188777993263101e-14,2.124544032601789922e+00
8.192000000000000000e+03,8.000000000000000444e-01,1.283028234651105777e+04,1.730419092513278342e-02,4.938027460296074041e-03,2.054441677245975040e+00,2.000000000000000000e+00,7.502629956193356794e-14,2.130610206092683256e+00
8.192000000000000000e+03,8.000000000000000444e-01,1.408193212288143332e+04,1.899228991756083534e-02,5.158220555244908030e-03,2.254861387151280372e+00,2.000000000000000000e+00,6.252211433084477321e-14,2.136945889760482942e+00
8.192000000000000000e+03,8.000000000000000444e-01,1.545568577197866580e+04,2.084507029963408170e-02,5.387521426065723651e-03,2.474832910361099980e+00,2.000000000000000000e+00,8.064724069676747246e-14,2.143563575324179737e+00
8.192000000000000000e+03,8.000000000000000444e-01,1.696345505699431669e+04,2.287859745627195823e-02,5.626244804205722712e-03,2.716263611194418726e+00,2.000000000000000000e+00,7.788585302112737877e-14,2.150476265259158026e+00
8.192000000000000000e+03,8.000000000000000444e-01,1.861831378536279590e+04,2.511050402047922472e-02,5.874710862731989149e-03,2.981246925644937207e+00,2.000000000000000000e+00,8.612496362020091585e-14,2.157697492902585168e+00
8.192000000000000000e+03,8.000000000000000444e-01,2.043461117122506403e+04,2.756014276520465933e-02,6.133244804346541131e-03,3.272080513481222308e+00,2.000000000000000000e+00,8.003616398847112145e-14,2.165241344309791316e+00
8.192000000000000000e+03,8.000000000000000444e-01,2.242809625689307722e+04,3.024875441046470312e-02,6.402176394594070834e-03,3.591286181163065638e+00,2.000000000000000000e+00,7.826521783778142666e-14,2.173122480685222513e+00
8.192000000000000000e+03,8.000000000000000444e-01,2.461605447216850735e+04,3.319965180078084804e-02,6.681839437589717247e-03,3.941631748324874618e+00,2.000000000000000000e+00,8.881111024505836976e-14,2.181356161123432003e+00
8.192000000000000000e+03,8.000000000000000444e-01,2.701745751561665747e+04,3.643842204992674139e-02,6.972571191407065869e-03,4.326155047429573131e+00,2.000000000000000000e+00,8.679152863268810930e-14,2.189958266965092548e+00
8.192000000000000000e+03,8.000000000000000444e-01,2.965312785740874097e+04,3.999314840577208874e-02,7.274711720377680796e-03,4.748190264692836671e+00,2.000000000000000000e+00,9.271443392998089555e-14,2.198945326688914292e+00
8.192000000000000000e+03,8.000000000000000444e-01,3.254591929013200570e+04,4.389465375900727939e-02,7.588603182020363380e-03,5.211396850679065551e+00,2.000000000000000000e+00,1.681068257552235859e-13,2.208334541483850444e+00
8.192000000000000000e+03,8.000000000000000444e-01,3.572091509311520349e+04,4.817676790720110819e-02,7.914589046238486650e-03,5.719791251251511888e+00,2.000000000000000000e+00,1.382327749160212700e-13,2.218143812479667076e+00
8.192000000000000000e+03,8.000000000000000444e-01,3.920564552854485373e+04,5.287662089162847162e-02,8.253013244736618140e-03,6.277781734014425297e+00,2.000000000000000000e+00,1.717861124881815718e-13,2.228391768600062051e+00
8.192000000000000000e+03,8.000000000000000444e-01,4.303032655527249153e+04,5.803496495037984565e-02,8.604219249178056417e-03,6.890206612225925120e+00,2.000000000000000000e+00,1.588234833443523850e-13,2.239097795600926588e+00
8.192000000000000000e+03,8.000000000000000444e-01,4.722812183019053919e+04,6.369652787939480976e-02,8.968549076592381014e-03,7.562376197619579798e+00,2.000000000000000000e+00,1.668832985105627597e-13,2.250282066849365492e+00
8.192000000000000000e+03,8.000000000000000444e-01,5.183543026898147946e+04,6.991040086540074860e-02,9.346342221196885999e-03,8.300118845906126808e+00,2.000000000000000000e+00,1.622342938545889823e-13,2.261965575007280904e+00
8.192000000000000000e+03,8.000000000000000444e-01,5.689220165966530476e+04,7.673046415363671269e-02,9.737934512324521522e-03,9.109831494213587177e+00,2.000000000000000000e+00,1.846545043449728600e-13,2.274170165858151904e+00
8.192000000000000000e+03,8.000000000000000444e-01,6.244228306562145008e+04,8.421585424131554365e-02,1.014365689826766427e-02,9.998535128674514993e+00,2.000000000000000000e+00,1.682498730967933910e-13,2.286918574823999961e+00
8.192000000000000000e+03,8.000000000000000444e-01,6.853379902172929724e+04,9.243147664783622763e-02,1.056383415665030842e-02,1.097393566311715141e+01,2.000000000000000000e+00,1.735940519439599251e-13,2.300234467198748689e+00
8.192000000000000000e+03,8.000000000000000444e-01,7.521956882029384724e+04,1.014485687079581672e-01,1.099878353193004497e-02,1.204449075673740666e+01,2.000000000000000000e+00,1.918956748369039521e-13,2.314142485648773118e+00
8.192000000000000000e+03,8.000000000000000444e-01,8.255756450502628286e+04,1.113453172678945530e-01,1.144881330048176486e-02,1.321948315012498476e+01,2.000000000000000000e+00,1.888948516956968940e-13,2.328668310686509813e+00
8.192000000000000000e+03,8.000000000000000444e-01,9.061141354432616208e+04,1.222075366403419516e-01,1.191422126258732429e-02,1.450910115553735480e+01,2.000000000000000000e+00,1.867207092743976331e-13,2.343838745598503692e+00
8.192000000000000000e+03,8.000000000000000444e-01,9.945095054252793489e+04,1.341294126969708456e-01,1.239529315765295486e-02,1.592452699934989191e+01,2.000000000000000000e+00,1.932453568692183287e-13,2.359681845363525099e+00
8.192000000000000000e+03,8.000000000000000444e-01,1.091528227729723149e+05,1.472143195503657076e-01,1.289230099336778623e-02,1.747803378269518504e+01,2.000000000000000000e+00,1.932831461826227505e-13,2.376227122382857715e+00
8.192000000000000000e+03,8.000000000000000444e-01,1.198011547834629018e+05,1.615757159068409166e-01,1.340550126885444240e-02,1.918309190103450135e+01,2.000000000000000000e+00,1.831770453578582589e-13,2.393505881649815592e+00
8.192000000000000000e+03,8.000000000000000444e-01,1.314882778368701984e+05,1.773381288623652186e-01,1.393513305425923485e-02,2.105448584542040891e+01,2.000000000000000000e+00,2.003157928817014266e-13,2.411551762335221838e+00
8.192000000000000000e+03,8.000000000000000444e-01,1.443155305118355318e+05,1.946382336720523798e-01,1.448141586243360465e-02,2.310844239823000734e+01,2.000000000000000000e+00,3.531291931767185687e-13,2.430401594121519793e+00
8.192000000000000000e+03,8.000000000000000444e-01,1.583941374055513297e+05,2.136260388558561818e-01,1.504454720901710063e-02,2.536277133494880331e+01,2.000000000000000000e+00,3.622966226112310337e-13,2.450096710356234553e+00
8.192000000000000000e+03,8.000000000000000444e-01,1.738461735578148509e+05,2.344661869164740287e-01,1.562469970486318922e-02,2.783701985202483087e+01,2.000000000000000000e+00,3.150004524732748056e-13,2.470684891446609299e+00
8.192000000000000000e+03,8.000000000000000444e-01,1.908056229588364076e+05,2.573393819479309341e-01,1.622201745870407996e-02,3.055264205983053927e+01,2.000000000000000000e+00,3.702509882094027728e-13,2.492223133955178582e+00
8.192000000000000000e+03,8.000000000000000444e-01,2.094195403190868965e+05,2.824439565135878349e-01,1.683661149252695458e-02,3.353318501040013189e+01,2.000000000000000000e+00,3.268477825862172796e-13,2.514781445027153950e+00
8.192000000000000000e+03,8.000000000000000444e-01,2.298493261748323275e+05,3.099975913798952987e-01,1.746855379359473978e-02,3.680449287297940941e+01,2.000000000000000000e+00,4.037285495423126047e-13,2.538447838212050556e+00
8.192000000000000000e+03,8.000000000000000444e-01,2.522721263857600570e+05,3.402392030176557558e-01,1.811786955890080583e-02,4.039493102778872924e+01,2.000000000000000000e+00,3.930544663063324030e-13,2.550509876231151107e+00
1.638400000000000000e+04,8.000000000000000444e-01,1.333662594949438415e-07,6.359398817774955823e-14,1.516387015965520973e-11,1.516446389418334108e-11,1.000000000000000000e+00,2.450996949832790426e-16,9.996392205453215052e-01
1.638400000000000000e+04,8.000000000000000444e-01,1.470546867336355526e-07,7.012113892251756315e-14,1.672084692941435115e-11,1.672091198994151730e-11,1.000000000000000000e+00,3.446108173157918017e-16,9.998838539748646781e-01
1.638400000000000000e+04,8.000000000000000444e-01,1.621480648270526554e-07,7.731822244026787537e-14,1.843680763630515611e-11,1.843711058474096605e-11,1.000000000000000000e+00,3.136367707892512377e-16,9.999651095224777464e-01
1.638400000000000000e+04,8.000000000000000444e-01,1.787905949218846522e-07,8.525399919599754916e-14,2.032951584872280973e-11,2.032945612765924459e-11,1.000000000000000000e+00,5.324817504877675945e-16,9.999572857047809293e-01
1.638400000000000000e+04,8.000000000000000444e-01,1.971412786616760731e-07,9.400428708156398445e-14,2.241584695664299411e-11,2.241602796419031389e-11,1.000000000000000000e+00,7.324334473255573856e-17,1.000125197453428427e+00
1.638400000000000000e+04,8.000000000000000444e-01,2.173754372781236087e-07,1.036526857748621028e-13,2.471622906372053110e-11,2.471676106512826340e-11,1.000000000000000000e+00,2.496415192292293243e-16,9.999365441558722978e-01
1.638400000000000000e+04,8.000000000000000444e-01,2.396863865986539460e-07,1.142913754456777315e-13,2.725375480886972746e-11,2.725363648397408829e-11,1.000000000000000000e+00,4.228578561190092263e-16,9.997833921477052854e-01
1.638400000000000000e+04,8.000000000000000444e-01,2.642872839731880594e-07,1.260219974389972970e-13,3.005151683100528092e-11,3.005089136248236362e-11,1.000000000000000000e+00,5.752448815711110222e-16,1.000156256666713261e+00
1.638400000000000000e+04,8.000000000000000444e-01,2.914131647655153199e-07,1.389566253497673606e-13,3.313438412588181611e-11,3.313525049072771537e-11,1.000000000000000000e+00,5.216988309207378303e-16,1.000117176817639120e+00
1.638400000000000000e+04,8.000000000000000444e-01,3.213231878657797863e-07,1.532188357666872913e-13,3.653610747345179584e-11,3.653618163400046748e-11,1.000000000000000000e+00,4.171615428190269135e-16,9.998891491698032041e-01
1.638400000000000000e+04,8.000000000000000444e-01,3.543031116775586996e-07,1.689448889148515223e-13,4.028599676156976386e-11,4.028617706590803928e-11,1.000000000000000000e+00,2.882318356102765685e-16,9.999560442602586363e-01
1.638400000000000000e+04,8.000000000000000444e-01,3.906680242349532504e-07,1.862850304770246746e-13,4.442135548386868951e-11,4.442106399743100364e-11,1.000000000000000000e+00,7.783074014435557934e-16,1.000066990733472494e+00
1.638400000000000000e+04,8.000000000000000444e-01,4.307653535330456320e-07,2.054049270310619507e-13,4.897948713398260196e-11,4.898034686775214251e-11,1.000000000000000000e+00,3.529297473496253068e-16,1.000044995937543035e+00
1.638400000000000000e+04,8.000000000000000444e-01,4.749781868322350894e-07,2.264872488175559470e-13,5.400746516816391843e-11,5.400758476708397394e-11,1.000000000000000000e+00,2.133851077926964315e-16,9.999291785904347307e-01
1.638400000000000000e+04,8.000000000000000444e-01,5.237289306488542119e-07,2.497334149593611774e-13,5.955058668582713577e-11,5.955080759736609356e-11,1.000000000000000000e+00,3.870447694176895068e-16,1.000053558659146802e+00
1.638400000000000000e+04,8.000000000000000444e-01,5.774833463993869614e-07,2.753655178067145163e-13,6.566214239216632022e-11,6.566297494680561839e-11,1.000000000000000000e+00,8.813516630680977964e-16,1.000040523577510498e+00
1.638400000000000000e+04,8.000000000000000444e-01,6.367550002545652834e-07,3.036284447930170457e-13,7.240164024131610788e-11,7.240248206231755282e-11,1.000000000000000000e+00,1.114200753789676847e-15,9.999792602465333857e-01
1.638400000000000000e+04,8.000000000000000444e-01,7.021101697169597714e-07,3.347922180733488900e-13,7.983302907951271799e-11,7.983371775389281490e-11,1.000000000000000000e+00,7.265579623249812378e-16,1.000010529703274642e+00
1.638400000000000000e+04,8.000000000000000444e-01,7.741732537991854304e-07,3.691545742984702255e-13,8.802647500193404470e-11,8.802767956107566904e-11,1.000000000000000000e+00,1.189157859460013440e-15,9.999947708364373966e-01
1.638400000000000000e+04,8.000000000000000444e-01,8.536327384912139216e-07,4.070438091713018043e-13,9.706191406637959489e-11,9.706265205881122783e-11,1.000000000000000000e+00,7.517295365948513082e-16,9.999888664029299434e-01
1.638400000000000000e+04,8.000000000000000444e-01,9.412477745104636244e-07,4.488219139625852701e-13,1.070237232227527269e-10,1.070249547831510028e-10,1.000000000000000000e+00,3.357450333870582020e-16,1.000045271789204548e+00
1.638400000000000000e+04,8.000000000000000444e-01,1.037855430178090950e-06,4.948880339518027067e-13,1.180078257404200610e-10,1.180097669224535392e-10,1.000000000000000000e+00,2.801632512366911346e-16,1.000024560920707017e+00
1.638400000000000000e+04,8.000000000000000444e-01,1.144378688714950851e-06,5.456822818350557570e-13,1.301199148513733458e-10,1.301220366531211302e-10,1.000000000000000000e+00,8.623271508906565740e-16,1.000019908442652650e+00
1.638400000000000000e+04,8.000000000000000444e-01,1.261835266362897245e-06,6.016899425329672076e-13,1.434745655718113089e-10,1.434774838076104042e-10,1.000000000000000000e+00,1.082537027711899258e-15,1.000018179912302685e+00
1.638400000000000000e+04,8.000000000000000444e-01,1.391347335579164491e-06,6.634461095710585074e-13,1.582005637726606237e-10,1.582037054541394949e-10,1.000000000000000000e+00,1.456908265478938517e-16,1.000014477571028237e+00
1.638400000000000000e+04,8.000000000000000444e-01,1.534152246198592861e-06,7.315407973282779984e-13,1.744373534658990993e-10,1.744413949507284228e-10,1.000000000000000000e+00,3.963880583435541826e-16,1.000039925469039304e+00
1.638400000000000000e+04,8.000000000000000444e-01,1.691614346992993857e-06,8.066245779957742010e-13,1.923403658750777327e-10,1.923456861203362623e-10,1.000000000000000000e+00,4.742125408923214966e-16,1.000019645469166107e+00
1.638400000000000000e+04,8.000000000000000444e-01,1.865238020570031372e-06,8.894147971010357721e-13,2.120819076137443640e-10,2.120876353892536958e-10,1.000000000000000000e+00,7.719781048895762556e-16,1.000019510650645316e+00
1.638400000000000000e+04,8.000000000000000444e-01,2.056682056146226962e-06,9.807024269801268394e-13,2.338484961501885310e-10,2.338558560490078595e-10,1.000000000000000000e+00,9.855998054428538087e-16,1.000032049015914026e+00
1.638400000000000000e+04,8.000000000000000444e-01,2.267775497510590685e-06,1.081359623675628035e-12,2.578497415916457080e-10,2.578583202554075123e-10,1.000000000000000000e+00,1.787712617011761399e-16,1.000010867568406070e+00
1.638400000000000000e+04,8.000000000000000444e-01,2.500535117589298865e-06,1.192348059458398278e-12,2.843147939706245287e-10,2.843243459809113291e-10,1.000000000000000000e+00,4.907110503395604914e-16,1.000022039820734676e+00
1.638400000000000000e+04,8.000000000000000444e-01,2.757184686562268281e-06,1.314728110581525936e-12,3.134950077801745457e-10,3.135067879035316820e-10,1.000000000000000000e+00,4.411163558323552666e-16,1.000039684651596872e+00
1.638400000000000000e+04,8.000000000000000444e-01,3.040176217617945837e-06,1.449668988045666617e-12,3.456701592228356861e-10,3.456844531638832402e-10,1.000000000000000000e+00,5.334073529509672335e-16,1.000050658007822335e+00
1.638400000000000000e+04,8.000000000000000444e-01,3.352213393326861595e-06,1.598459908164435194e-12,3.811466698538102253e-10,3.811647650703605351e-10,1.000000000000000000e+00,1.330328185250610258e-15,1.000056130978592250e+00
1.638400000000000000e+04,8.000000000000000444e-01,3.696277396447996823e-06,1.762522409652708446e-12,4.202647120083376550e-10,4.202867002013105176e-10,1.000000000000000000e+00,7.412000213551289194e-16,1.000051972037411474e+00
1.638400000000000000e+04,8.000000000000000444e-01,4.075655391953804274e-06,1.943423934914495599e-12,4.633973206232921991e-10,4.634240269650830187e-10,1.000000000000000000e+00,3.498515245957065937e-16,1.000055413908420121e+00
1.638400000000000000e+04,8.000000000000000444e-01,4.493971932389252211e-06,2.142892805285097223e-12,5.109566104861445475e-10,5.109888765589454902e-10,1.000000000000000000e+00,9.021264345639638192e-16,1.000061494982418253e+00
1.638400000000000000e+04,8.000000000000000444e-01,4.955223586609675061e-06,2.362834733300054102e-12,5.633964407702487704e-10,5.634356804435750435e-10,1.000000000000000000e+00,8.181529666575522175e-16,1.000070341758807047e+00
1.638400000000000000e+04,8.000000000000000444e-01,5.463817122738106371e-06,2.605351029748013673e-12,6.212177441053945888e-10,6.212655119514987926e-10,1.000000000000000000e+00,5.935968629040172767e-16,1.000069558218719123e+00
1.638400000000000000e+04,8.000000000000000444e-01,6.024611610139581147e-06,2.872758679456511091e-12,6.849738556483676063e-10,6.850308735089257073e-10,1.000000000000000000e+00,5.383425380451037965e-16,1.000083926441455162e+00
1.638400000000000000e+04,8.000000000000000444e-01,6.642964842651881549e-06,3.167612477613392615e-12,7.552705130829955273e-10,7.553409752077727772e-10,1.000000000000000000e+00,3.926130434513700266e-16,1.000095256900770835e+00
1.638400000000000000e+04,8.000000000000000444e-01,7.324784526597323116e-06,3.492729438112889822e-12,8.327827320101919436e-10,8.328675551590245480e-10,1.000000000000000000e+00,8.855699976995361651e-16,1.000104874621527529e+00
1.638400000000000000e+04,8.000000000000000444e-01,8.076584722622341523e-06,3.851215707122011911e-12,9.182468123422418978e-10,9.183512972346846908e-10,1.000000000000000000e+00,4.017158929357372782e-16,1.000117454503623549e+00
1.638400000000000000e+04,8.000000000000000444e-01,8.905548080606720844e-06,4.246496238997803137e-12,1.012482542763396958e-09,1.012608907513030188e-09,1.000000000000000000e+00,5.462838473456258093e-16,1.000127392760866485e+00
1.638400000000000000e+04,8.000000000000000444e-01,9.819594462230531450e-06,4.682347518077150082e-12,1.116386095302614705e-09,1.116540917035038837e-09,1.000000000000000000e+00,6.115105361178193079e-16,1.000139419263661011e+00
1.638400000000000000e+04,8.000000000000000444e-01,1.082745660681439721e-05,5.162933638961027723e-12,1.230953117972617351e-09,1.231140285419031581e-09,1.000000000000000000e+00,7.488611671937853885e-16,1.000148421175076408e+00
1.638400000000000000e+04,8.000000000000000444e-01,1.193876356333956705e-05,5.692846090001853489e-12,1.357274293877941713e-09,1.357501887531892877e-09,1.000000000000000000e+00,1.222477617654958050e-15,1.000169783811671209e+00
1.638400000000000000e+04,8.000000000000000444e-01,1.316413268575176775e-05,6.277147620082744481e-12,1.496555769318799008e-09,1.496832973851903509e-09,1.000000000000000000e+00,6.590186247190654891e-16,1.000185975412691164e+00
1.638400000000000000e+04,8.000000000000000444e-01,1.451527107046615362e-05,6.921420607789112865e-12,1.650128035575510293e-09,1.650464704460823283e-09,1.000000000000000000e+00,1.564086056175837274e-15,1.000202938997801994e+00
1.638400000000000000e+04,8.000000000000000444e-01,1.600508740520031591e-05,7.631820395088346438e-12,1.819455698871408540e-09,1.819864866860198937e-09,1.000000000000000000e+00,8.105684518279782279e-16,1.000225077744559599e+00
1.638400000000000000e+04,8.000000000000000444e-01,1.764781529773217078e-05,8.415134095064244641e-12,2.006154355763171937e-09,2.006651899117121676e-09,1.000000000000000000e+00,1.654014511887605905e-15,1.000248036320755318e+00
1.638400000000000000e+04,8.000000000000000444e-01,1.945914926285724979e-05,9.278845435551285646e-12,2.212005692174387473e-09,2.212610352315612696e-09,1.000000000000000000e+00,1.000034902243949266e-15,1.000273754378433466e+00
1.638400000000000000e+04,8.000000000000000444e-01,2.145639466675615734e-05,1.023120625818069331e-11,2.438972582429205935e-09,2.439707940040916044e-09,1.000000000000000000e+00,2.418527282950572867e-15,1.000302232174789197e+00
1.638400000000000000e+04,8.000000000000000444e-01,2.365863306133060068e-05,1.128131535593538317e-11,2.689220405535054324e-09,2.690114337786325949e-09,1.000000000000000000e+00,2.330488857461165106e-15,1.000333275499563968e+00
1.638400000000000000e+04,8.000000000000000444e-01,2.608690448810183139e-05,1.243920540242282457e-11,2.965134808751796656e-09,2.966221911890894915e-09,1.000000000000000000e+00,3.356827117041599520e-15,1.000366802021304125e+00
1.638400000000000000e+04,8.000000000000000444e-01,2.876440849339051230e-05,1.371593880338216415e-11,3.269347464766849905e-09,3.270668576050886851e-09,1.000000000000000000e+00,3.608130944116327823e-15,1.000404435146748483e+00
1.638400000000000000e+04,8.000000000000000444e-01,3.171672577526429539e-05,1.512371338618483324e-11,3.604756499799964556e-09,3.606362993774627614e-09,1.000000000000000000e+00,4.703890951226504988e-15,1.000447834425287397e+00
1.638400000000000000e+04,8.000000000000000444e-01,3.497206257985317480e-05,1.667597893707903614e-11,3.974558468027731327e-09,3.976512367563323987e-09,1.000000000000000000e+00,5.564392611578815176e-15,1.000493278188280044e+00
1.638400000000000000e+04,8.000000000000000444e-01,3.856152018197960913e-05,1.838756569956760842e-11,4.382277661473115000e-09,4.384653080313926438e-09,1.000000000000000000e+00,7.065011979559070571e-15,1.000541288792334171e+00
1.638400000000000000e+04,8.000000000000000444e-01,4.251939202470296676e-05,2.027482606158397997e-11,4.831798084430601387e-09,4.834684481689914067e-09,1.000000000000000000e+00,8.390607451635678383e-15,1.000597585751940244e+00
1.638400000000000000e+04,8.000000000000000444e-01,4.688349135663046410e-05,2.235579078513644414e-11,5.327396316070192061e-09,5.330906142252818043e-09,1.000000000000000000e+00,9.684915944338389009e-15,1.000660337676706035e+00
1.638400000000000000e+04,8.000000000000000444e-01,5.169551249722036058e-05,2.465034127102869062e-11,5.873792136610394444e-09,5.878058931278058418e-09,1.000000000000000000e+00,1.292415454301113883e-14,1.000726643797875681e+00
1.638400000000000000e+04,8.000000000000000444e-01,5.700142918158163650e-05,2.718039950446206879e-11,6.476184054458632866e-09,6.481370310709765489e-09,1.000000000000000000e+00,1.456605648224199763e-14,1.000801577518728891e+00
1.638400000000000000e+04,8.000000000000000444e-01,6.285193379053115781e-05,2.997013749624784365e-11,7.140299044207203661e-09,7.146604277990160545e-09,1.000000000000000000e+00,1.898964934912375673e-14,1.000884614011766871e+00
1.638400000000000000e+04,8.000000000000000444e-01,6.930292166228270250e-05,3.304620822061667561e-11,7.872451166414416563e-09,7.880116434913926294e-09,1.000000000000000000e+00,2.115313125090178754e-14,1.000974406182344012e+00
1.638400000000000000e+04,8.000000000000000444e-01,7.641602511285127352e-05,3.643800025599063564e-11,8.679597522851582127e-09,8.688914708631930975e-09,1.000000000000000000e+00,2.716334853178492340e-14,1.001073512072835570e+00
1.638400000000000000e+04,8.000000000000000444e-01,8.425920226716720205e-05,4.017791856153831580e-11,9.569401317178772874e-09,9.580726304928645170e-09,1.000000000000000000e+00,3.279518082938405228e-14,1.001184268315626014e+00
1.638400000000000000e+04,8.000000000000000444e-01,9.290738632655479536e-05,4.430169407203426140e-11,1.055030468558491506e-08,1.056407153344056045e-08,1.000000000000000000e+00,3.909809172219622815e-14,1.001305967780560024e+00
1.638400000000000000e+04,8.000000000000000444e-01,1.024432014756351339e-04,4.884872506887203881e-11,1.163161129739262054e-08,1.164834521013700940e-08,1.000000000000000000e+00,4.888233444108528806e-14,1.001439405499432667e+00
1.638400000000000000e+04,8.000000000000000444e-01,1.129577522683791231e-04,5.386245358866649775e-11,1.282356629113015745e-08,1.284390641477713729e-08,1.000000000000000000e+00,5.880329989326571696e-14,1.001586773211542436e+00
1.638400000000000000e+04,8.000000000000000444e-01,1.245514940350551957e-04,5.939078046562919413e-11,1.413745486235337967e-08,1.416217746088014401e-08,1.000000000000000000e+00,7.103677165789484904e-14,1.001748887557049272e+00
1.638400000000000000e+04,8.000000000000000444e-01,1.373351926258807804e-04,6.548652297300375957e-11,1.558570529236339754e-08,1.561575302376114659e-08,1.000000000000000000e+00,8.671787508451121726e-14,1.001927871983866680e+00
1.638400000000000000e+04,8.000000000000000444e-01,1.514309826607085059e-04,7.220791943583894058e-11,1.718200085871289427e-08,1.721852046923515245e-08,1.000000000000000000e+00,1.046897728009886477e-13,1.002125359237680868e+00
1.638400000000000000e+04,8.000000000000000444e-01,1.669735343951919725e-04,7.961918563613508822e-11,1.894140862110791072e-08,1.898579253260127618e-08,1.000000000000000000e+00,1.281988416800276599e-13,1.002342620958010855e+00
1.638400000000000000e+04,8.000000000000000444e-01,1.841113403515959865e-04,8.779112832622336700e-11,2.088051442456505154e-08,2.093445361551379196e-08,1.000000000000000000e+00,1.553026453308166100e-13,1.002582039733468378e+00
1.638400000000000000e+04,8.000000000000000444e-01,2.030081340066386224e-04,9.680182171184474106e-11,2.301757211343135079e-08,2.308312109845081597e-08,1.000000000000000000e+00,1.890307857119555064e-13,1.002846052530742327e+00
1.638400000000000000e+04,8.000000000000000444e-01,2.238444540904135796e-04,1.067373533680026911e-10,2.537266873262530722e-08,2.545232320994912558e-08,1.000000000000000000e+00,2.284641688044699253e-13,1.003136729081219869e+00
1.638400000000000000e+04,8.000000000000000444e-01,2.468193694416047053e-04,1.176926467140220191e-10,2.796790571610113423e-08,2.806469515195642916e-08,1.000000000000000000e+00,2.787867317797315310e-13,1.003456830268902422e+00
1.638400000000000000e+04,8.000000000000000444e-01,2.721523808981437609e-04,1.297723679056853108e-10,3.082759162164634256e-08,3.094519535506952401e-08,1.000000000000000000e+00,3.374962501222499960e-13,1.003809432369180854e+00
1.638400000000000000e+04,8.000000000000000444e-01,3.000855183938548176e-04,1.430919258088373268e-10,3.397845973469221715e-08,3.412134392974727471e-08,1.000000000000000000e+00,4.110474675554573938e-13,1.004197951497900476e+00
1.638400000000000000e+04,8.000000000000000444e-01,3.308856532966042061e-04,1.577785746081372290e-10,3.744989721846391022e-08,3.762348559164510002e-08,1.000000000000000000e+00,4.980929554930870690e-13,1.004625813886377728e+00
1.638400000000000000e+04,8.000000000000000444e-01,3.648470480798874684e-04,1.739726295852124540e-10,4.127420623857873672e-08,4.148507957304284836e-08,1.000000000000000000e+00,6.043433513549984251e-13,1.005096768763415582e+00
1.638400000000000000e+04,8.000000000000000444e-01,4.022941676872446044e-04,1.918288076816771528e-10,4.548687396945785322e-08,4.574301929016043771e-08,1.000000000000000000e+00,7.344827377246682740e-13,1.005615363544329455e+00
1.638400000000000000e+04,8.000000000000000444e-01,4.435847794491021181e-04,2.115177056546698180e-10,5.012687723973248586e-08,5.043798482044262388e-08,1.000000000000000000e+00,8.910769303464581782e-13,1.006186120260494476e+00
1.638400000000000000e+04,8.000000000000000444e-01,4.891133711684373525e-04,2.332274299471079600e-10,5.523700760579663292e-08,5.561483155735697790e-08,1.000000000000000000e+00,1.080267853805037453e-12,1.006814348640652668e+00
1.638400000000000000e+04,8.000000000000000444e-01,5.393149200314327051e-04,2.571653938443339849e-10,6.086422218258556802e-08,6.132301875588776683e-08,1.000000000000000000e+00,1.312056296133986473e-12,1.007505566428108068e+00
1.638400000000000000e+04,8.000000000000000444e-01,5.946690483510545322e-04,2.835602990870735799e-10,6.706003000155348085e-08,6.761708206302221150e-08,1.000000000000000000e+00,1.590813487612096259e-12,1.008266033554406249e+00
1.638400000000000000e+04,8.000000000000000444e-01,6.557046058472445604e-04,3.126643208729002764e-10,7.388089524411467163e-08,7.455715454775299297e-08,1.000000000000000000e+00,1.928341537527840928e-12,1.009102461170975573e+00
1.638400000000000000e+04,8.000000000000000444e-01,7.230047222425416706e-04,3.447555171215732911e-10,8.138868932498789245e-08,8.220954120848491328e-08,1.000000000000000000e+00,2.338108148177946649e-12,1.010022120033823967e+00
1.638400000000000000e+04,8.000000000000000444e-01,7.972123784452916483e-04,3.801404850222070924e-10,8.965115541014343109e-08,9.064735244665070105e-08,1.000000000000000000e+00,2.834147107270148501e-12,1.011033177165970187e+00
1.638400000000000000e+04,8.000000000000000444e-01,8.790365495471768936e-04,4.191572902427563160e-10,9.874242267286957352e-08,9.995120255870291646e-08,1.000000000000000000e+00,3.433408588820859209e-12,1.012144236323898383e+00
1.638400000000000000e+04,8.000000000000000444e-01,9.692589783248502450e-04,4.621786967872859216e-10,1.087435436426281285e-07,1.102099799198271925e-07,1.000000000000000000e+00,4.158675889706584514e-12,1.013364850062551170e+00
1.638400000000000000e+04,8.000000000000000444e-01,1.068741643959266992e-03,5.096157283588728867e-10,1.197430688575828195e-07,1.215216962176620335e-07,1.000000000000000000e+00,5.034004362682464664e-12,1.014705285444740923e+00
1.638400000000000000e+04,8.000000000000000444e-01,1.178434997328383412e-03,5.619215952531735478e-10,1.318376552681201912e-07,1.339944228495499561e-07,1.000000000000000000e+00,6.092569452450617323e-12,1.016176750272862250e+00
1.638400000000000000e+04,8.000000000000000444e-01,1.299387041552649714e-03,6.195960242999313897e-10,1.451327021741518907e-07,1.477473234295957480e-07,1.000000000000000000e+00,7.369715684807400039e-12,1.017791322138130283e+00
1.638400000000000000e+04,8.000000000000000444e-01,1.432753344548248157e-03,6.831900332204094681e-10,1.597430244662073420e-07,1.629117922700384279e-07,1.000000000000000000e+00,8.910170309340041588e-12,1.019561980353074659e+00
1.638400000000000000e+04,8.000000000000000444e-01,1.579808079247355676e-03,7.533111950146463758e-10,1.757935462949770665e-07,1.796327097139131246e-07,1.000000000000000000e+00,1.076745021831401488e-11,1.021502948672043942e+00
1.638400000000000000e+04,8.000000000000000444e-01,1.741956196962950523e-03,8.306294426741364113e-10,1.934200160575446384e-07,1.980698263123669345e-07,1.000000000000000000e+00,1.300359048334355051e-11,1.023629334576391159e+00
1.638400000000000000e+04,8.000000000000000444e-01,1.920746850201743728e-03,9.158834696778029098e-10,2.127697533585199259e-07,2.183992890709736171e-07,1.000000000000000000e+00,1.569410741735566347e-11,1.025957234280816976e+00
1.638400000000000000e+04,8.000000000000000444e-01,2.117888193165850998e-03,1.009887787421155452e-09,2.340023933071874331e-07,2.408153243466976132e-07,1.000000000000000000e+00,1.892845342373877024e-11,1.028504094348413389e+00
1.638400000000000000e+04,8.000000000000000444e-01,2.335263701346269438e-03,1.113540507004866332e-09,2.572906379207223033e-07,2.655320934737996761e-07,1.000000000000000000e+00,2.281343862841105393e-11,1.031288432035143643e+00
1.638400000000000000e+04,8.000000000000000444e-01,2.574950166124477351e-03,1.227831919729460407e-09,2.828210093045028336e-07,2.927857388472112092e-07,1.000000000000000000e+00,2.747112122926263949e-11,1.034329801142845895e+00
1.638400000000000000e+04,8.000000000000000444e-01,2.839237536301402257e-03,1.353853958273602608e-09,3.107945832933432268e-07,3.228366400115239746e-07,1.000000000000000000e+00,3.305242673194314977e-11,1.037648990349776312e+00
1.638400000000000000e+04,8.000000000000000444e-01,3.130650796118420766e-03,1.492810628947458632e-09,3.414276893429103718e-07,3.559719013101208818e-07,1.000000000000000000e+00,3.973016935929582075e-11,1.041267853413035738e+00
1.638400000000000000e+04,8.000000000000000444e-01,3.451974088791593884e-03,1.646029514690205519e-09,3.749525811123514010e-07,3.925080948612879626e-07,1.000000000000000000e+00,4.770620861167629224e-11,1.045209222000522686e+00
1.638400000000000000e+04,8.000000000000000444e-01,3.806277316033744584e-03,1.814974458710548680e-09,4.116180404347717546e-07,4.327942850675141696e-07,1.000000000000000000e+00,5.722279028331982756e-11,1.049496967110197687e+00
1.638400000000000000e+04,8.000000000000000444e-01,4.196945467694591925e-03,2.001259549948974573e-09,4.516899111230015038e-07,4.772153635539574252e-07,1.000000000000000000e+00,6.855439929898188444e-11,1.054155688707052008e+00
1.638400000000000000e+04,8.000000000000000444e-01,4.627710961732252153e-03,2.206664543977857662e-09,4.954515563935607159e-07,5.261957263978430052e-07,1.000000000000000000e+00,8.202556911112332197e-11,1.059210644758767472e+00
1.638400000000000000e+04,8.000000000000000444e-01,5.102689303490194443e-03,2.433151866669747564e-09,5.432041972764104863e-07,5.802033287808164339e-07,1.000000000000000000e+00,9.801034791319102651e-11,1.064687601495364788e+00
1.638400000000000000e+04,8.000000000000000444e-01,5.626418404965999320e-03,2.682885363085746441e-09,5.952671471096974203e-07,6.397541558021293275e-07,1.000000000000000000e+00,1.169391789747539145e-10,1.070612498316595662e+00
1.638400000000000000e+04,8.000000000000000444e-01,6.203901939725649239e-03,2.958250970709633465e-09,6.519779110334038938e-07,7.054171521665139902e-07,1.000000000000000000e+00,1.393040550213824585e-10,1.077011199880114845e+00
1.638400000000000000e+04,8.000000000000000444e-01,6.840657147673383925e-03,3.261879514538471186e-09,7.136921513702480020e-07,7.778196578446664821e-07,1.000000000000000000e+00,1.656705443312975828e-10,1.083909111907505718e+00
1.638400000000000000e+04,8.000000000000000444e-01,7.542767546400683080e-03,3.596671841812459507e-09,7.807835126767423883e-07,8.576534016382715221e-07,1.000000000000000000e+00,1.966768263197865799e-10,1.091330842563223769e+00
1.638400000000000000e+04,8.000000000000000444e-01,8.316941052715338609e-03,3.965826536519688897e-09,8.536432993591277973e-07,9.456811099117197760e-07,1.000000000000000000e+00,2.330465697815104871e-10,1.099299747459159704e+00
1.638400000000000000e+04,8.000000000000000444e-01,9.170574069639666343e-03,4.372870478458245441e-09,9.326800289469766478e-07,1.042743793629879666e-06,1.000000000000000000e+00,2.755866333420577851e-10,1.107837418433319954e+00
1.638400000000000000e+04,8.000000000000000444e-01,1.011182215116102241e-02,4.821692538815032202e-09,1.018318862800951685e-06,1.149768783321826923e-06,1.000000000000000000e+00,3.252013308122068898e-10,1.116963185794986657e+00
1.638400000000000000e+04,8.000000000000000444e-01,1.114967791986094629e-02,5.316580734186623713e-09,1.111000945341105008e-06,1.267778588736040927e-06,2.000000000000000000e+00,8.271458278289054001e-16,1.126693602411169337e+00
1.638400000000000000e+04,8.000000000000000444e-01,1.229405698184288763e-02,5.862263194009250464e-09,1.211182671335772408e-06,1.397900667831634499e-06,2.000000000000000000e+00,8.566009711166441274e-16,1.137041879617164852e+00
1.638400000000000000e+04,8.000000000000000444e-01,1.355589265978412832e-02,6.463953332798065336e-09,1.319334936318285025e-06,1.541378198437925222e-06,2.000000000000000000e+00,8.268704246040372701e-16,1.148017320473748271e+00
1.638400000000000000e+04,8.000000000000000444e-01,1.494724044918512192e-02,7.127399658768235167e-09,1.435942399441545199e-06,1.699581955494057457e-06,2.000000000000000000e+00,7.082414746514377441e-16,1.159624819842662191e+00
1.638400000000000000e+04,8.000000000000000444e-01,1.648139319578485057e-02,7.858940694706368718e-09,1.561502816502270895e-06,1.874023407343097120e-06,2.000000000000000000e+00,5.037774033395791867e-16,1.171864408538741742e+00
1.638400000000000000e+04,8.000000000000000444e-01,1.817300809453907540e-02,8.665565535802400301e-09,1.696526483991355515e-06,2.066369156201664730e-06,2.000000000000000000e+00,7.086558751812259180e-16,1.184730808059860863e+00
1.638400000000000000e+04,8.000000000000000444e-01,2.003824672350192765e-02,9.554980623007739853e-09,1.841535868777677629e-06,2.278456860768467757e-06,2.000000000000000000e+00,1.204065831293705873e-15,1.198213136040191529e+00
1.638400000000000000e+04,8.000000000000000444e-01,2.209492945048511375e-02,1.053568336986785591e-08,1.997065434972017829e-06,2.512312793095260497e-06,2.000000000000000000e+00,7.515734552503361061e-16,1.212294698534936543e+00
1.638400000000000000e+04,8.000000000000000444e-01,2.436270568768593436e-02,1.161704334625527113e-08,2.163661752348589517e-06,2.770171197457441609e-06,2.000000000000000000e+00,3.816255541168034715e-16,1.226952884275132050e+00
1.638400000000000000e+04,8.000000000000000444e-01,2.686324162088573470e-02,1.280939179462706313e-08,2.341883883660174998e-06,3.054495636177671077e-06,2.000000000000000000e+00,1.193837735647864544e-15,1.242159272576955686e+00
1.638400000000000000e+04,8.000000000000000444e-01,2.962042720677096619e-02,1.412412033403919515e-08,2.532304091703812383e-06,3.368002526339080247e-06,2.000000000000000000e+00,4.590139384463788946e-16,1.257879787530328031e+00
1.638400000000000000e+04,8.000000000000000444e-01,3.266060441601646019e-02,1.557378979492972383e-08,2.735508886565984184e-06,3.713687092256370499e-06,2.000000000000000000e+00,6.609760408642251925e-16,1.274075065768265347e+00
1.638400000000000000e+04,8.000000000000000444e-01,3.601281890274938419e-02,1.717225022447079858e-08,2.952100386402839124e-06,4.094851981652904586e-06,2.000000000000000000e+00,6.018937659396123396e-16,1.290700962729445678e+00
1.638400000000000000e+04,8.000000000000000444e-01,3.970909750482830985e-02,1.893477320901313298e-08,3.182698005079257615e-06,4.515138818940962307e-06,2.000000000000000000e+00,8.260154687174481351e-16,1.307709145705416631e+00
1.638400000000000000e+04,8.000000000000000444e-01,4.378475422615641516e-02,2.087819777782269247e-08,3.427940431140771427e-06,4.978562997063082348e-06,2.000000000000000000e+00,9.295026955883582243e-16,1.325047824955902342e+00
1.638400000000000000e+04,8.000000000000000444e-01,4.827872762436409559e-02,2.302109128206448345e-08,3.688487871474306338e-06,5.489552040293498200e-06,2.000000000000000000e+00,1.218925640146278344e-15,1.342662551931923076e+00
1.638400000000000000e+04,8.000000000000000444e-01,5.323395282724077693e-02,2.538392678606070372e-08,3.965024524132025931e-06,6.052987904515359899e-06,2.000000000000000000e+00,8.838237654412524484e-16,1.360497087684660045e+00
1.638400000000000000e+04,8.000000000000000444e-01,5.869777173213595878e-02,2.798927866560743274e-08,4.258261233246323787e-06,6.674253619107741940e-06,2.000000000000000000e+00,8.027610033483744154e-16,1.378494258612789736e+00
1.638400000000000000e+04,8.000000000000000444e-01,6.472238530734940321e-02,3.086203828208418045e-08,4.568938308274124471e-06,7.359284716056177800e-06,2.000000000000000000e+00,8.099982470683647646e-16,1.396596818859023870e+00
1.638400000000000000e+04,8.000000000000000444e-01,7.136535231676610636e-02,3.402965179289155309e-08,4.897828443623329727e-06,8.114625937636810965e-06,2.000000000000000000e+00,1.303091673652727074e-15,1.414748269859366303e+00
1.638400000000000000e+04,8.000000000000000444e-01,7.869013923252037024e-02,3.752238237024324905e-08,5.245739735998908766e-06,8.947493764455882582e-06,2.000000000000000000e+00,8.520554662186975188e-16,1.432893630341332880e+00
1.638400000000000000e+04,8.000000000000000444e-01,8.676672658951757600e-02,4.137359933353308487e-08,5.613518735521690563e-06,9.865845361233213751e-06,2.000000000000000000e+00,1.389719296909205460e-15,1.450980105611854754e+00
1.638400000000000000e+04,8.000000000000000444e-01,9.567227757488576401e-02,4.562009695762909127e-08,6.002053555491337416e-06,1.087845459903330985e-05,2.000000000000000000e+00,9.503344729510755819e-16,1.468957650537337400e+00
1.638400000000000000e+04,8.000000000000000444e-01,1.054918752400164916e-01,5.030244600296806890e-08,6.412276986616842164e-06,1.199499588025539633e-05,2.000000000000000000e+00,8.527911878345038275e-16,1.486779448611919463e+00
1.638400000000000000e+04,8.000000000000000444e-01,1.163193353784696682e-01,5.546538132594569597e-08,6.845169638810059424e-06,1.322613656724082806e-05,2.000000000000000000e+00,6.730268388138707049e-16,1.504402265825749652e+00
1.638400000000000000e+04,8.000000000000000444e-01,1.282581028359278397e-01,6.115822927280799850e-08,7.301763086564246176e-06,1.458363889755503483e-05,2.000000000000000000e+00,8.000946198238426336e-16,1.521786700831626149e+00
1.638400000000000000e+04,8.000000000000000444e-01,1.414222398154822147e-01,6.743537894033537611e-08,7.783143043678171461e-06,1.608047235963548120e-05,2.000000000000000000e+00,1.146454487164819019e-15,1.538897326557622236e+00
1.638400000000000000e+04,8.000000000000000444e-01,1.559375156204576562e-01,7.435680180571444332e-08,8.290452558447477057e-06,1.773093760243557967e-05,2.000000000000000000e+00,6.347820415999232750e-16,1.555702756896161887e+00
1.638400000000000000e+04,8.000000000000000444e-01,1.719426082461071592e-01,8.198862469010694466e-08,8.824895247978997511e-06,1.955080306288903939e-05,2.000000000000000000e+00,9.673568682099085276e-16,1.572175603710588732e+00
1.638400000000000000e+04,8.000000000000000444e-01,1.895904293001042518e-01,9.040376152997219647e-08,9.387738597389698748e-06,2.155745561652456729e-05,2.000000000000000000e+00,6.481966121878592572e-16,1.588292388691039392e+00
1.638400000000000000e+04,8.000000000000000444e-01,2.090495849100375281e-01,9.968260999204517749e-08,9.980317314124858473e-06,2.377006669053699828e-05,2.000000000000000000e+00,8.579622926607336867e-16,1.604033395204274015e+00
1.638400000000000000e+04,8.000000000000000444e-01,2.305059865753195658e-01,1.099138195873830632e-07,1.060403678269813244e-05,2.620977542634810067e-05,2.000000000000000000e+00,1.307872421299315884e-15,1.619382466690716171e+00
1.638400000000000000e+04,8.000000000000000444e-01,2.541646273534897693e-01,1.211951386229943129e-07,1.126037661630650786e-05,2.889989064158076252e-05,2.000000000000000000e+00,1.202349093849710114e-15,1.634326779930539431e+00
1.638400000000000000e+04,8.000000000000000444e-01,2.802515403504710623e-01,1.336343480827670394e-07,1.195089434085394856e-05,3.186611352097720121e-05,2.000000000000000000e+00,1.232584804541196453e-15,1.648856608751833264e+00
1.638400000000000000e+04,8.000000000000000444e-01,3.090159582260741944e-01,1.473502913599368069e-07,1.267722920073241793e-05,3.513678316383632351e-05,2.000000000000000000e+00,1.061466295900329265e-15,1.662965056484637216e+00
1.638400000000000000e+04,8.000000000000000444e-01,3.407326943465213143e-01,1.624740096790892192e-07,1.344110614765304917e-05,3.874314733391410331e-05,2.000000000000000000e+00,1.046044488108519921e-15,1.676647792227960565e+00
1.638400000000000000e+04,8.000000000000000444e-01,3.757047683333647470e-01,1.791499940554450736e-07,1.424433997878480409e-05,4.271966099851381998e-05,2.000000000000000000e+00,1.308445253871612432e-15,1.689902804259235225e+00
1.638400000000000000e+04,8.000000000000000444e-01,4.142663010931244560e-01,1.975375657525656014e-07,1.508883967750139024e-05,4.710431550898926389e-05,2.000000000000000000e+00,1.338166686583283294e-15,1.702730138298989004e+00
1.638400000000000000e+04,8.000000000000000444e-01,4.567857069865631225e-01,2.178123984272781003e-07,1.597661295408231449e-05,5.193900156762931892e-05,2.000000000000000000e+00,1.090355648238801593e-15,1.715131657721296499e+00
1.638400000000000000e+04,8.000000000000000444e-01,5.036692136353865257e-01,2.401681965043003682e-07,1.690977101124892885e-05,5.726990944868705710e-05,2.000000000000000000e+00,1.469336516409165669e-15,1.727110823069144985e+00
1.638400000000000000e+04,8.000000000000000444e-01,5.553647429943577851e-01,2.648185458156384397e-07,1.789053353277172086e-05,6.314797029723724815e-05,2.000000000000000000e+00,1.115246186916390471e-15,1.738672479043863461e+00
1.638400000000000000e+04,8.000000000000000444e-01,6.123661907683443095e-01,2.919989541856500194e-07,1.892123393424336258e-05,6.962934272200384624e-05,2.000000000000000000e+00,8.950183497267066317e-16,1.749822652626362274e+00
1.638400000000000000e+04,8.000000000000000444e-01,6.752181450595649004e-01,3.219691014573883535e-07,2.000432487248021904e-05,7.677594933103310535e-05,2.000000000000000000e+00,9.937355001182568300e-16,1.760568385048879581e+00
1.638400000000000000e+04,8.000000000000000444e-01,7.445210893266839269e-01,3.550153204568309436e-07,2.114238402689219386e-05,8.465606833623899488e-05,2.000000000000000000e+00,1.148230333666106677e-15,1.770917565117878567e+00
1.638400000000000000e+04,8.000000000000000444e-01,8.209371393644834258e-01,3.914533325979630593e-07,2.233812018570297160e-05,9.334498587897213434e-05,2.000000000000000000e+00,1.090490220022125040e-15,1.780878782265263638e+00
1.638400000000000000e+04,8.000000000000000444e-01,9.051963691148440239e-01,4.316312642645092124e-07,2.359437962993579893e-05,1.029257153088882745e-04,2.000000000000000000e+00,1.122954418361484060e-15,1.790461195822687479e+00
1.638400000000000000e+04,8.000000000000000444e-01,9.981037857454063689e-01,4.759329727866203160e-07,2.491415285249191683e-05,1.134897902880581362e-04,2.000000000000000000e+00,1.863784080598386633e-15,1.799674420063373192e+00
1.638400000000000000e+04,8.000000000000000444e-01,1.100547020635387563e+00,5.247817137886941733e-07,2.630058160346481324e-05,1.251381392975867374e-04,2.000000000000000000e+00,1.623912157275636126e-15,1.808528420178489693e+00
1.638400000000000000e+04,8.000000000000000444e-01,1.213504809747689706e+00,5.786441849459122207e-07,2.775696630701624210e-05,1.379820499017168813e-04,2.000000000000000000e+00,1.077204025063745183e-15,1.817033419039832953e+00
1.638400000000000000e+04,8.000000000000000444e-01,1.338056344408249165e+00,6.380349847832914187e-07,2.928677384007437678e-05,1.521442319819362365e-04,2.000000000000000000e+00,1.334213319724921869e-15,1.825199821006321610e+00
1.638400000000000000e+04,8.000000000000000444e-01,1.475391581829348819e+00,7.035215291163200471e-07,3.089364570930400248e-05,1.677599900991556749e-04,2.000000000000000000e+00,9.096649468613659897e-16,1.833038135989492279e+00
1.638400000000000000e+04,8.000000000000000444e-01,1.626822613882961788e+00,7.757294721045311869e-07,3.258140664237367583e-05,1.849785161846307952e-04,2.000000000000000000e+00,1.829709003929289040e-15,1.840558923599466379e+00
1.638400000000000000e+04,8.000000000000000444e-01,1.793796202740643331e+00,8.553486837104050306e-07,3.435407359800166571e-05,2.039643149099112181e-04,2.000000000000000000e+00,1.552119652542358802e-15,1.847772740093539312e+00
1.638400000000000000e+04,8.000000000000000444e-01,1.977907603144638538e+00,9.431398406718437851e-07,3.621586523923612546e-05,2.248987753537070883e-04,2.000000000000000000e+00,1.434854630787674842e-15,1.854690087077597305e+00
1.638400000000000000e+04,8.000000000000000444e-01,2.180915803367326156e+00,1.039941693957961157e-06,3.817121187890123524e-05,2.479819039812802763e-04,2.000000000000000000e+00,1.346635924733259771e-15,1.861321381249166684e+00
1.638400000000000000e+04,8.000000000000000444e-01,2.404760330470062435e+00,1.146679082140952318e-06,4.022476590436981271e-05,2.734342354931247544e-04,2.000000000000000000e+00,1.199344326840160540e-15,1.867676917511576384e+00
1.638400000000000000e+04,8.000000000000000444e-01,2.651579780417817389e+00,1.264371767243298239e-06,4.238141274478544532e-05,3.014989397990652082e-04,2.000000000000000000e+00,1.207886753017568665e-15,1.873766838591741646e+00
1.638400000000000000e+04,8.000000000000000444e-01,2.923732250085090634e+00,1.394144177477402989e-06,4.464628236392482980e-05,3.324441452476640927e-04,2.000000000000000000e+00,1.197398105423300235e-15,1.879601115848313242e+00
1.638400000000000000e+04,8.000000000000000444e-01,3.223817866359148354e+00,1.537236149959158113e-06,4.702476133295443913e-05,3.665655003069190061e-04,2.000000000000000000e+00,1.524299756786272557e-15,1.885189530147574288e+00
1.638400000000000000e+04,8.000000000000000444e-01,3.554703627582176839e+00,1.695014776030624790e-06,4.952250548849143516e-05,4.041889981703813517e-04,2.000000000000000000e+00,1.282525342807026446e-15,1.890541653896271157e+00
1.638400000000000000e+04,8.000000000000000444e-01,3.919550794665818128e+00,1.868987462361249031e-06,5.214545323379189700e-05,4.456740912747936744e-04,2.000000000000000000e+00,1.305609035055625644e-15,1.895666840547319154e+00
1.638400000000000000e+04,8.000000000000000444e-01,4.321845093571107022e+00,2.060816332612565528e-06,5.489983947161744771e-05,4.914171254851543462e-04,2.000000000000000000e+00,2.386476517638831152e-15,1.900574216124399030e+00
1.638400000000000000e+04,8.000000000000000444e-01,4.765430017706192345e+00,2.272334107258888409e-06,5.779221024349845810e-05,5.418551267571745760e-04,2.000000000000000000e+00,1.500571034829103596e-15,1.905272669114310702e+00
1.638400000000000000e+04,8.000000000000000444e-01,5.254543548410872233e+00,2.505561613278804890e-06,6.082943807462470176e-05,5.974699764546638654e-04,2.000000000000000000e+00,1.386226739876237033e-15,1.909770849446903895e+00
1.638400000000000000e+04,8.000000000000000444e-01,5.793858644353004905e+00,2.762727091003897145e-06,6.401873807245812712e-05,6.587930152125480920e-04,2.000000000000000000e+00,1.554197407350670962e-15,1.914077161280435035e+00
1.638400000000000000e+04,8.000000000000000444e-01,6.388527886669857381e+00,3.046287482581070605e-06,6.736768482451168120e-05,7.264101193305289982e-04,2.000000000000000000e+00,2.130661317912496900e-15,1.918199765058378858e+00
1.638400000000000000e+04,8.000000000000000444e-01,7.044232706391147403e+00,3.358951905437062932e-06,7.088423009811739312e-05,8.009672981969159214e-04,3.000000000000000000e+00,1.298327593351356810e-15,1.922146575586900497e+00
1.638400000000000000e+04,8.000000000000000444e-01,7.767237664459296198e+00,3.703707535009048556e-06,7.457672143384645833e-05,8.831768662200458354e-04,2.000000000000000000e+00,1.355511268171557663e-15,1.925925264322934538e+00
1.638400000000000000e+04,8.000000000000000444e-01,8.564450302934828230e+00,4.083848144023336520e-06,7.845392160790295110e-05,9.738242482335390630e-04,2.000000000000000000e+00,1.637620494063817825e-15,1.929543262164937545e+00
1.638400000000000000e+04,8.000000000000000444e-01,9.443487139201192093e+00,4.503005570984455153e-06,8.252502907473301846e-05,1.073775483393761771e-03,2.000000000000000000e+00,1.298832416604979128e-15,1.933007758700973966e+00
1.638400000000000000e+04,8.000000000000000444e-01,1.041274643367347252e+01,4.965184418522583258e-06,8.679969938120017702e-05,1.183985499261259100e-03,2.000000000000000000e+00,1.629219497845519664e-15,1.936325711229439861e+00
1.638400000000000000e+04,8.000000000000000444e-01,1.148148842622886256e+01,5.474800313105040820e-06,9.128806761653694647e-05,1.305507235116182621e-03,2.000000000000000000e+00,1.917673216317538200e-15,1.939503847420937177e+00
1.638400000000000000e+04,8.000000000000000444e-01,1.265992380793253247e+01,6.036722091642633662e-06,9.600077195431506202e-05,1.439501701671278304e-03,2.000000000000000000e+00,1.339626775901789722e-15,1.942548668418691449e+00
1.638400000000000000e+04,8.000000000000000444e-01,1.395931127331195043e+01,6.656318318038916793e-06,1.009489783311579578e-04,1.587249073292266348e-03,2.000000000000000000e+00,1.783173471808626041e-15,1.945466456538714084e+00
1.638400000000000000e+04,8.000000000000000444e-01,1.539206508518757843e+01,7.339508574098386017e-06,1.061444063007325252e-04,1.750160918699951570e-03,2.000000000000000000e+00,1.437570988627686749e-15,1.948263282680038344e+00
1.638400000000000000e+04,8.000000000000000444e-01,1.697187367972785665e+01,8.092820014823845222e-06,1.115993561317926892e-04,1.929793687005452486e-03,2.000000000000000000e+00,2.054600305278908717e-15,1.950945008538511161e+00
1.638400000000000000e+04,8.000000000000000444e-01,1.871383044487230052e+01,8.923449728428030261e-06,1.173267372217507223e-04,2.127863577923123656e-03,2.000000000000000000e+00,3.433860002716227316e-15,1.953517295528129694e+00
1.638400000000000000e+04,8.000000000000000444e-01,2.063457792157238657e+01,9.839333496843522345e-06,1.233400978360025592e-04,2.346262938230341943e-03,2.000000000000000000e+00,2.815333520638908005e-15,1.955985613662114986e+00
1.638400000000000000e+04,8.000000000000000444e-01,2.275246680553911816e+01,1.084922161366420658e-05,1.296536562818781531e-04,2.587078341124829806e-03,2.000000000000000000e+00,2.207354026899833370e-15,1.958355243665206302e+00
1.638400000000000000e+04,8.000000000000000444e-01,2.508773126858848812e+01,1.196276248387741476e-05,1.362823335737301010e-04,2.852610521208385260e-03,2.000000000000000000e+00,3.223574099095983635e-15,1.960631286482719560e+00
1.638400000000000000e+04,8.000000000000000444e-01,2.766268227459575257e+01,1.319059480409419659e-05,1.432417876199689258e-04,3.145396355554804738e-03,2.000000000000000000e+00,2.792904628183759427e-15,1.962818671982780927e+00
1.638400000000000000e+04,8.000000000000000444e-01,3.050192073698359252e+01,1.454444920396022440e-05,1.505484490384177460e-04,3.468233100867357688e-03,2.000000000000000000e+00,3.963644102301658579e-15,1.964922163642881969e+00
1.638400000000000000e+04,8.000000000000000444e-01,3.363257255424011305e+01,1.603726031982427266e-05,1.582195586593479735e-04,3.824205118286394794e-03,2.000000000000000000e+00,2.278490064717298738e-15,1.966946365718435175e+00
1.638400000000000000e+04,8.000000000000000444e-01,3.708454776897708172e+01,1.768329037140707098e-05,1.662732067871781319e-04,4.216713341173751982e-03,2.000000000000000000e+00,2.967802962849011870e-15,1.968895731402142246e+00
1.638400000000000000e+04,8.000000000000000444e-01,4.089082632652097260e+01,1.949826542211578970e-05,1.747283742910093443e-04,4.649507767407674505e-03,2.000000000000000000e+00,3.347780801694634934e-15,1.970774570128668302e+00
1.638400000000000000e+04,8.000000000000000444e-01,4.508777316315166672e+01,2.149952562482436501e-05,1.836049756138034210e-04,5.126723286617058777e-03,2.000000000000000000e+00,3.820302946199935964e-15,1.972587054339285828e+00
1.638400000000000000e+04,8.000000000000000444e-01,4.971548563432450152e+01,2.370619088855958057e-05,1.929239037741158037e-04,5.652919184646446743e-03,2.000000000000000000e+00,3.160899508155440700e-15,1.974337225758581837e+00
1.638400000000000000e+04,8.000000000000000444e-01,5.481817660218124644e+01,2.613934354886114427e-05,2.027070774574988253e-04,6.233122702674728094e-03,2.000000000000000000e+00,3.760422343874719153e-15,1.976029003825907182e+00
1.638400000000000000e+04,8.000000000000000444e-01,6.044459684234057306e+01,2.882222978703526166e-05,2.129774902495013586e-04,6.872877067148249093e-03,5.000000000000000000e+00,6.025128404734602382e-15,1.977666191289173980e+00
1.638400000000000000e+04,8.000000000000000444e-01,6.664850080562011669e+01,3.178048172265058360e-05,2.237592621618142538e-04,7.578294449403767848e-03,2.000000000000000000e+00,2.927363727349894386e-15,1.979252481658718921e+00
1.638400000000000000e+04,8.000000000000000444e-01,7.348916018454033861e+01,3.504236230113045626e-05,2.350776934602245589e-04,8.356114360953249484e-03,2.000000000000000000e+00,6.562523096090678521e-15,1.980791467086461921e+00
1.638400000000000000e+04,8.000000000000000444e-01,8.103193019119856899e+01,3.863903531608513307e-05,2.469593209675420868e-04,9.213768042336090147e-03,2.000000000000000000e+00,6.367721642457419024e-15,1.982286643113603475e+00
1.638400000000000000e+04,8.000000000000000444e-01,8.934887395668704357e+01,4.260486314615585498e-05,2.594319768904584087e-04,1.015944946070476348e-02,2.000000000000000000e+00,4.950569990519921163e-15,1.983741416542606828e+00
1.638400000000000000e+04,8.000000000000000444e-01,9.851945101753267409e+01,4.697773505093225197e-05,2.725248502843322096e-04,1.120219359445091475e-02,2.000000000000000000e+00,3.599164000857458636e-15,1.985159112430260109e+00
1.638400000000000000e+04,8.000000000000000444e-01,1.086312764669110749e+02,5.179942916245988601e-05,2.862685512478863178e-04,1.235196275279786850e-02,2.000000000000000000e+00,5.477556265746691251e-15,1.986542979697688338e+00
1.638400000000000000e+04,8.000000000000000444e-01,1.197809580235108768e+02,5.711601163077873079e-05,3.006951779782228917e-04,1.361974175505075574e-02,2.000000000000000000e+00,5.801161349539592706e-15,1.987896198049043051e+00
1.638400000000000000e+04,8.000000000000000444e-01,1.320750190153602546e+02,6.297827673690808037e-05,3.158383867457298226e-04,1.501764287884178178e-02,2.000000000000000000e+00,6.672624090782230527e-15,1.989221884724678091e+00
1.638400000000000000e+04,8.000000000000000444e-01,1.456309160967287255e+02,6.944223217808185840e-05,3.317334649428854243e-04,1.655902158003772287e-02,2.000000000000000000e+00,7.352496276547558275e-15,1.990523099701988485e+00
1.638400000000000000e+04,8.000000000000000444e-01,1.605781614213207718e+02,7.656963416162527645e-05,3.484174072892934999e-04,1.825860408989187639e-02,2.000000000000000000e+00,6.427448608657362881e-15,1.991802854085314323e+00
1.638400000000000000e+04,8.000000000000000444e-01,1.770595599929139041e+02,8.442857741971678931e-05,3.659289952773667177e-04,2.013262810849340487e-02,2.000000000000000000e+00,1.003165302236182733e-14,1.993064114864814940e+00
1.638400000000000000e+04,8.000000000000000444e-01,1.952325740150219531e+02,9.309414578200433401e-05,3.843088800500350506e-04,2.219899793869167109e-02,2.000000000000000000e+00,8.561863572179776510e-15,1.994309810669079752e+00
1.638400000000000000e+04,8.000000000000000444e-01,2.152708272744866917e+02,1.026491295216020068e-04,4.035996687236441502e-04,2.447745554263440482e-02,2.000000000000000000e+00,1.313412439181749029e-14,1.995542839580068062e+00
1.638400000000000000e+04,8.000000000000000444e-01,2.373657639317709140e+02,1.131848163279394694e-04,4.238460143277602448e-04,2.698976915518164210e-02,2.000000000000000000e+00,9.871241474755998590e-15,1.996766074542783542e+00
1.638400000000000000e+04,8.000000000000000444e-01,2.617284775659474008e+02,1.248018634633767132e-04,4.450947094478574940e-04,2.975994125619797065e-02,2.000000000000000000e+00,1.058517337275105791e-14,1.997982369675526115e+00
1.638400000000000000e+04,8.000000000000000444e-01,2.885917279489332259e+02,1.376112594360986833e-04,4.673947836875502293e-04,3.281443788867374062e-02,5.000000000000000000e+00,1.036233374882387211e-14,1.999194565950027425e+00
1.638400000000000000e+04,8.000000000000000444e-01,3.182121648171287802e+02,1.517353843770641233e-04,4.907976050613361684e-04,3.618244151356896782e-02,2.000000000000000000e+00,1.317104327559245006e-14,2.000405498409598692e+00
1.638400000000000000e+04,8.000000000000000444e-01,3.508727798861978044e+02,1.673091792517651579e-04,5.153569853813954205e-04,3.989612981713493850e-02,2.000000000000000000e+00,9.590859570613842537e-15,2.001618001591921825e+00
1.638400000000000000e+04,8.000000000000000444e-01,3.868856105354046804e+02,1.844814350773833658e-04,5.411292898190135170e-04,4.399098313442349750e-02,2.000000000000000000e+00,1.017565040514052011e-14,2.002834915804854177e+00
1.638400000000000000e+04,8.000000000000000444e-01,4.265947209923234027e+02,2.034162144624344839e-04,5.681735506343631344e-04,4.850612342608708050e-02,2.000000000000000000e+00,1.333227931189871079e-14,2.004059093897652133e+00
1.638400000000000000e+04,8.000000000000000444e-01,4.703794894999433041e+02,2.242944190501896401e-04,5.965515852566029070e-04,5.348468804702968121e-02,2.000000000000000000e+00,1.052769478549362144e-14,2.005293407164217001e+00
1.638400000000000000e+04,8.000000000000000444e-01,5.186582328715917356e+02,2.473155178411444357e-04,6.263281187228555459e-04,5.897424187787444344e-02,2.000000000000000000e+00,1.254810857499059653e-14,2.006540751763310482e+00
1.638400000000000000e+04,8.000000000000000444e-01,5.718922030623818955e+02,2.726994529067906835e-04,6.575709106169947945e-04,6.502723175671913658e-02,2.000000000000000000e+00,1.484034424406846265e-14,2.007804055398096921e+00
1.638400000000000000e+04,8.000000000000000444e-01,6.305899939402273731e+02,3.006887407017838350e-04,6.903508864963380908e-04,7.170148755279744102e-02,2.000000000000000000e+00,2.650552966717163138e-14,2.009086283658220395e+00
1.638400000000000000e+04,8.000000000000000444e-01,6.953124003583609465e+02,3.315507890502743466e-04,7.247422739517381468e-04,7.906077466926378361e-02,2.000000000000000000e+00,1.929152926252715521e-14,2.010390446693151034e+00
1.638400000000000000e+04,8.000000000000000444e-01,7.666777759526739828e+02,3.655804519427652277e-04,7.608227432378797438e-04,8.717540325368337839e-02,2.000000000000000000e+00,1.367750144594889793e-14,2.011719605925975429e+00
1.638400000000000000e+04,8.000000000000000444e-01,8.453679408519020626e+02,4.031028465518484414e-04,7.986735526090333638e-04,9.612289993658253151e-02,7.000000000000000000e+00,2.266937187567796901e-14,2.013076880413393610e+00
1.638400000000000000e+04,8.000000000000000444e-01,9.321346957424997299e+02,4.444764593803881311e-04,8.383796982718766172e-04,1.059887485158013815e-01,2.000000000000000000e+00,1.766556337263179858e-14,2.014465454966241964e+00
1.638400000000000000e+04,8.000000000000000444e-01,1.027807004523231626e+03,4.900965712181242113e-04,8.800300689820588504e-04,1.168672066631079032e-01,4.000000000000000000e+00,2.240311322255954667e-14,2.015888586418483897e+00
1.638400000000000000e+04,8.000000000000000444e-01,1.133298914171991100e+03,5.403990336284595014e-04,9.237176052832690417e-04,1.288622064558231917e-01,2.000000000000000000e+00,1.699948435623971295e-14,2.017349610411002914e+00
1.638400000000000000e+04,8.000000000000000444e-01,1.249618287490848161e+03,5.958644330457917027e-04,9.695394632903892897e-04,1.420883473370909422e-01,2.000000000000000000e+00,2.702045575483223023e-14,2.018851949870168028e+00
1.638400000000000000e+04,8.000000000000000444e-01,1.377876432161283674e+03,6.570226822668474550e-04,1.017597182904787529e-03,1.566719909914554010e-01,2.000000000000000000e+00,2.575115044368264122e-14,2.020399122340037934e+00
1.638400000000000000e+04,8.000000000000000444e-01,1.519298718105072112e+03,7.244580832028732834e-04,1.067996860421735038e-03,1.727524685961284168e-01,2.000000000000000000e+00,2.728811785901465687e-14,2.021994746932094245e+00
1.638400000000000000e+04,8.000000000000000444e-01,1.675236284588353101e+03,7.988149092618718628e-04,1.120849325329930464e-03,1.904834119819416582e-01,2.000000000000000000e+00,2.046852607190696596e-14,2.023642553121064225e+00
1.638400000000000000e+04,8.000000000000000444e-01,1.847178948917727212e+03,8.808035606945644434e-04,1.176270321083667126e-03,2.100342214218010040e-01,2.000000000000000000e+00,2.470874433514220880e-14,2.025346389151678750e+00
1.638400000000000000e+04,8.000000000000000444e-01,2.036769440057373458e+03,9.712073517119281093e-04,1.234380689664849951e-03,2.315916840698154511e-01,2.000000000000000000e+00,2.824808190639965080e-14,2.027110229554551779e+00
1.638400000000000000e+04,8.000000000000000444e-01,2.245819093154021630e+03,1.070889994217882933e-03,1.295306559664384906e-03,2.553617585135382617e-01,2.000000000000000000e+00,3.042749375431180746e-14,2.028938184332332639e+00
1.638400000000000000e+04,8.000000000000000444e-01,2.476325154914488849e+03,1.180803849656338143e-03,1.359179537464376680e-03,2.815715424888436957e-01,3.000000000000000000e+00,5.175458874115466295e-14,2.030834508247821191e+00
1.638400000000000000e+04,8.000000000000000444e-01,2.730489865169969562e+03,1.301999027810082227e-03,1.426136901221343803e-03,3.104714425568285141e-01,2.000000000000000000e+00,4.044056940513479112e-14,2.032803609474015616e+00
1.638400000000000000e+04,8.000000000000000444e-01,3.010741496931302208e+03,1.435633419480944733e-03,1.496321797160080676e-03,3.423375664717142608e-01,7.000000000000000000e+00,5.292474231884932468e-14,2.034850059191185778e+00
1.638400000000000000e+04,8.000000000000000444e-01,3.319757555950467122e+03,1.582983758902772485e-03,1.569883437660890384e-03,3.774743610962693063e-01,4.000000000000000000e+00,4.935748301181987150e-14,2.036978601682804424e+00
1.638400000000000000e+04,8.000000000000000444e-01,3.660490361435251089e+03,1.745457821576715035e-03,1.646977300525798247e-03,4.162175210672040548e-01,2.000000000000000000e+00,3.908898712791125241e-14,2.039194164084335625e+00
1.638400000000000000e+04,8.000000000000000444e-01,4.036195252313887067e+03,1.924607874066298994e-03,1.727765328817273136e-03,4.589371959997769479e-01,2.000000000000000000e+00,5.528869514020467643e-14,2.041501867243894708e+00
1.638400000000000000e+04,8.000000000000000444e-01,4.450461688530049287e+03,2.122145504250549930e-03,1.812416130380893218e-03,5.060415268729853144e-01,2.000000000000000000e+00,5.738626192654794924e-14,2.043907023926180955e+00
1.638400000000000000e+04,8.000000000000000444e-01,4.907247544508408282e+03,2.339957973722652570e-03,1.901105177474023047e-03,5.579805453817863192e-01,1.400000000000000000e+01,1.795015681779423447e-10,2.046415211441839688e+00
1.638400000000000000e+04,8.000000000000000444e-01,5.410916922427790269e+03,2.580126248563666472e-03,1.994014997703537524e-03,6.152504735104508127e-01,2.000000000000000000e+00,5.410540008720037913e-14,2.049032172831019238e+00
1.638400000000000000e+04,8.000000000000000444e-01,5.966281846567879256e+03,2.844944880756320599e-03,2.091335378269212984e-03,6.783984644049358970e-01,2.000000000000000000e+00,5.765242111270153971e-14,2.051763890144698621e+00
1.638400000000000000e+04,8.000000000000000444e-01,6.578648237074388817e+03,3.136943930184549721e-03,2.193263544119026728e-03,7.480278298382477820e-01,4.000000000000000000e+00,5.930896160809959400e-14,2.054616658157968345e+00
1.638400000000000000e+04,8.000000000000000444e-01,7.253866602372788293e+03,3.458913136659998080e-03,2.300004346825822426e-03,8.248038042116256907e-01,2.000000000000000000e+00,4.856831074636106472e-14,2.057596986871544686e+00
1.638400000000000000e+04,8.000000000000000444e-01,7.998387934543180563e+03,3.813928572913732797e-03,2.411770439953720736e-03,9.094599001605057076e-01,2.000000000000000000e+00,6.096219549053530887e-14,2.060711675944830290e+00
1.638400000000000000e+04,8.000000000000000444e-01,8.819325341676296375e+03,4.205382033193729580e-03,2.528782446905890151e-03,1.002804916486217390e+00,2.000000000000000000e+00,5.705950230485153554e-14,2.063967816021275326e+00
1.638400000000000000e+04,8.000000000000000444e-01,9.724522006043007423e+03,4.637013438245300018e-03,2.651269118525045182e-03,1.105730665366837284e+00,2.000000000000000000e+00,7.330981566874741088e-14,2.067372803383221935e+00
1.638400000000000000e+04,8.000000000000000444e-01,1.072262611734430175e+04,5.112946566269064783e-03,2.779467478444784100e-03,1.219220492672357770e+00,2.000000000000000000e+00,9.565076634264032285e-14,2.070934354342085726e+00
1.638400000000000000e+04,8.000000000000000444e-01,1.182317349694989207e+04,5.637728451228090319e-03,2.913622954404782028e-03,1.344358672786795106e+00,2.000000000000000000e+00,1.109981749758314609e-13,2.074660520414369103e+00
1.638400000000000000e+04,8.000000000000000444e-01,1.303667870251176464e+04,6.216372824912912674e-03,3.053989493083482040e-03,1.482340767694722006e+00,2.000000000000000000e+00,9.554105126727470413e-14,2.078559704507696893e+00
1.638400000000000000e+04,8.000000000000000444e-01,1.437473548335966370e+04,6.854408017806846477e-03,3.200829656310604909e-03,1.634485049302203397e+00,2.000000000000000000e+00,1.189776171640686871e-13,2.082640676806121860e+00
1.638400000000000000e+04,8.000000000000000444e-01,1.585012754642395339e+04,7.557929776393868156e-03,3.354414696030693158e-03,1.802245094120370483e+00,2.000000000000000000e+00,1.023855820118310897e-13,2.086912591882963852e+00
1.638400000000000000e+04,8.000000000000000444e-01,1.747695069093471102e+04,8.333659501521449575e-03,3.515024605352650659e-03,1.987223670640247075e+00,2.000000000000000000e+00,1.126161912596453645e-13,2.091385006212547637e+00
1.638400000000000000e+04,8.000000000000000444e-01,1.927074747876572292e+04,9.189008464224683245e-03,3.682948142807231876e-03,2.191188052078092863e+00,2.000000000000000000e+00,1.183560530462268048e-13,2.096067896355947369e+00
1.638400000000000000e+04,8.000000000000000444e-01,2.124865572705315935e+04,1.013214861252458542e-02,3.858482826764480546e-03,2.416086900788019687e+00,2.000000000000000000e+00,1.061388702149170924e-13,2.100971677744396970e+00
1.638400000000000000e+04,8.000000000000000444e-01,2.342957224177926400e+04,1.117209064568484497e-02,4.041934896798643657e-03,2.664068885654634400e+00,2.000000000000000000e+00,1.125864246707374695e-13,2.106107223939289952e+00
1.638400000000000000e+04,8.000000000000000444e-01,2.583433335662054742e+04,1.231877010184314128e-02,4.233619238640455584e-03,2.937503210335002723e+00,2.000000000000000000e+00,1.178348982307444683e-13,2.111485887040046805e+00
1.638400000000000000e+04,8.000000000000000444e-01,2.848591400191566208e+04,1.358314228149207215e-02,4.433859269060676581e-03,3.239002248475287171e+00,2.000000000000000000e+00,1.042134939559137768e-13,2.117119518601214168e+00
1.638400000000000000e+04,8.000000000000000444e-01,3.140964720564731761e+04,1.497728691370359307e-02,4.642986777123699581e-03,3.571446502157715308e+00,2.000000000000000000e+00,1.211594027507064218e-13,2.123020491056095693e+00
1.638400000000000000e+04,8.000000000000000444e-01,3.463346612353313685e+04,1.651452356506974070e-02,4.861341717876053667e-03,3.938012122028895057e+00,2.000000000000000000e+00,1.203122511181594226e-13,2.129201720058219394e+00
1.638400000000000000e+04,8.000000000000000444e-01,3.818817091056857316e+04,1.820953889397076281e-02,5.089271954593020328e-03,4.342201252035373216e+00,2.000000000000000000e+00,1.156175290074563390e-13,2.135676687822723352e+00
1.638400000000000000e+04,8.000000000000000444e-01,4.210772298369146301e+04,2.007852696594784880e-02,5.327132945402467297e-03,4.787875488677640234e+00,2.000000000000000000e+00,2.392967312221235806e-13,2.142459467691978148e+00
1.638400000000000000e+04,8.000000000000000444e-01,4.642956948693755839e+04,2.213934397074582977e-02,5.575287370185633834e-03,5.279292774450452974e+00,2.000000000000000000e+00,2.233709178467313541e-13,2.149564748278365300e+00
1.638400000000000000e+04,8.000000000000000444e-01,5.119500105900494964e+04,2.441167881918189508e-02,5.834104693834864241e-03,5.821148077946888932e+00,2.000000000000000000e+00,2.472285961204604719e-13,2.157007859501817393e+00
1.638400000000000000e+04,8.000000000000000444e-01,5.644954632131311519e+04,2.691724124971061477e-02,6.103960661227291959e-03,6.418618249280930499e+00,2.000000000000000000e+00,2.357471795522537664e-13,2.164804799937812163e+00
1.638400000000000000e+04,8.000000000000000444e-01,6.224340685547439352e+04,2.967996924184531857e-02,6.385236720138037607e-03,7.077411479374884351e+00,2.000000000000000000e+00,2.329339794212594427e-13,2.172972264302600820e+00
1.638400000000000000e+04,8.000000000000000444e-01,6.863193682591813558e+04,3.272625771804720668e-02,6.678319367840593324e-03,7.803821835641756799e+00,2.000000000000000000e+00,2.500232491005124089e-13,2.181527672564556042e+00
1.638400000000000000e+04,8.000000000000000444e-01,7.567617182995754411e+04,3.608521071908833699e-02,6.983599417506869411e-03,8.604789395093687787e+00,2.000000000000000000e+00,2.563965876007143358e-13,2.190489199959685607e+00
1.638400000000000000e+04,8.000000000000000444e-01,8.344341202789079398e+04,3.978891946215190600e-02,7.301471180649975364e-03,9.487966549383402892e+00,2.000000000000000000e+00,2.309695049735263140e-13,2.199875808406247302e+00
1.638400000000000000e+04,8.000000000000000444e-01,9.200786512432957534e+04,4.387276893822172896e-02,7.632331562049080032e-03,1.046179111525342620e+01,2.000000000000000000e+00,2.352921807707469285e-13,2.209707279189615292e+00
1.638400000000000000e+04,8.000000000000000444e-01,1.014513553437543742e+05,4.837577597797125539e-02,7.976579064016367862e-03,1.153556694888524525e+01,2.000000000000000000e+00,2.402613507410843080e-13,2.220004246746384524e+00
1.638400000000000000e+04,8.000000000000000444e-01,1.118641051737985690e+05,5.334096201600960208e-02,8.334612697234363918e-03,1.271955283433219641e+01,2.000000000000000000e+00,2.421280164479212835e-13,2.230788234296028349e+00
1.638400000000000000e+04,8.000000000000000444e-01,1.233455973449948651e+05,5.881576411485427147e-02,8.706830795688036764e-03,1.402506049527139886e+01,2.000000000000000000e+00,2.638069834589260874e-13,2.242081690883338752e+00
1.638400000000000000e+04,8.000000000000000444e-01,1.360055252822697221e+05,6.485248817552076439e-02,9.093629734097932391e-03,1.546456266647119904e+01,2.000000000000000000e+00,2.567166781346851839e-13,2.253908030128513929e+00
1.638400000000000000e+04,8.000000000000000444e-01,1.499648411087514251e+05,7.150880866468020680e-02,9.495402546507011529e-03,1.705181225748345497e+01,2.000000000000000000e+00,2.456195385763909390e-13,2.266291671185456380e+00
1.638400000000000000e+04,8.000000000000000444e-01,1.653569112144363753e+05,7.884831963273829236e-02,9.912537445657038093e-03,1.880197374704106750e+01,2.000000000000000000e+00,2.628234216576335465e-13,2.279258082080190206e+00
1.638400000000000000e+04,8.000000000000000444e-01,1.823287904299539805e+05,8.694114228723238968e-02,1.034541624328897194e-02,2.073176806349570711e+01,2.000000000000000000e+00,4.531742064707346725e-13,2.292833826819361320e+00
1.638400000000000000e+04,8.000000000000000444e-01,2.010426269787983620e+05,9.586459492626112078e-02,1.079441267219375875e-02,2.285963233547342099e+01,2.000000000000000000e+00,5.199307636508583682e-13,2.307046618725109965e+00
1.638400000000000000e+04,8.000000000000000444e-01,2.216772116308406694e+05,1.057039316324427936e-01,1.125989061094225148e-02,2.520589603899453834e+01,2.000000000000000000e+00,5.333374167413589459e-13,2.321925385035484624e+00
1.638400000000000000e+04,8.000000000000000444e-01,2.444296858576515806e+05,1.165531567848451522e-01,1.174220221175704439e-02,2.779297522395804521e+01,2.000000000000000000e+00,5.007983484462495680e-13,2.337500352894124944e+00
1.638400000000000000e+04,8.000000000000000444e-01,2.695174253092143335e+05,1.285159231706687610e-01,1.224168592951193658e-02,3.064558667561479410e+01,2.000000000000000000e+00,5.282868670350624096e-13,2.353803176610568926e+00
1.638400000000000000e+04,8.000000000000000444e-01,2.971801166066683945e+05,1.417065222771970723e-01,1.275866444409571275e-02,3.379098405711731345e+01,2.000000000000000000e+00,4.985482949065737428e-13,2.370867139998239281e+00
1.638400000000000000e+04,8.000000000000000444e-01,3.276820472925973008e+05,1.562509762251841072e-01,1.329344245750150623e-02,3.725921828923348045e+01,2.000000000000000000e+00,5.115145883935477517e-13,2.388727491389857960e+00
1.638400000000000000e+04,8.000000000000000444e-01,3.613146308169196709e+05,1.722882417759512286e-01,1.384630432655267751e-02,4.108342465487746153e+01,2.000000000000000000e+00,5.324610763878710863e-13,2.407422001150450797e+00
1.638400000000000000e+04,8.000000000000000444e-01,3.983991906819263822e+05,1.899715379151946937e-01,1.441751145980341153e-02,4.530013937143510816e+01,2.000000000000000000e+00,5.659940929807764907e-13,2.426991872762641833e+00
1.638400000000000000e+04,8.000000000000000444e-01,4.392900303459857241e+05,2.094698096971443768e-01,1.500729935720544923e-02,4.994964865539291310e+01,2.000000000000000000e+00,5.533646179530143246e-13,2.447483187403918237e+00
1.638400000000000000e+04,8.000000000000000444e-01,4.843778182156140101e+05,2.309693423345632601e-01,1.561587410136801475e-02,5.507637361421578248e+01,2.000000000000000000e+00,5.204658522364197375e-13,2.468949110417554493e+00
1.638400000000000000e+04,8.000000000000000444e-01,5.340933200658543501e+05,2.546755409554740668e-01,1.624340801798614120e-02,6.072929464269942912e+01,2.000000000000000000e+00,5.507475408377387416e-13,2.491453125486543740e+00
1.638400000000000000e+04,8.000000000000000444e-01,5.889115145483204396e+05,2.808148930303194235e-01,1.689003411524182818e-02,6.696241937845910286e+01,2.000000000000000000e+00,5.581925022132800531e-13,2.515073577600418275e+00
1.638400000000000000e+04,8.000000000000000444e-01,6.493561311061404413e+05,3.096371322184278685e-01,1.755583879563909350e-02,7.383529868736381729e+01,2.000000000000000000e+00,6.014774009119641933e-13,2.539909782170582275e+00
1.638400000000000000e+04,8.000000000000000444e-01,7.160046536507915007e+05,3.414176243070561889e-01,1.824085222905394085e-02,8.141359560861279476e+01,2.000000000000000000e+00,6.012871384029217801e-13,2.552578911469630896e+00
